order_id,order_date,ship_date,customer_id,product_id,quantity,unit_price,discount_pct,total_price,cost,profit,marketing_channel,payment_method
ORD-202139,2023-06-01,2023-06-07,CUST-3247,SKU-1019,5,23.78,10,107.01,55.0,52.01,Organic Search,Bank Transfer
ORD-202139,2023-06-01,2023-06-07,CUST-3247,SKU-1019,5,24.35,0,121.75,55.0,66.75,Organic Search,Bank Transfer
ORD-202139,2023-06-01,2023-06-07,CUST-3247,SKU-1008,1,131.72,0,131.72,74.0,57.72,Organic Search,Bank Transfer
ORD-200796,2023-06-02,2023-06-06,CUST-3089,SKU-1015,3,9.54,0,28.62,9.6,19.02,Paid Search,PayPal
ORD-201584,2023-06-02,2023-06-03,CUST-3189,SKU-1019,2,24.62,15,41.85,22.0,19.85,Referral,Credit Card
ORD-201962,2023-06-02,2023-06-05,CUST-3236,SKU-1009,1,34.05,0,34.05,15.0,19.05,Email,PayPal
ORD-202044,2023-06-03,2023-06-07,CUST-3241,SKU-1019,4,24.53,0,98.12,44.0,54.12,Social,Apple Pay
ORD-202090,2023-06-04,2023-06-05,CUST-3244,SKU-1004,1,33.14,15,28.17,17.5,10.67,Social,Apple Pay
ORD-200758,2023-06-05,2023-06-08,CUST-3088,SKU-1001,5,14.69,0,73.45,41.0,32.45,Organic Search,Cash on Delivery
ORD-200739,2023-06-07,2023-06-10,CUST-3082,SKU-1018,2,27.2,0,54.4,27.0,27.4,Referral,Cash on Delivery
ORD-200739,2023-06-07,2023-06-10,CUST-3082,SKU-1015,2,9.44,20,15.1,6.4,8.7,Referral,Cash on Delivery
ORD-200896,2023-06-07,2023-06-10,CUST-3103,SKU-1013,2,7.82,0,15.64,4.8,10.84,Paid Search,PayPal
ORD-200896,2023-06-07,2023-06-10,CUST-3103,SKU-1005,2,15.78,10,28.4,18.2,10.2,Paid Search,PayPal
ORD-200896,2023-06-07,2023-06-10,CUST-3103,SKU-1016,2,8.52,10,15.34,6.0,9.34,Paid Search,PayPal
ORD-201198,2023-06-07,2023-06-13,CUST-3138,SKU-1019,3,25.27,5,72.02,33.0,39.02,Referral,Cash on Delivery
ORD-201198,2023-06-07,2023-06-13,CUST-3138,SKU-1013,3,7.75,0,23.25,7.2,16.05,Referral,Cash on Delivery
ORD-201198,2023-06-07,2023-06-13,CUST-3138,SKU-1011,1,29.2,10,26.28,12.0,14.28,Referral,Cash on Delivery
ORD-201467,2023-06-07,2023-06-11,CUST-3172,SKU-1020,5,82.03,15,348.63,220.0,128.63,Referral,Apple Pay
ORD-202374,2023-06-07,2023-06-13,CUST-3289,SKU-1020,4,78.92,0,315.68,176.0,139.68,Direct,Cash on Delivery
ORD-202944,2023-06-07,2023-06-08,CUST-3349,SKU-1007,1,441.12,0,441.12,280.0,161.12,Email,Cash on Delivery
ORD-202944,2023-06-07,2023-06-08,CUST-3349,SKU-1009,1,33.71,0,33.71,15.0,18.71,Email,Cash on Delivery
ORD-200116,2023-06-08,2023-06-11,CUST-3013,SKU-1008,1,128.06,0,128.06,74.0,54.06,Organic Search,PayPal
ORD-200116,2023-06-08,2023-06-11,CUST-3013,SKU-1005,2,14.86,5,28.23,18.2,10.03,Organic Search,PayPal
ORD-201261,2023-06-08,2023-06-11,CUST-3143,SKU-1020,4,81.54,5,309.85,176.0,133.85,Social,PayPal
ORD-201261,2023-06-08,2023-06-11,CUST-3143,SKU-1011,1,29.09,10,26.18,12.0,14.18,Social,PayPal
ORD-201261,2023-06-08,2023-06-11,CUST-3143,SKU-1020,4,80.18,0,320.72,176.0,144.72,Social,PayPal
ORD-202799,2023-06-08,2023-06-10,CUST-3330,SKU-1020,3,82.61,0,247.83,132.0,115.83,Direct,Cash on Delivery
ORD-201843,2023-06-09,2023-06-10,CUST-3220,SKU-1020,4,81.63,10,293.87,176.0,117.87,Referral,Cash on Delivery
ORD-201843,2023-06-09,2023-06-10,CUST-3220,SKU-1019,3,23.73,10,64.07,33.0,31.07,Referral,Cash on Delivery
ORD-201843,2023-06-09,2023-06-10,CUST-3220,SKU-1005,5,14.96,15,63.58,45.5,18.08,Referral,Cash on Delivery
ORD-200993,2023-06-10,2023-06-16,CUST-3115,SKU-1009,1,33.38,15,28.37,15.0,13.37,Paid Search,Credit Card
ORD-200993,2023-06-10,2023-06-16,CUST-3115,SKU-1019,2,24.51,5,46.57,22.0,24.57,Paid Search,Credit Card
ORD-200993,2023-06-10,2023-06-16,CUST-3115,SKU-1005,2,15.78,20,25.25,18.2,7.05,Paid Search,Credit Card
ORD-202557,2023-06-10,2023-06-17,CUST-3311,SKU-1020,3,80.97,0,242.91,132.0,110.91,Paid Search,Bank Transfer
ORD-202557,2023-06-10,2023-06-17,CUST-3311,SKU-1011,1,28.75,5,27.31,12.0,15.31,Paid Search,Bank Transfer
ORD-202557,2023-06-10,2023-06-17,CUST-3311,SKU-1020,4,83.12,0,332.48,176.0,156.48,Paid Search,Bank Transfer
ORD-200960,2023-06-11,2023-06-17,CUST-3113,SKU-1017,4,39.38,0,157.52,84.0,73.52,Email,Credit Card
ORD-201262,2023-06-11,2023-06-18,CUST-3143,SKU-1019,5,23.95,5,113.76,55.0,58.76,Paid Search,Apple Pay
ORD-202719,2023-06-12,2023-06-19,CUST-3321,SKU-1014,5,12.66,5,60.13,20.5,39.63,Social,PayPal
ORD-202719,2023-06-12,2023-06-19,CUST-3321,SKU-1019,5,25.09,0,125.45,55.0,70.45,Social,PayPal
ORD-200301,2023-06-13,2023-06-14,CUST-3041,SKU-1020,4,80.57,0,322.28,176.0,146.28,Direct,Cash on Delivery
ORD-200301,2023-06-13,2023-06-14,CUST-3041,SKU-1019,4,23.96,0,95.84,44.0,51.84,Direct,Cash on Delivery
ORD-200301,2023-06-13,2023-06-14,CUST-3041,SKU-1019,4,24.61,0,98.44,44.0,54.44,Direct,Cash on Delivery
ORD-202045,2023-06-13,2023-06-19,CUST-3241,SKU-1001,3,14.85,20,35.64,24.6,11.04,Referral,Apple Pay
ORD-202091,2023-06-13,2023-06-17,CUST-3244,SKU-1004,2,31.91,5,60.63,35.0,25.63,Organic Search,Apple Pay
ORD-202375,2023-06-13,2023-06-19,CUST-3289,SKU-1020,4,78.24,5,297.31,176.0,121.31,Email,Cash on Delivery
ORD-202480,2023-06-13,2023-06-14,CUST-3302,SKU-1010,1,41.18,10,37.06,19.5,17.56,Referral,Cash on Delivery
ORD-202480,2023-06-13,2023-06-14,CUST-3302,SKU-1008,1,128.09,10,115.28,74.0,41.28,Referral,Cash on Delivery
ORD-202558,2023-06-13,2023-06-17,CUST-3311,SKU-1010,1,43.49,0,43.49,19.5,23.99,Paid Search,Credit Card
ORD-201263,2023-06-15,2023-06-20,CUST-3143,SKU-1019,3,24.74,10,66.8,33.0,33.8,Paid Search,Cash on Delivery
ORD-201263,2023-06-15,2023-06-20,CUST-3143,SKU-1020,5,80.93,5,384.42,220.0,164.42,Paid Search,Cash on Delivery
ORD-201263,2023-06-15,2023-06-20,CUST-3143,SKU-1010,1,43.61,10,39.25,19.5,19.75,Paid Search,Cash on Delivery
ORD-202559,2023-06-15,2023-06-17,CUST-3311,SKU-1019,3,25.43,0,76.29,33.0,43.29,Paid Search,Cash on Delivery
ORD-201566,2023-06-17,2023-06-24,CUST-3186,SKU-1018,2,27.09,0,54.18,27.0,27.18,Organic Search,Cash on Delivery
ORD-200049,2023-06-18,2023-06-23,CUST-3007,SKU-1019,4,25.12,15,85.41,44.0,41.41,Paid Search,Credit Card
ORD-200530,2023-06-18,2023-06-19,CUST-3061,SKU-1019,3,24.77,0,74.31,33.0,41.31,Paid Search,Credit Card
ORD-200530,2023-06-18,2023-06-19,CUST-3061,SKU-1020,3,83.19,0,249.57,132.0,117.57,Paid Search,Credit Card
ORD-200530,2023-06-18,2023-06-19,CUST-3061,SKU-1003,5,11.33,20,45.32,31.5,13.82,Paid Search,Credit Card
ORD-200302,2023-06-19,2023-06-22,CUST-3041,SKU-1020,5,83.25,10,374.62,220.0,154.62,Direct,Credit Card
ORD-200302,2023-06-19,2023-06-22,CUST-3041,SKU-1015,3,9.26,10,25.0,9.6,15.4,Direct,Credit Card
ORD-201120,2023-06-19,2023-06-23,CUST-3124,SKU-1019,3,25.15,0,75.45,33.0,42.45,Social,Cash on Delivery
ORD-201120,2023-06-19,2023-06-23,CUST-3124,SKU-1006,3,9.87,5,28.13,14.4,13.73,Social,Cash on Delivery
ORD-201764,2023-06-19,2023-06-26,CUST-3216,SKU-1009,1,35.15,0,35.15,15.0,20.15,Organic Search,Credit Card
ORD-200759,2023-06-20,2023-06-23,CUST-3088,SKU-1019,4,24.06,10,86.62,44.0,42.62,Email,Credit Card
ORD-201264,2023-06-20,2023-06-25,CUST-3143,SKU-1019,5,24.84,15,105.57,55.0,50.57,Paid Search,PayPal
ORD-202654,2023-06-20,2023-06-21,CUST-3318,SKU-1005,3,15.55,5,44.32,27.3,17.02,Paid Search,Cash on Delivery
ORD-202654,2023-06-20,2023-06-21,CUST-3318,SKU-1019,3,24.07,0,72.21,33.0,39.21,Paid Search,Cash on Delivery
ORD-202655,2023-06-20,2023-06-21,CUST-3318,SKU-1019,4,23.93,0,95.72,44.0,51.72,Paid Search,PayPal
ORD-202841,2023-06-20,2023-06-25,CUST-3334,SKU-1020,5,80.3,0,401.5,220.0,181.5,Direct,Credit Card
ORD-202841,2023-06-20,2023-06-25,CUST-3334,SKU-1017,5,40.86,10,183.87,105.0,78.87,Direct,Credit Card
ORD-202140,2023-06-22,2023-06-23,CUST-3247,SKU-1016,4,8.52,0,34.08,12.0,22.08,Organic Search,Cash on Delivery
ORD-202140,2023-06-22,2023-06-23,CUST-3247,SKU-1020,5,81.86,0,409.3,220.0,189.3,Organic Search,Cash on Delivery
ORD-200833,2023-06-23,2023-06-29,CUST-3092,SKU-1005,1,14.98,0,14.98,9.1,5.88,Social,Cash on Delivery
ORD-202894,2023-06-23,2023-06-30,CUST-3336,SKU-1020,1,79.07,0,79.07,44.0,35.07,Direct,PayPal
ORD-202945,2023-06-23,2023-06-25,CUST-3349,SKU-1019,4,24.96,0,99.84,44.0,55.84,Direct,Bank Transfer
ORD-202946,2023-06-24,2023-06-29,CUST-3349,SKU-1004,3,33.07,5,94.25,52.5,41.75,Referral,Cash on Delivery
ORD-202946,2023-06-24,2023-06-29,CUST-3349,SKU-1020,4,82.44,10,296.78,176.0,120.78,Referral,Cash on Delivery
ORD-200157,2023-06-27,2023-06-29,CUST-3019,SKU-1015,3,9.19,0,27.57,9.6,17.97,Email,PayPal
ORD-201052,2023-06-27,2023-06-28,CUST-3121,SKU-1014,3,12.21,0,36.63,12.3,24.33,Paid Search,Cash on Delivery
ORD-200797,2023-06-29,2023-07-04,CUST-3089,SKU-1019,5,24.09,10,108.41,55.0,53.41,Direct,Apple Pay
ORD-201199,2023-06-29,2023-07-05,CUST-3138,SKU-1002,5,12.79,0,63.95,37.0,26.95,Email,Bank Transfer
ORD-201265,2023-06-29,2023-07-02,CUST-3143,SKU-1005,3,15.38,20,36.91,27.3,9.61,Social,Cash on Delivery
ORD-201265,2023-06-29,2023-07-02,CUST-3143,SKU-1019,4,25.32,10,91.15,44.0,47.15,Social,Cash on Delivery
ORD-201265,2023-06-29,2023-07-02,CUST-3143,SKU-1020,4,82.11,0,328.44,176.0,152.44,Social,Cash on Delivery
ORD-202015,2023-06-29,2023-07-04,CUST-3240,SKU-1020,4,78.07,15,265.44,176.0,89.44,Direct,Cash on Delivery
ORD-200415,2023-06-30,2023-07-07,CUST-3053,SKU-1020,3,80.28,5,228.8,132.0,96.8,Direct,Cash on Delivery
ORD-200415,2023-06-30,2023-07-07,CUST-3053,SKU-1013,5,7.45,20,29.8,12.0,17.8,Direct,Cash on Delivery
ORD-200415,2023-06-30,2023-07-07,CUST-3053,SKU-1020,4,77.77,0,311.08,176.0,135.08,Direct,Cash on Delivery
ORD-202622,2023-06-30,2023-07-03,CUST-3317,SKU-1018,3,27.88,0,83.64,40.5,43.14,Referral,Cash on Delivery
ORD-201927,2023-07-01,2023-07-07,CUST-3226,SKU-1020,3,79.99,0,239.97,132.0,107.97,Social,Apple Pay
ORD-202947,2023-07-01,2023-07-02,CUST-3349,SKU-1020,3,83.27,15,212.34,132.0,80.34,Direct,Credit Card
ORD-201309,2023-07-02,2023-07-08,CUST-3145,SKU-1010,1,43.43,5,41.26,19.5,21.76,Referral,PayPal
ORD-201309,2023-07-02,2023-07-08,CUST-3145,SKU-1012,3,17.69,0,53.07,19.5,33.57,Referral,PayPal
ORD-200097,2023-07-03,2023-07-08,CUST-3009,SKU-1018,2,27.06,10,48.71,27.0,21.71,Organic Search,PayPal
ORD-200303,2023-07-03,2023-07-07,CUST-3041,SKU-1016,3,8.8,20,21.12,9.0,12.12,Paid Search,Cash on Delivery
ORD-200303,2023-07-03,2023-07-07,CUST-3041,SKU-1019,3,25.43,15,64.85,33.0,31.85,Paid Search,Cash on Delivery
ORD-200712,2023-07-04,2023-07-07,CUST-3076,SKU-1001,3,14.33,0,42.99,24.6,18.39,Direct,Apple Pay
ORD-200409,2023-07-05,2023-07-10,CUST-3052,SKU-1017,2,38.63,0,77.26,42.0,35.26,Direct,Apple Pay
ORD-200409,2023-07-05,2023-07-10,CUST-3052,SKU-1009,1,34.16,5,32.45,15.0,17.45,Direct,Apple Pay
ORD-200050,2023-07-06,2023-07-07,CUST-3007,SKU-1019,5,24.79,0,123.95,55.0,68.95,Paid Search,Cash on Delivery
ORD-200050,2023-07-06,2023-07-07,CUST-3007,SKU-1003,4,11.62,0,46.48,25.2,21.28,Paid Search,Cash on Delivery
ORD-200050,2023-07-06,2023-07-07,CUST-3007,SKU-1019,4,23.8,0,95.2,44.0,51.2,Paid Search,Cash on Delivery
ORD-201166,2023-07-07,2023-07-10,CUST-3133,SKU-1016,2,8.94,0,17.88,6.0,11.88,Email,Apple Pay
ORD-201166,2023-07-07,2023-07-10,CUST-3133,SKU-1018,2,27.42,5,52.1,27.0,25.1,Email,Apple Pay
ORD-201239,2023-07-07,2023-07-12,CUST-3140,SKU-1018,2,28.07,0,56.14,27.0,29.14,Email,PayPal
ORD-200760,2023-07-09,2023-07-11,CUST-3088,SKU-1010,1,43.25,0,43.25,19.5,23.75,Referral,Cash on Delivery
ORD-201654,2023-07-09,2023-07-12,CUST-3199,SKU-1019,3,25.17,5,71.73,33.0,38.73,Direct,Bank Transfer
ORD-202306,2023-07-09,2023-07-11,CUST-3279,SKU-1017,2,40.01,20,64.02,42.0,22.02,Social,Credit Card
ORD-202306,2023-07-09,2023-07-11,CUST-3279,SKU-1006,4,9.92,0,39.68,19.2,20.48,Social,Credit Card
ORD-202306,2023-07-09,2023-07-11,CUST-3279,SKU-1019,4,24.18,0,96.72,44.0,52.72,Social,Credit Card
ORD-201266,2023-07-10,2023-07-17,CUST-3143,SKU-1019,5,25.39,0,126.95,55.0,71.95,Referral,Bank Transfer
ORD-201266,2023-07-10,2023-07-17,CUST-3143,SKU-1019,5,23.71,0,118.55,55.0,63.55,Referral,Bank Transfer
ORD-201315,2023-07-10,2023-07-15,CUST-3147,SKU-1003,1,11.56,0,11.56,6.3,5.26,Organic Search,Bank Transfer
ORD-201315,2023-07-10,2023-07-15,CUST-3147,SKU-1019,2,24.24,15,41.21,22.0,19.21,Organic Search,Bank Transfer
ORD-201315,2023-07-10,2023-07-15,CUST-3147,SKU-1004,1,31.77,0,31.77,17.5,14.27,Organic Search,Bank Transfer
ORD-201010,2023-07-12,2023-07-13,CUST-3118,SKU-1020,4,82.09,20,262.69,176.0,86.69,Email,Bank Transfer
ORD-202046,2023-07-12,2023-07-18,CUST-3241,SKU-1004,5,32.03,0,160.15,87.5,72.65,Social,Bank Transfer
ORD-202046,2023-07-12,2023-07-18,CUST-3241,SKU-1020,4,79.3,15,269.62,176.0,93.62,Social,Bank Transfer
ORD-202046,2023-07-12,2023-07-18,CUST-3241,SKU-1012,4,18.3,10,65.88,26.0,39.88,Social,Bank Transfer
ORD-202203,2023-07-12,2023-07-17,CUST-3259,SKU-1018,3,28.01,15,71.43,40.5,30.93,Paid Search,Credit Card
ORD-202307,2023-07-12,2023-07-15,CUST-3279,SKU-1004,3,32.74,0,98.22,52.5,45.72,Email,Bank Transfer
ORD-200761,2023-07-13,2023-07-15,CUST-3088,SKU-1019,4,23.92,0,95.68,44.0,51.68,Referral,Bank Transfer
ORD-201011,2023-07-13,2023-07-20,CUST-3118,SKU-1019,3,24.84,0,74.52,33.0,41.52,Organic Search,Apple Pay
ORD-201011,2023-07-13,2023-07-20,CUST-3118,SKU-1013,5,7.79,15,33.11,12.0,21.11,Organic Search,Apple Pay
ORD-201011,2023-07-13,2023-07-20,CUST-3118,SKU-1020,5,77.9,0,389.5,220.0,169.5,Organic Search,Apple Pay
ORD-201431,2023-07-13,2023-07-17,CUST-3169,SKU-1007,1,475.82,15,404.45,280.0,124.45,Organic Search,PayPal
ORD-201431,2023-07-13,2023-07-17,CUST-3169,SKU-1020,4,77.5,0,310.0,176.0,134.0,Organic Search,PayPal
ORD-201431,2023-07-13,2023-07-17,CUST-3169,SKU-1004,3,32.42,15,82.67,52.5,30.17,Organic Search,PayPal
ORD-200117,2023-07-14,2023-07-15,CUST-3013,SKU-1017,1,41.07,20,32.86,21.0,11.86,Paid Search,PayPal
ORD-201928,2023-07-14,2023-07-18,CUST-3226,SKU-1016,1,8.46,0,8.46,3.0,5.46,Social,PayPal
ORD-202141,2023-07-14,2023-07-18,CUST-3247,SKU-1019,3,24.11,10,65.1,33.0,32.1,Referral,Cash on Delivery
ORD-202141,2023-07-14,2023-07-18,CUST-3247,SKU-1020,5,83.35,0,416.75,220.0,196.75,Referral,Cash on Delivery
ORD-202308,2023-07-14,2023-07-19,CUST-3279,SKU-1008,1,129.03,0,129.03,74.0,55.03,Email,Credit Card
ORD-202308,2023-07-14,2023-07-19,CUST-3279,SKU-1001,4,14.91,0,59.64,32.8,26.84,Email,Credit Card
ORD-202308,2023-07-14,2023-07-19,CUST-3279,SKU-1013,3,7.79,20,18.7,7.2,11.5,Email,Credit Card
ORD-200568,2023-07-15,2023-07-18,CUST-3062,SKU-1011,1,29.0,5,27.55,12.0,15.55,Organic Search,Cash on Delivery
ORD-200866,2023-07-15,2023-07-20,CUST-3099,SKU-1020,2,80.4,0,160.8,88.0,72.8,Organic Search,Cash on Delivery
ORD-200866,2023-07-15,2023-07-20,CUST-3099,SKU-1013,4,7.64,10,27.5,9.6,17.9,Organic Search,Cash on Delivery
ORD-200866,2023-07-15,2023-07-20,CUST-3099,SKU-1001,4,14.58,0,58.32,32.8,25.52,Organic Search,Cash on Delivery
ORD-200259,2023-07-16,2023-07-18,CUST-3036,SKU-1004,2,32.09,0,64.18,35.0,29.18,Direct,Apple Pay
ORD-200259,2023-07-16,2023-07-18,CUST-3036,SKU-1020,3,79.02,20,189.65,132.0,57.65,Direct,Apple Pay
ORD-201963,2023-07-16,2023-07-23,CUST-3236,SKU-1020,3,80.52,0,241.56,132.0,109.56,Social,PayPal
ORD-202455,2023-07-16,2023-07-23,CUST-3301,SKU-1015,5,9.04,0,45.2,16.0,29.2,Social,Bank Transfer
ORD-202455,2023-07-16,2023-07-23,CUST-3301,SKU-1020,5,80.41,15,341.74,220.0,121.74,Social,Bank Transfer
ORD-202455,2023-07-16,2023-07-23,CUST-3301,SKU-1019,4,25.39,20,81.25,44.0,37.25,Social,Bank Transfer
ORD-200660,2023-07-18,2023-07-23,CUST-3072,SKU-1019,3,24.04,0,72.12,33.0,39.12,Referral,Apple Pay
ORD-200867,2023-07-18,2023-07-25,CUST-3099,SKU-1013,4,7.66,15,26.04,9.6,16.44,Paid Search,Credit Card
ORD-200867,2023-07-18,2023-07-25,CUST-3099,SKU-1019,3,25.37,10,68.5,33.0,35.5,Paid Search,Credit Card
ORD-200901,2023-07-18,2023-07-25,CUST-3106,SKU-1003,5,11.9,0,59.5,31.5,28.0,Social,PayPal
ORD-200901,2023-07-18,2023-07-25,CUST-3106,SKU-1020,4,82.04,15,278.94,176.0,102.94,Social,PayPal
ORD-200901,2023-07-18,2023-07-25,CUST-3106,SKU-1016,5,8.92,0,44.6,15.0,29.6,Social,PayPal
ORD-201053,2023-07-18,2023-07-24,CUST-3121,SKU-1020,5,81.1,0,405.5,220.0,185.5,Paid Search,Credit Card
ORD-201691,2023-07-18,2023-07-21,CUST-3207,SKU-1014,4,12.55,0,50.2,16.4,33.8,Referral,Cash on Delivery
ORD-202783,2023-07-18,2023-07-24,CUST-3328,SKU-1008,1,134.28,15,114.14,74.0,40.14,Referral,Bank Transfer
ORD-202895,2023-07-18,2023-07-22,CUST-3336,SKU-1018,3,28.01,0,84.03,40.5,43.53,Organic Search,Bank Transfer
ORD-201097,2023-07-19,2023-07-23,CUST-3122,SKU-1004,2,33.09,0,66.18,35.0,31.18,Organic Search,Bank Transfer
ORD-201097,2023-07-19,2023-07-23,CUST-3122,SKU-1004,4,31.54,5,119.85,70.0,49.85,Organic Search,Bank Transfer
ORD-201192,2023-07-19,2023-07-21,CUST-3136,SKU-1005,3,14.87,20,35.69,27.3,8.39,Email,Apple Pay
ORD-201192,2023-07-19,2023-07-21,CUST-3136,SKU-1011,1,27.74,10,24.97,12.0,12.97,Email,Apple Pay
ORD-201200,2023-07-19,2023-07-26,CUST-3138,SKU-1011,1,29.61,10,26.65,12.0,14.65,Social,Apple Pay
ORD-201200,2023-07-19,2023-07-26,CUST-3138,SKU-1003,4,11.41,0,45.64,25.2,20.44,Social,Apple Pay
ORD-201267,2023-07-19,2023-07-25,CUST-3143,SKU-1020,3,79.22,5,225.78,132.0,93.78,Social,Cash on Delivery
ORD-201267,2023-07-19,2023-07-25,CUST-3143,SKU-1020,4,81.81,0,327.24,176.0,151.24,Social,Cash on Delivery
ORD-202485,2023-07-19,2023-07-22,CUST-3304,SKU-1019,4,25.09,0,100.36,44.0,56.36,Paid Search,Apple Pay
ORD-202485,2023-07-19,2023-07-22,CUST-3304,SKU-1009,1,35.25,0,35.25,15.0,20.25,Paid Search,Apple Pay
ORD-202485,2023-07-19,2023-07-22,CUST-3304,SKU-1020,4,81.08,0,324.32,176.0,148.32,Paid Search,Apple Pay
ORD-202623,2023-07-19,2023-07-21,CUST-3317,SKU-1003,4,11.83,0,47.32,25.2,22.12,Social,PayPal
ORD-202656,2023-07-19,2023-07-24,CUST-3318,SKU-1014,3,12.66,0,37.98,12.3,25.68,Social,Apple Pay
ORD-202656,2023-07-19,2023-07-24,CUST-3318,SKU-1019,3,25.41,10,68.61,33.0,35.61,Social,Apple Pay
ORD-202656,2023-07-19,2023-07-24,CUST-3318,SKU-1019,3,24.11,10,65.1,33.0,32.1,Social,Apple Pay
ORD-201643,2023-07-21,2023-07-27,CUST-3194,SKU-1009,1,34.79,10,31.31,15.0,16.31,Social,Cash on Delivery
ORD-201643,2023-07-21,2023-07-27,CUST-3194,SKU-1012,3,18.42,5,52.5,19.5,33.0,Social,Cash on Delivery
ORD-201643,2023-07-21,2023-07-27,CUST-3194,SKU-1010,1,42.14,15,35.82,19.5,16.32,Social,Cash on Delivery
ORD-201649,2023-07-21,2023-07-25,CUST-3196,SKU-1008,1,133.89,5,127.2,74.0,53.2,Social,Credit Card
ORD-201649,2023-07-21,2023-07-25,CUST-3196,SKU-1001,2,14.64,0,29.28,16.4,12.88,Social,Credit Card
ORD-201948,2023-07-21,2023-07-28,CUST-3231,SKU-1004,1,32.08,0,32.08,17.5,14.58,Paid Search,Apple Pay
ORD-202621,2023-07-21,2023-07-22,CUST-3316,SKU-1008,1,130.84,0,130.84,74.0,56.84,Organic Search,PayPal
ORD-201268,2023-07-22,2023-07-28,CUST-3143,SKU-1008,1,133.26,10,119.93,74.0,45.93,Referral,PayPal
ORD-201268,2023-07-22,2023-07-28,CUST-3143,SKU-1007,1,462.74,0,462.74,280.0,182.74,Referral,PayPal
ORD-201268,2023-07-22,2023-07-28,CUST-3143,SKU-1019,3,24.24,0,72.72,33.0,39.72,Referral,PayPal
ORD-202842,2023-07-22,2023-07-27,CUST-3334,SKU-1020,3,83.42,10,225.23,132.0,93.23,Social,Credit Card
ORD-202842,2023-07-22,2023-07-27,CUST-3334,SKU-1019,4,24.16,15,82.14,44.0,38.14,Social,Credit Card
ORD-200629,2023-07-23,2023-07-30,CUST-3070,SKU-1019,3,23.59,10,63.69,33.0,30.69,Paid Search,Apple Pay
ORD-200629,2023-07-23,2023-07-30,CUST-3070,SKU-1013,5,7.71,20,30.84,12.0,18.84,Paid Search,Apple Pay
ORD-200629,2023-07-23,2023-07-30,CUST-3070,SKU-1019,3,24.98,0,74.94,33.0,41.94,Paid Search,Apple Pay
ORD-202225,2023-07-24,2023-07-27,CUST-3261,SKU-1014,2,12.4,20,19.84,8.2,11.64,Referral,Credit Card
ORD-202225,2023-07-24,2023-07-27,CUST-3261,SKU-1012,2,17.89,5,33.99,13.0,20.99,Referral,Credit Card
ORD-202338,2023-07-25,2023-07-30,CUST-3285,SKU-1016,3,8.38,0,25.14,9.0,16.14,Social,PayPal
ORD-202338,2023-07-25,2023-07-30,CUST-3285,SKU-1009,1,34.3,10,30.87,15.0,15.87,Social,PayPal
ORD-202486,2023-07-25,2023-07-26,CUST-3304,SKU-1020,5,80.15,0,400.75,220.0,180.75,Organic Search,PayPal
ORD-202896,2023-07-26,2023-07-27,CUST-3336,SKU-1003,3,11.8,5,33.63,18.9,14.73,Organic Search,Cash on Delivery
ORD-202560,2023-07-27,2023-07-28,CUST-3311,SKU-1011,1,29.45,0,29.45,12.0,17.45,Direct,PayPal
ORD-200600,2023-07-28,2023-08-02,CUST-3067,SKU-1011,1,27.88,10,25.09,12.0,13.09,Social,Credit Card
ORD-200882,2023-07-28,2023-07-30,CUST-3100,SKU-1009,1,34.37,5,32.65,15.0,17.65,Referral,Cash on Delivery
ORD-200882,2023-07-28,2023-07-30,CUST-3100,SKU-1009,1,34.77,0,34.77,15.0,19.77,Referral,Cash on Delivery
ORD-201432,2023-07-28,2023-08-02,CUST-3169,SKU-1003,4,11.69,10,42.08,25.2,16.88,Direct,Bank Transfer
ORD-201432,2023-07-28,2023-08-02,CUST-3169,SKU-1019,2,23.54,10,42.37,22.0,20.37,Direct,Bank Transfer
ORD-201432,2023-07-28,2023-08-02,CUST-3169,SKU-1007,1,442.87,0,442.87,280.0,162.87,Direct,Bank Transfer
ORD-201541,2023-07-28,2023-07-31,CUST-3182,SKU-1003,3,11.65,0,34.95,18.9,16.05,Paid Search,Credit Card
ORD-201765,2023-07-28,2023-08-04,CUST-3216,SKU-1016,4,8.45,0,33.8,12.0,21.8,Social,Cash on Delivery
ORD-202339,2023-07-28,2023-07-30,CUST-3285,SKU-1019,3,23.87,0,71.61,33.0,38.61,Referral,Apple Pay
ORD-200260,2023-07-29,2023-07-31,CUST-3036,SKU-1004,2,31.71,10,57.08,35.0,22.08,Direct,PayPal
ORD-202174,2023-07-29,2023-07-31,CUST-3257,SKU-1020,2,81.4,0,162.8,88.0,74.8,Direct,Credit Card
ORD-202456,2023-07-29,2023-07-31,CUST-3301,SKU-1020,5,83.1,0,415.5,220.0,195.5,Email,PayPal
ORD-200519,2023-07-31,2023-08-04,CUST-3060,SKU-1016,4,8.47,0,33.88,12.0,21.88,Organic Search,Apple Pay
ORD-200939,2023-07-31,2023-08-02,CUST-3110,SKU-1010,1,42.09,0,42.09,19.5,22.59,Email,PayPal
ORD-200939,2023-07-31,2023-08-02,CUST-3110,SKU-1020,3,83.12,0,249.36,132.0,117.36,Email,PayPal
ORD-200939,2023-07-31,2023-08-02,CUST-3110,SKU-1020,4,81.61,20,261.15,176.0,85.15,Email,PayPal
ORD-201314,2023-07-31,2023-08-04,CUST-3146,SKU-1003,1,11.78,20,9.42,6.3,3.12,Email,PayPal
ORD-202047,2023-07-31,2023-08-05,CUST-3241,SKU-1016,4,8.95,0,35.8,12.0,23.8,Social,Bank Transfer
ORD-202325,2023-07-31,2023-08-01,CUST-3281,SKU-1019,2,23.82,5,45.26,22.0,23.26,Organic Search,Cash on Delivery
ORD-200138,2023-08-01,2023-08-05,CUST-3016,SKU-1010,1,42.77,0,42.77,19.5,23.27,Social,Apple Pay
ORD-201468,2023-08-01,2023-08-05,CUST-3172,SKU-1020,3,81.07,0,243.21,132.0,111.21,Paid Search,Apple Pay
ORD-201468,2023-08-01,2023-08-05,CUST-3172,SKU-1018,3,28.44,15,72.52,40.5,32.02,Paid Search,Apple Pay
ORD-200051,2023-08-02,2023-08-05,CUST-3007,SKU-1020,5,82.8,5,393.3,220.0,173.3,Paid Search,Apple Pay
ORD-202624,2023-08-02,2023-08-04,CUST-3317,SKU-1020,3,83.07,0,249.21,132.0,117.21,Organic Search,Credit Card
ORD-201807,2023-08-03,2023-08-07,CUST-3217,SKU-1010,1,44.18,0,44.18,19.5,24.68,Organic Search,Apple Pay
ORD-202921,2023-08-03,2023-08-07,CUST-3344,SKU-1011,1,29.41,0,29.41,12.0,17.41,Referral,Apple Pay
ORD-202921,2023-08-03,2023-08-07,CUST-3344,SKU-1014,3,12.42,0,37.26,12.3,24.96,Referral,Apple Pay
ORD-202921,2023-08-03,2023-08-07,CUST-3344,SKU-1013,2,7.93,0,15.86,4.8,11.06,Referral,Apple Pay
ORD-200628,2023-08-04,2023-08-09,CUST-3069,SKU-1011,1,27.6,10,24.84,12.0,12.84,Direct,Bank Transfer
ORD-200628,2023-08-04,2023-08-09,CUST-3069,SKU-1017,3,40.61,20,97.46,63.0,34.46,Direct,Bank Transfer
ORD-202625,2023-08-04,2023-08-10,CUST-3317,SKU-1020,3,81.99,20,196.78,132.0,64.78,Referral,Cash on Delivery
ORD-202625,2023-08-04,2023-08-10,CUST-3317,SKU-1007,1,450.96,20,360.77,280.0,80.77,Referral,Cash on Delivery
ORD-202625,2023-08-04,2023-08-10,CUST-3317,SKU-1019,3,25.27,0,75.81,33.0,42.81,Referral,Cash on Delivery
ORD-200261,2023-08-05,2023-08-10,CUST-3036,SKU-1007,1,452.99,0,452.99,280.0,172.99,Paid Search,Apple Pay
ORD-200261,2023-08-05,2023-08-10,CUST-3036,SKU-1006,2,10.36,15,17.61,9.6,8.01,Paid Search,Apple Pay
ORD-200569,2023-08-05,2023-08-10,CUST-3062,SKU-1010,1,43.77,10,39.39,19.5,19.89,Email,Apple Pay
ORD-200569,2023-08-05,2023-08-10,CUST-3062,SKU-1009,1,34.52,10,31.07,15.0,16.07,Email,Apple Pay
ORD-200569,2023-08-05,2023-08-10,CUST-3062,SKU-1018,2,27.21,0,54.42,27.0,27.42,Email,Apple Pay
ORD-201547,2023-08-05,2023-08-12,CUST-3184,SKU-1016,3,8.51,15,21.7,9.0,12.7,Referral,Bank Transfer
ORD-201547,2023-08-05,2023-08-12,CUST-3184,SKU-1018,4,26.75,5,101.65,54.0,47.65,Referral,Bank Transfer
ORD-202626,2023-08-05,2023-08-12,CUST-3317,SKU-1019,4,24.47,0,97.88,44.0,53.88,Direct,Bank Transfer
ORD-201333,2023-08-06,2023-08-13,CUST-3151,SKU-1018,4,27.02,15,91.87,54.0,37.87,Paid Search,Cash on Delivery
ORD-201333,2023-08-06,2023-08-13,CUST-3151,SKU-1010,1,41.74,0,41.74,19.5,22.24,Paid Search,Cash on Delivery
ORD-201333,2023-08-06,2023-08-13,CUST-3151,SKU-1019,3,24.16,0,72.48,33.0,39.48,Paid Search,Cash on Delivery
ORD-201766,2023-08-06,2023-08-13,CUST-3216,SKU-1001,3,14.66,10,39.58,24.6,14.98,Organic Search,Bank Transfer
ORD-201766,2023-08-06,2023-08-13,CUST-3216,SKU-1019,5,25.21,0,126.05,55.0,71.05,Organic Search,Bank Transfer
ORD-200459,2023-08-08,2023-08-10,CUST-3054,SKU-1016,4,8.87,10,31.93,12.0,19.93,Paid Search,PayPal
ORD-200459,2023-08-08,2023-08-10,CUST-3054,SKU-1020,4,82.5,5,313.5,176.0,137.5,Paid Search,PayPal
ORD-202376,2023-08-08,2023-08-12,CUST-3289,SKU-1020,5,80.86,0,404.3,220.0,184.3,Direct,Apple Pay
ORD-200582,2023-08-09,2023-08-14,CUST-3066,SKU-1019,4,25.14,15,85.48,44.0,41.48,Organic Search,PayPal
ORD-200582,2023-08-09,2023-08-14,CUST-3066,SKU-1013,2,7.45,0,14.9,4.8,10.1,Organic Search,PayPal
ORD-200582,2023-08-09,2023-08-14,CUST-3066,SKU-1018,2,27.61,15,46.94,27.0,19.94,Organic Search,PayPal
ORD-201767,2023-08-09,2023-08-11,CUST-3216,SKU-1018,5,27.79,0,138.95,67.5,71.45,Direct,Apple Pay
ORD-201767,2023-08-09,2023-08-11,CUST-3216,SKU-1019,5,25.41,0,127.05,55.0,72.05,Direct,Apple Pay
ORD-201767,2023-08-09,2023-08-11,CUST-3216,SKU-1020,5,78.67,0,393.35,220.0,173.35,Direct,Apple Pay
ORD-200387,2023-08-10,2023-08-17,CUST-3049,SKU-1015,3,9.52,5,27.13,9.6,17.53,Paid Search,Cash on Delivery
ORD-200387,2023-08-10,2023-08-17,CUST-3049,SKU-1013,3,7.46,0,22.38,7.2,15.18,Paid Search,Cash on Delivery
ORD-200583,2023-08-10,2023-08-15,CUST-3066,SKU-1008,1,130.24,20,104.19,74.0,30.19,Referral,Bank Transfer
ORD-201433,2023-08-10,2023-08-13,CUST-3169,SKU-1020,3,79.82,0,239.46,132.0,107.46,Referral,Apple Pay
ORD-202261,2023-08-10,2023-08-16,CUST-3271,SKU-1017,2,38.54,10,69.37,42.0,27.37,Organic Search,Credit Card
ORD-201201,2023-08-11,2023-08-14,CUST-3138,SKU-1001,5,14.92,0,74.6,41.0,33.6,Organic Search,Credit Card
ORD-201201,2023-08-11,2023-08-14,CUST-3138,SKU-1007,1,455.08,15,386.82,280.0,106.82,Organic Search,Credit Card
ORD-202487,2023-08-11,2023-08-15,CUST-3304,SKU-1018,3,28.36,0,85.08,40.5,44.58,Organic Search,PayPal
ORD-202487,2023-08-11,2023-08-15,CUST-3304,SKU-1007,1,442.74,10,398.47,280.0,118.47,Organic Search,PayPal
ORD-202899,2023-08-11,2023-08-18,CUST-3337,SKU-1018,1,27.99,0,27.99,13.5,14.49,Social,PayPal
ORD-200520,2023-08-12,2023-08-14,CUST-3060,SKU-1020,4,77.64,0,310.56,176.0,134.56,Organic Search,Bank Transfer
ORD-200520,2023-08-12,2023-08-14,CUST-3060,SKU-1020,2,78.35,10,141.03,88.0,53.03,Organic Search,Bank Transfer
ORD-200630,2023-08-12,2023-08-17,CUST-3070,SKU-1019,5,23.88,20,95.52,55.0,40.52,Organic Search,Apple Pay
ORD-200630,2023-08-12,2023-08-17,CUST-3070,SKU-1019,5,25.38,0,126.9,55.0,71.9,Organic Search,Apple Pay
ORD-200630,2023-08-12,2023-08-17,CUST-3070,SKU-1020,4,83.54,0,334.16,176.0,158.16,Organic Search,Apple Pay
ORD-201167,2023-08-12,2023-08-17,CUST-3133,SKU-1020,4,79.8,0,319.2,176.0,143.2,Referral,Bank Transfer
ORD-202377,2023-08-12,2023-08-15,CUST-3289,SKU-1019,3,25.34,20,60.82,33.0,27.82,Social,PayPal
ORD-202377,2023-08-12,2023-08-15,CUST-3289,SKU-1019,5,24.12,0,120.6,55.0,65.6,Social,PayPal
ORD-202561,2023-08-12,2023-08-18,CUST-3311,SKU-1012,3,18.21,5,51.9,19.5,32.4,Referral,Bank Transfer
ORD-201434,2023-08-13,2023-08-17,CUST-3169,SKU-1014,3,12.54,10,33.86,12.3,21.56,Referral,PayPal
ORD-201434,2023-08-13,2023-08-17,CUST-3169,SKU-1005,3,15.86,5,45.2,27.3,17.9,Referral,PayPal
ORD-201434,2023-08-13,2023-08-17,CUST-3169,SKU-1004,4,31.62,15,107.51,70.0,37.51,Referral,PayPal
ORD-201269,2023-08-15,2023-08-21,CUST-3143,SKU-1019,5,24.83,10,111.73,55.0,56.73,Referral,Cash on Delivery
ORD-200048,2023-08-16,2023-08-17,CUST-3006,SKU-1002,1,13.13,0,13.13,7.4,5.73,Social,Bank Transfer
ORD-200048,2023-08-16,2023-08-17,CUST-3006,SKU-1003,3,12.09,0,36.27,18.9,17.37,Social,Bank Transfer
ORD-200048,2023-08-16,2023-08-17,CUST-3006,SKU-1017,3,39.64,0,118.92,63.0,55.92,Social,Bank Transfer
ORD-200278,2023-08-16,2023-08-23,CUST-3038,SKU-1009,1,35.3,0,35.3,15.0,20.3,Email,Credit Card
ORD-200278,2023-08-16,2023-08-23,CUST-3038,SKU-1009,1,34.68,15,29.48,15.0,14.48,Email,Credit Card
ORD-200304,2023-08-16,2023-08-21,CUST-3041,SKU-1020,4,83.6,0,334.4,176.0,158.4,Paid Search,Credit Card
ORD-201054,2023-08-17,2023-08-23,CUST-3121,SKU-1007,1,442.59,0,442.59,280.0,162.59,Organic Search,Cash on Delivery
ORD-201844,2023-08-17,2023-08-23,CUST-3220,SKU-1020,4,78.41,20,250.91,176.0,74.91,Paid Search,Credit Card
ORD-201844,2023-08-17,2023-08-23,CUST-3220,SKU-1013,5,7.63,20,30.52,12.0,18.52,Paid Search,Credit Card
ORD-202530,2023-08-17,2023-08-23,CUST-3306,SKU-1003,3,11.92,0,35.76,18.9,16.86,Social,Credit Card
ORD-201379,2023-08-18,2023-08-22,CUST-3158,SKU-1003,2,11.64,0,23.28,12.6,10.68,Social,Credit Card
ORD-201306,2023-08-19,2023-08-24,CUST-3144,SKU-1012,1,17.92,0,17.92,6.5,11.42,Direct,PayPal
ORD-201929,2023-08-19,2023-08-23,CUST-3226,SKU-1019,3,24.72,20,59.33,33.0,26.33,Paid Search,Cash on Delivery
ORD-201929,2023-08-19,2023-08-23,CUST-3226,SKU-1017,1,41.34,0,41.34,21.0,20.34,Paid Search,Cash on Delivery
ORD-202108,2023-08-19,2023-08-26,CUST-3246,SKU-1019,4,25.02,0,100.08,44.0,56.08,Direct,Credit Card
ORD-202108,2023-08-19,2023-08-26,CUST-3246,SKU-1004,5,33.9,10,152.55,87.5,65.05,Direct,Credit Card
ORD-202108,2023-08-19,2023-08-26,CUST-3246,SKU-1011,1,27.6,0,27.6,12.0,15.6,Direct,Credit Card
ORD-200460,2023-08-20,2023-08-24,CUST-3054,SKU-1020,4,80.77,0,323.08,176.0,147.08,Direct,Apple Pay
ORD-200369,2023-08-21,2023-08-28,CUST-3048,SKU-1020,3,82.1,5,233.98,132.0,101.98,Paid Search,Cash on Delivery
ORD-200369,2023-08-21,2023-08-28,CUST-3048,SKU-1006,3,9.76,0,29.28,14.4,14.88,Paid Search,Cash on Delivery
ORD-200370,2023-08-21,2023-08-24,CUST-3048,SKU-1004,3,33.47,20,80.33,52.5,27.83,Referral,PayPal
ORD-200370,2023-08-21,2023-08-24,CUST-3048,SKU-1020,3,79.05,0,237.15,132.0,105.15,Referral,PayPal
ORD-200370,2023-08-21,2023-08-24,CUST-3048,SKU-1016,4,8.46,15,28.76,12.0,16.76,Referral,PayPal
ORD-200388,2023-08-21,2023-08-25,CUST-3049,SKU-1017,2,38.72,0,77.44,42.0,35.44,Direct,Bank Transfer
ORD-200798,2023-08-21,2023-08-24,CUST-3089,SKU-1019,4,25.04,5,95.15,44.0,51.15,Organic Search,Apple Pay
ORD-200798,2023-08-21,2023-08-24,CUST-3089,SKU-1017,5,40.59,10,182.66,105.0,77.66,Organic Search,Apple Pay
ORD-200118,2023-08-22,2023-08-28,CUST-3013,SKU-1008,1,135.38,10,121.84,74.0,47.84,Direct,Bank Transfer
ORD-200858,2023-08-22,2023-08-27,CUST-3096,SKU-1006,2,10.14,20,16.22,9.6,6.62,Social,Apple Pay
ORD-201390,2023-08-22,2023-08-23,CUST-3162,SKU-1009,1,35.51,0,35.51,15.0,20.51,Organic Search,Credit Card
ORD-201390,2023-08-22,2023-08-23,CUST-3162,SKU-1016,1,8.63,0,8.63,3.0,5.63,Organic Search,Credit Card
ORD-202922,2023-08-22,2023-08-26,CUST-3344,SKU-1014,3,11.88,10,32.08,12.3,19.78,Email,Apple Pay
ORD-202922,2023-08-22,2023-08-26,CUST-3344,SKU-1011,1,28.52,10,25.67,12.0,13.67,Email,Apple Pay
ORD-200022,2023-08-23,2023-08-25,CUST-3004,SKU-1020,5,80.38,0,401.9,220.0,181.9,Direct,Credit Card
ORD-201845,2023-08-24,2023-08-30,CUST-3220,SKU-1020,3,79.39,0,238.17,132.0,106.17,Social,Bank Transfer
ORD-201845,2023-08-24,2023-08-30,CUST-3220,SKU-1019,4,23.57,10,84.85,44.0,40.85,Social,Bank Transfer
ORD-202170,2023-08-24,2023-08-29,CUST-3255,SKU-1009,1,35.74,0,35.74,15.0,20.74,Organic Search,Bank Transfer
ORD-202170,2023-08-24,2023-08-29,CUST-3255,SKU-1008,1,127.88,0,127.88,74.0,53.88,Organic Search,Bank Transfer
ORD-202170,2023-08-24,2023-08-29,CUST-3255,SKU-1015,2,9.49,5,18.03,6.4,11.63,Organic Search,Bank Transfer
ORD-202948,2023-08-24,2023-08-28,CUST-3349,SKU-1003,3,11.57,10,31.24,18.9,12.34,Email,Apple Pay
ORD-200863,2023-08-25,2023-08-27,CUST-3097,SKU-1004,2,32.77,10,58.99,35.0,23.99,Paid Search,Apple Pay
ORD-200863,2023-08-25,2023-08-27,CUST-3097,SKU-1003,2,11.57,0,23.14,12.6,10.54,Paid Search,Apple Pay
ORD-202378,2023-08-25,2023-08-28,CUST-3289,SKU-1019,3,23.86,0,71.58,33.0,38.58,Direct,Bank Transfer
ORD-202562,2023-08-25,2023-08-28,CUST-3311,SKU-1020,4,83.56,0,334.24,176.0,158.24,Organic Search,Credit Card
ORD-202562,2023-08-25,2023-08-28,CUST-3311,SKU-1020,5,78.26,10,352.17,220.0,132.17,Organic Search,Credit Card
ORD-200572,2023-08-26,2023-09-01,CUST-3064,SKU-1007,1,467.84,20,374.27,280.0,94.27,Organic Search,PayPal
ORD-201571,2023-08-26,2023-08-27,CUST-3187,SKU-1008,1,127.11,10,114.4,74.0,40.4,Referral,Credit Card
ORD-202949,2023-08-26,2023-08-29,CUST-3349,SKU-1003,5,11.33,0,56.65,31.5,25.15,Direct,Bank Transfer
ORD-202949,2023-08-26,2023-08-29,CUST-3349,SKU-1013,5,7.53,20,30.12,12.0,18.12,Direct,Bank Transfer
ORD-200799,2023-08-27,2023-09-03,CUST-3089,SKU-1007,1,475.91,5,452.11,280.0,172.11,Referral,Apple Pay
ORD-200799,2023-08-27,2023-09-03,CUST-3089,SKU-1020,5,79.2,0,396.0,220.0,176.0,Referral,Apple Pay
ORD-200940,2023-08-27,2023-09-03,CUST-3110,SKU-1007,1,447.9,0,447.9,280.0,167.9,Paid Search,PayPal
ORD-200940,2023-08-27,2023-09-03,CUST-3110,SKU-1015,2,9.09,10,16.36,6.4,9.96,Paid Search,PayPal
ORD-201913,2023-08-27,2023-08-29,CUST-3225,SKU-1016,4,8.58,15,29.17,12.0,17.17,Referral,PayPal
ORD-201012,2023-08-28,2023-09-04,CUST-3118,SKU-1019,4,25.37,0,101.48,44.0,57.48,Paid Search,Credit Card
ORD-201012,2023-08-28,2023-09-04,CUST-3118,SKU-1015,3,8.83,20,21.19,9.6,11.59,Paid Search,Credit Card
ORD-200125,2023-08-30,2023-09-01,CUST-3015,SKU-1020,4,78.97,0,315.88,176.0,139.88,Social,Apple Pay
ORD-200897,2023-08-30,2023-08-31,CUST-3103,SKU-1008,1,130.04,0,130.04,74.0,56.04,Direct,PayPal
ORD-200897,2023-08-30,2023-08-31,CUST-3103,SKU-1012,3,19.03,10,51.38,19.5,31.88,Direct,PayPal
ORD-200902,2023-08-30,2023-09-04,CUST-3106,SKU-1019,3,24.56,5,70.0,33.0,37.0,Social,Bank Transfer
ORD-200584,2023-08-31,2023-09-01,CUST-3066,SKU-1020,2,82.77,0,165.54,88.0,77.54,Paid Search,Cash on Delivery
ORD-201126,2023-09-01,2023-09-05,CUST-3126,SKU-1001,1,15.34,0,15.34,8.2,7.14,Organic Search,PayPal
ORD-201748,2023-09-01,2023-09-02,CUST-3215,SKU-1006,2,10.43,0,20.86,9.6,11.26,Direct,PayPal
ORD-201748,2023-09-01,2023-09-02,CUST-3215,SKU-1020,4,79.21,20,253.47,176.0,77.47,Direct,PayPal
ORD-201768,2023-09-01,2023-09-03,CUST-3216,SKU-1020,4,83.56,10,300.82,176.0,124.82,Organic Search,Credit Card
ORD-201168,2023-09-02,2023-09-04,CUST-3133,SKU-1011,1,29.55,0,29.55,12.0,17.55,Social,PayPal
ORD-200052,2023-09-03,2023-09-04,CUST-3007,SKU-1004,4,33.72,15,114.65,70.0,44.65,Organic Search,Bank Transfer
ORD-200052,2023-09-03,2023-09-04,CUST-3007,SKU-1020,3,80.03,5,228.09,132.0,96.09,Organic Search,Bank Transfer
ORD-200262,2023-09-03,2023-09-04,CUST-3036,SKU-1020,4,82.01,10,295.24,176.0,119.24,Paid Search,Bank Transfer
ORD-200262,2023-09-03,2023-09-04,CUST-3036,SKU-1015,2,9.02,5,17.14,6.4,10.74,Paid Search,Bank Transfer
ORD-200262,2023-09-03,2023-09-04,CUST-3036,SKU-1014,2,12.37,0,24.74,8.2,16.54,Paid Search,Bank Transfer
ORD-200762,2023-09-03,2023-09-06,CUST-3088,SKU-1019,5,24.78,0,123.9,55.0,68.9,Paid Search,Apple Pay
ORD-202563,2023-09-03,2023-09-07,CUST-3311,SKU-1020,3,78.23,0,234.69,132.0,102.69,Organic Search,PayPal
ORD-200854,2023-09-04,2023-09-07,CUST-3095,SKU-1010,1,43.05,0,43.05,19.5,23.55,Paid Search,Apple Pay
ORD-200854,2023-09-04,2023-09-07,CUST-3095,SKU-1013,1,7.57,0,7.57,2.4,5.17,Paid Search,Apple Pay
ORD-201895,2023-09-04,2023-09-05,CUST-3223,SKU-1019,4,24.44,0,97.76,44.0,53.76,Referral,Credit Card
ORD-202204,2023-09-04,2023-09-09,CUST-3259,SKU-1019,4,24.56,15,83.5,44.0,39.5,Paid Search,Bank Transfer
ORD-202657,2023-09-04,2023-09-06,CUST-3318,SKU-1020,5,78.7,15,334.47,220.0,114.47,Paid Search,PayPal
ORD-200800,2023-09-05,2023-09-06,CUST-3089,SKU-1002,5,13.41,20,53.64,37.0,16.64,Organic Search,Cash on Delivery
ORD-202379,2023-09-05,2023-09-07,CUST-3289,SKU-1019,3,23.81,0,71.43,33.0,38.43,Paid Search,Credit Card
ORD-202379,2023-09-05,2023-09-07,CUST-3289,SKU-1009,1,34.04,0,34.04,15.0,19.04,Paid Search,Credit Card
ORD-202379,2023-09-05,2023-09-07,CUST-3289,SKU-1014,5,12.07,0,60.35,20.5,39.85,Paid Search,Credit Card
ORD-201055,2023-09-06,2023-09-08,CUST-3121,SKU-1005,5,15.71,5,74.62,45.5,29.12,Email,Cash on Delivery
ORD-201055,2023-09-06,2023-09-08,CUST-3121,SKU-1018,5,27.32,20,109.28,67.5,41.78,Email,Cash on Delivery
ORD-202904,2023-09-06,2023-09-08,CUST-3340,SKU-1019,3,24.88,0,74.64,33.0,41.64,Direct,Bank Transfer
ORD-202928,2023-09-06,2023-09-10,CUST-3346,SKU-1010,1,41.5,0,41.5,19.5,22.0,Email,Bank Transfer
ORD-202564,2023-09-07,2023-09-11,CUST-3311,SKU-1007,1,467.39,10,420.65,280.0,140.65,Direct,Credit Card
ORD-202564,2023-09-07,2023-09-11,CUST-3311,SKU-1020,4,80.53,10,289.91,176.0,113.91,Direct,Credit Card
ORD-202800,2023-09-07,2023-09-14,CUST-3330,SKU-1019,3,25.23,20,60.55,33.0,27.55,Social,Cash on Delivery
ORD-202800,2023-09-07,2023-09-14,CUST-3330,SKU-1008,1,128.74,0,128.74,74.0,54.74,Social,Cash on Delivery
ORD-202801,2023-09-07,2023-09-14,CUST-3330,SKU-1003,5,11.38,0,56.9,31.5,25.4,Direct,Bank Transfer
ORD-200480,2023-09-09,2023-09-11,CUST-3055,SKU-1018,3,27.23,0,81.69,40.5,41.19,Social,Apple Pay
ORD-200480,2023-09-09,2023-09-11,CUST-3055,SKU-1004,3,31.77,0,95.31,52.5,42.81,Social,Apple Pay
ORD-200961,2023-09-09,2023-09-11,CUST-3113,SKU-1020,3,79.55,10,214.78,132.0,82.78,Direct,Cash on Delivery
ORD-201270,2023-09-09,2023-09-11,CUST-3143,SKU-1005,5,14.78,20,59.12,45.5,13.62,Referral,PayPal
ORD-201808,2023-09-09,2023-09-16,CUST-3217,SKU-1019,3,25.06,0,75.18,33.0,42.18,Organic Search,Credit Card
ORD-201808,2023-09-09,2023-09-16,CUST-3217,SKU-1019,5,25.12,0,125.6,55.0,70.6,Organic Search,Credit Card
ORD-201808,2023-09-09,2023-09-16,CUST-3217,SKU-1020,4,83.07,5,315.67,176.0,139.67,Organic Search,Credit Card
ORD-201989,2023-09-09,2023-09-15,CUST-3237,SKU-1003,3,11.33,0,33.99,18.9,15.09,Social,Cash on Delivery
ORD-201989,2023-09-09,2023-09-15,CUST-3237,SKU-1003,2,11.64,20,18.62,12.6,6.02,Social,Cash on Delivery
ORD-202245,2023-09-09,2023-09-13,CUST-3267,SKU-1008,1,132.23,20,105.78,74.0,31.78,Direct,Cash on Delivery
ORD-202245,2023-09-09,2023-09-13,CUST-3267,SKU-1010,1,43.46,0,43.46,19.5,23.96,Direct,Cash on Delivery
ORD-202262,2023-09-09,2023-09-10,CUST-3271,SKU-1007,1,450.25,0,450.25,280.0,170.25,Organic Search,Bank Transfer
ORD-202262,2023-09-09,2023-09-10,CUST-3271,SKU-1011,1,29.21,0,29.21,12.0,17.21,Organic Search,Bank Transfer
ORD-201056,2023-09-10,2023-09-15,CUST-3121,SKU-1015,3,9.17,0,27.51,9.6,17.91,Organic Search,PayPal
ORD-201056,2023-09-10,2023-09-15,CUST-3121,SKU-1019,3,24.2,0,72.6,33.0,39.6,Organic Search,PayPal
ORD-202109,2023-09-10,2023-09-13,CUST-3246,SKU-1019,5,24.45,0,122.25,55.0,67.25,Social,Credit Card
ORD-202109,2023-09-10,2023-09-13,CUST-3246,SKU-1017,5,39.3,10,176.85,105.0,71.85,Social,Credit Card
ORD-201271,2023-09-11,2023-09-18,CUST-3143,SKU-1011,1,27.99,0,27.99,12.0,15.99,Direct,PayPal
ORD-201316,2023-09-11,2023-09-13,CUST-3147,SKU-1007,1,462.61,0,462.61,280.0,182.61,Email,Credit Card
ORD-202092,2023-09-11,2023-09-15,CUST-3244,SKU-1001,1,15.37,15,13.06,8.2,4.86,Direct,Credit Card
ORD-202929,2023-09-11,2023-09-16,CUST-3346,SKU-1003,2,11.7,0,23.4,12.6,10.8,Email,Cash on Delivery
ORD-202929,2023-09-11,2023-09-16,CUST-3346,SKU-1018,3,28.13,0,84.39,40.5,43.89,Email,Cash on Delivery
ORD-200898,2023-09-12,2023-09-16,CUST-3103,SKU-1019,2,25.24,0,50.48,22.0,28.48,Social,Credit Card
ORD-200898,2023-09-12,2023-09-16,CUST-3103,SKU-1011,1,28.73,15,24.42,12.0,12.42,Social,Credit Card
ORD-201846,2023-09-12,2023-09-17,CUST-3220,SKU-1017,3,41.13,10,111.05,63.0,48.05,Social,Credit Card
ORD-201728,2023-09-13,2023-09-17,CUST-3212,SKU-1013,4,7.39,0,29.56,9.6,19.96,Direct,Apple Pay
ORD-202110,2023-09-13,2023-09-20,CUST-3246,SKU-1019,5,25.19,0,125.95,55.0,70.95,Social,Bank Transfer
ORD-202110,2023-09-13,2023-09-20,CUST-3246,SKU-1017,5,41.29,0,206.45,105.0,101.45,Social,Bank Transfer
ORD-202110,2023-09-13,2023-09-20,CUST-3246,SKU-1012,3,18.93,10,51.11,19.5,31.61,Social,Bank Transfer
ORD-202048,2023-09-14,2023-09-15,CUST-3241,SKU-1004,5,32.1,0,160.5,87.5,73.0,Organic Search,Apple Pay
ORD-202221,2023-09-14,2023-09-20,CUST-3260,SKU-1004,2,32.29,20,51.66,35.0,16.66,Email,PayPal
ORD-202221,2023-09-14,2023-09-20,CUST-3260,SKU-1016,2,8.52,0,17.04,6.0,11.04,Email,PayPal
ORD-202221,2023-09-14,2023-09-20,CUST-3260,SKU-1015,1,9.27,0,9.27,3.2,6.07,Email,PayPal
ORD-202254,2023-09-14,2023-09-21,CUST-3269,SKU-1010,1,44.17,0,44.17,19.5,24.67,Social,Credit Card
ORD-202254,2023-09-14,2023-09-21,CUST-3269,SKU-1020,1,79.64,20,63.71,44.0,19.71,Social,Credit Card
ORD-200082,2023-09-15,2023-09-19,CUST-3008,SKU-1016,3,8.37,5,23.85,9.0,14.85,Email,Apple Pay
ORD-200082,2023-09-15,2023-09-19,CUST-3008,SKU-1014,4,12.7,0,50.8,16.4,34.4,Email,Apple Pay
ORD-200763,2023-09-15,2023-09-22,CUST-3088,SKU-1019,4,24.16,0,96.64,44.0,52.64,Email,PayPal
ORD-200763,2023-09-15,2023-09-22,CUST-3088,SKU-1019,4,25.14,15,85.48,44.0,41.48,Email,PayPal
ORD-200903,2023-09-16,2023-09-22,CUST-3106,SKU-1014,5,12.2,0,61.0,20.5,40.5,Direct,Bank Transfer
ORD-201542,2023-09-16,2023-09-17,CUST-3182,SKU-1013,1,7.35,0,7.35,2.4,4.95,Direct,PayPal
ORD-201542,2023-09-16,2023-09-17,CUST-3182,SKU-1011,1,28.32,0,28.32,12.0,16.32,Direct,PayPal
ORD-201956,2023-09-16,2023-09-21,CUST-3234,SKU-1019,3,25.34,10,68.42,33.0,35.42,Social,Bank Transfer
ORD-201956,2023-09-16,2023-09-21,CUST-3234,SKU-1018,3,27.52,15,70.18,40.5,29.68,Social,Bank Transfer
ORD-201956,2023-09-16,2023-09-21,CUST-3234,SKU-1011,1,27.61,0,27.61,12.0,15.61,Social,Bank Transfer
ORD-200139,2023-09-17,2023-09-23,CUST-3016,SKU-1006,1,10.22,0,10.22,4.8,5.42,Organic Search,PayPal
ORD-200139,2023-09-17,2023-09-23,CUST-3016,SKU-1011,1,29.43,0,29.43,12.0,17.43,Organic Search,PayPal
ORD-200139,2023-09-17,2023-09-23,CUST-3016,SKU-1001,3,14.31,0,42.93,24.6,18.33,Organic Search,PayPal
ORD-200668,2023-09-17,2023-09-22,CUST-3073,SKU-1020,2,77.92,0,155.84,88.0,67.84,Paid Search,Bank Transfer
ORD-200668,2023-09-17,2023-09-22,CUST-3073,SKU-1004,4,32.01,20,102.43,70.0,32.43,Paid Search,Bank Transfer
ORD-202205,2023-09-17,2023-09-20,CUST-3259,SKU-1014,2,11.76,0,23.52,8.2,15.32,Paid Search,Bank Transfer
ORD-202205,2023-09-17,2023-09-20,CUST-3259,SKU-1019,3,23.86,0,71.58,33.0,38.58,Paid Search,Bank Transfer
ORD-202205,2023-09-17,2023-09-20,CUST-3259,SKU-1001,4,15.11,0,60.44,32.8,27.64,Paid Search,Bank Transfer
ORD-202843,2023-09-17,2023-09-19,CUST-3334,SKU-1012,3,18.48,20,44.35,19.5,24.85,Email,PayPal
ORD-200883,2023-09-18,2023-09-25,CUST-3100,SKU-1017,3,39.29,15,100.19,63.0,37.19,Organic Search,Credit Card
ORD-200410,2023-09-19,2023-09-25,CUST-3052,SKU-1007,1,452.85,0,452.85,280.0,172.85,Paid Search,Credit Card
ORD-200669,2023-09-19,2023-09-21,CUST-3073,SKU-1006,3,10.33,10,27.89,14.4,13.49,Direct,Credit Card
ORD-200669,2023-09-19,2023-09-21,CUST-3073,SKU-1020,3,81.64,0,244.92,132.0,112.92,Direct,Credit Card
ORD-200842,2023-09-19,2023-09-20,CUST-3094,SKU-1007,1,440.73,0,440.73,280.0,160.73,Social,Apple Pay
ORD-200842,2023-09-19,2023-09-20,CUST-3094,SKU-1014,4,12.32,0,49.28,16.4,32.88,Social,Apple Pay
ORD-201202,2023-09-19,2023-09-23,CUST-3138,SKU-1009,1,35.27,0,35.27,15.0,20.27,Organic Search,PayPal
ORD-201202,2023-09-19,2023-09-23,CUST-3138,SKU-1020,4,78.86,15,268.12,176.0,92.12,Organic Search,PayPal
ORD-202844,2023-09-19,2023-09-20,CUST-3334,SKU-1019,5,25.43,15,108.08,55.0,53.08,Organic Search,Credit Card
ORD-202844,2023-09-19,2023-09-20,CUST-3334,SKU-1011,1,27.49,10,24.74,12.0,12.74,Organic Search,Credit Card
ORD-202844,2023-09-19,2023-09-20,CUST-3334,SKU-1020,4,82.61,0,330.44,176.0,154.44,Organic Search,Credit Card
ORD-200764,2023-09-20,2023-09-25,CUST-3088,SKU-1012,5,17.93,0,89.65,32.5,57.15,Email,Credit Card
ORD-200764,2023-09-20,2023-09-25,CUST-3088,SKU-1011,1,28.37,0,28.37,12.0,16.37,Email,Credit Card
ORD-200764,2023-09-20,2023-09-25,CUST-3088,SKU-1004,5,31.59,0,157.95,87.5,70.45,Email,Credit Card
ORD-201307,2023-09-20,2023-09-21,CUST-3144,SKU-1012,2,17.77,0,35.54,13.0,22.54,Social,Cash on Delivery
ORD-201307,2023-09-20,2023-09-21,CUST-3144,SKU-1004,3,32.92,15,83.95,52.5,31.45,Social,Cash on Delivery
ORD-201307,2023-09-20,2023-09-21,CUST-3144,SKU-1003,1,11.28,0,11.28,6.3,4.98,Social,Cash on Delivery
ORD-202111,2023-09-20,2023-09-22,CUST-3246,SKU-1020,4,79.97,0,319.88,176.0,143.88,Paid Search,Apple Pay
ORD-202658,2023-09-20,2023-09-27,CUST-3318,SKU-1015,3,8.83,10,23.84,9.6,14.24,Social,Cash on Delivery
ORD-202541,2023-09-21,2023-09-23,CUST-3310,SKU-1013,2,7.62,20,12.19,4.8,7.39,Social,Apple Pay
ORD-202541,2023-09-21,2023-09-23,CUST-3310,SKU-1002,2,12.81,5,24.34,14.8,9.54,Social,Apple Pay
ORD-202541,2023-09-21,2023-09-23,CUST-3310,SKU-1011,1,29.24,0,29.24,12.0,17.24,Social,Apple Pay
ORD-201567,2023-09-22,2023-09-25,CUST-3186,SKU-1005,1,15.76,15,13.4,9.1,4.3,Referral,Apple Pay
ORD-201769,2023-09-22,2023-09-23,CUST-3216,SKU-1004,4,33.42,10,120.31,70.0,50.31,Paid Search,Cash on Delivery
ORD-200289,2023-09-23,2023-09-27,CUST-3040,SKU-1020,4,83.35,0,333.4,176.0,157.4,Social,Apple Pay
ORD-200864,2023-09-23,2023-09-27,CUST-3097,SKU-1006,3,10.35,10,27.94,14.4,13.54,Email,PayPal
ORD-200864,2023-09-23,2023-09-27,CUST-3097,SKU-1009,1,35.54,0,35.54,15.0,20.54,Email,PayPal
ORD-201529,2023-09-23,2023-09-26,CUST-3180,SKU-1010,1,42.59,0,42.59,19.5,23.09,Referral,Cash on Delivery
ORD-201529,2023-09-23,2023-09-26,CUST-3180,SKU-1010,1,43.27,5,41.11,19.5,21.61,Referral,Cash on Delivery
ORD-201577,2023-09-23,2023-09-24,CUST-3188,SKU-1019,3,24.14,10,65.18,33.0,32.18,Referral,Apple Pay
ORD-201577,2023-09-23,2023-09-24,CUST-3188,SKU-1017,2,38.28,0,76.56,42.0,34.56,Referral,Apple Pay
ORD-201577,2023-09-23,2023-09-24,CUST-3188,SKU-1017,3,39.72,0,119.16,63.0,56.16,Referral,Apple Pay
ORD-201678,2023-09-23,2023-09-29,CUST-3203,SKU-1013,4,7.47,0,29.88,9.6,20.28,Email,Credit Card
ORD-201770,2023-09-23,2023-09-27,CUST-3216,SKU-1020,3,78.2,20,187.68,132.0,55.68,Direct,PayPal
ORD-202627,2023-09-23,2023-09-27,CUST-3317,SKU-1005,4,14.99,5,56.96,36.4,20.56,Direct,Apple Pay
ORD-202627,2023-09-23,2023-09-27,CUST-3317,SKU-1019,3,24.21,10,65.37,33.0,32.37,Direct,Apple Pay
ORD-200107,2023-09-24,2023-09-26,CUST-3012,SKU-1020,2,78.25,10,140.85,88.0,52.85,Organic Search,PayPal
ORD-200108,2023-09-24,2023-09-27,CUST-3012,SKU-1007,1,444.5,0,444.5,280.0,164.5,Social,Bank Transfer
ORD-201310,2023-09-24,2023-09-28,CUST-3145,SKU-1011,1,27.56,20,22.05,12.0,10.05,Direct,Credit Card
ORD-201310,2023-09-24,2023-09-28,CUST-3145,SKU-1019,1,24.19,5,22.98,11.0,11.98,Direct,Credit Card
ORD-201596,2023-09-24,2023-10-01,CUST-3192,SKU-1001,4,15.2,20,48.64,32.8,15.84,Organic Search,Cash on Delivery
ORD-201596,2023-09-24,2023-10-01,CUST-3192,SKU-1007,1,465.83,5,442.54,280.0,162.54,Organic Search,Cash on Delivery
ORD-201771,2023-09-24,2023-09-29,CUST-3216,SKU-1005,3,15.15,10,40.91,27.3,13.61,Paid Search,Apple Pay
ORD-201930,2023-09-24,2023-09-29,CUST-3226,SKU-1001,3,14.99,10,40.47,24.6,15.87,Paid Search,Apple Pay
ORD-201930,2023-09-24,2023-09-29,CUST-3226,SKU-1002,1,13.31,0,13.31,7.4,5.91,Paid Search,Apple Pay
ORD-202049,2023-09-24,2023-09-26,CUST-3241,SKU-1019,5,23.91,20,95.64,55.0,40.64,Paid Search,Apple Pay
ORD-202049,2023-09-24,2023-09-26,CUST-3241,SKU-1020,5,80.74,20,322.96,220.0,102.96,Paid Search,Apple Pay
ORD-202601,2023-09-24,2023-09-28,CUST-3312,SKU-1019,4,24.74,15,84.12,44.0,40.12,Social,Apple Pay
ORD-202696,2023-09-24,2023-09-30,CUST-3319,SKU-1015,4,8.84,0,35.36,12.8,22.56,Referral,Credit Card
ORD-202565,2023-09-25,2023-09-29,CUST-3311,SKU-1020,5,81.19,10,365.36,220.0,145.36,Social,Cash on Delivery
ORD-202565,2023-09-25,2023-09-29,CUST-3311,SKU-1018,4,27.23,0,108.92,54.0,54.92,Social,Cash on Delivery
ORD-202565,2023-09-25,2023-09-29,CUST-3311,SKU-1007,1,459.03,10,413.13,280.0,133.13,Social,Cash on Delivery
ORD-201113,2023-09-26,2023-09-29,CUST-3123,SKU-1017,4,40.98,0,163.92,84.0,79.92,Referral,Credit Card
ORD-201113,2023-09-26,2023-09-29,CUST-3123,SKU-1020,2,83.54,10,150.37,88.0,62.37,Referral,Credit Card
ORD-201515,2023-09-26,2023-09-27,CUST-3174,SKU-1013,3,7.42,0,22.26,7.2,15.06,Direct,Bank Transfer
ORD-201515,2023-09-26,2023-09-27,CUST-3174,SKU-1011,1,27.67,15,23.52,12.0,11.52,Direct,Bank Transfer
ORD-200371,2023-09-27,2023-10-03,CUST-3048,SKU-1019,3,24.29,0,72.87,33.0,39.87,Social,PayPal
ORD-200371,2023-09-27,2023-10-03,CUST-3048,SKU-1020,3,78.01,10,210.63,132.0,78.63,Social,PayPal
ORD-200371,2023-09-27,2023-10-03,CUST-3048,SKU-1020,3,81.45,0,244.35,132.0,112.35,Social,PayPal
ORD-200999,2023-09-27,2023-10-01,CUST-3116,SKU-1013,4,7.92,5,30.1,9.6,20.5,Direct,PayPal
ORD-201809,2023-09-27,2023-10-01,CUST-3217,SKU-1020,5,77.87,15,330.95,220.0,110.95,Direct,Apple Pay
ORD-201809,2023-09-27,2023-10-01,CUST-3217,SKU-1020,4,83.09,15,282.51,176.0,106.51,Direct,Apple Pay
ORD-202437,2023-09-27,2023-10-01,CUST-3296,SKU-1020,3,80.47,0,241.41,132.0,109.41,Organic Search,Apple Pay
ORD-202437,2023-09-27,2023-10-01,CUST-3296,SKU-1009,1,35.44,0,35.44,15.0,20.44,Organic Search,Apple Pay
ORD-200263,2023-09-28,2023-10-02,CUST-3036,SKU-1020,2,78.66,10,141.59,88.0,53.59,Social,Credit Card
ORD-200264,2023-09-28,2023-10-04,CUST-3036,SKU-1001,4,15.17,0,60.68,32.8,27.88,Social,PayPal
ORD-200521,2023-09-28,2023-10-05,CUST-3060,SKU-1009,1,34.08,0,34.08,15.0,19.08,Email,Cash on Delivery
ORD-200765,2023-09-28,2023-10-01,CUST-3088,SKU-1019,5,24.73,10,111.29,55.0,56.29,Referral,Credit Card
ORD-200765,2023-09-28,2023-10-01,CUST-3088,SKU-1004,5,33.46,0,167.3,87.5,79.8,Referral,Credit Card
ORD-201469,2023-09-28,2023-09-29,CUST-3172,SKU-1019,3,23.96,0,71.88,33.0,38.88,Social,Bank Transfer
ORD-201469,2023-09-28,2023-09-29,CUST-3172,SKU-1005,3,14.97,15,38.17,27.3,10.87,Social,Bank Transfer
ORD-201469,2023-09-28,2023-09-29,CUST-3172,SKU-1014,5,11.87,0,59.35,20.5,38.85,Social,Bank Transfer
ORD-202566,2023-09-28,2023-10-03,CUST-3311,SKU-1020,5,82.67,10,372.02,220.0,152.02,Email,Apple Pay
ORD-202566,2023-09-28,2023-10-03,CUST-3311,SKU-1020,5,78.04,20,312.16,220.0,92.16,Email,Apple Pay
ORD-200904,2023-09-29,2023-09-30,CUST-3106,SKU-1020,3,77.88,0,233.64,132.0,101.64,Email,Apple Pay
ORD-200053,2023-09-30,2023-10-01,CUST-3007,SKU-1020,4,78.41,0,313.64,176.0,137.64,Referral,Credit Card
ORD-200053,2023-09-30,2023-10-01,CUST-3007,SKU-1020,4,82.56,5,313.73,176.0,137.73,Referral,Credit Card
ORD-200053,2023-09-30,2023-10-01,CUST-3007,SKU-1020,4,80.81,0,323.24,176.0,147.24,Referral,Credit Card
ORD-200801,2023-09-30,2023-10-01,CUST-3089,SKU-1006,4,9.93,15,33.76,19.2,14.56,Direct,Apple Pay
ORD-202423,2023-09-30,2023-10-02,CUST-3292,SKU-1010,1,41.61,10,37.45,19.5,17.95,Social,Apple Pay
ORD-200290,2023-10-01,2023-10-03,CUST-3040,SKU-1013,3,7.8,10,21.06,7.2,13.86,Referral,Bank Transfer
ORD-201241,2023-10-01,2023-10-07,CUST-3141,SKU-1019,4,24.71,0,98.84,44.0,54.84,Organic Search,Cash on Delivery
ORD-201772,2023-10-01,2023-10-02,CUST-3216,SKU-1019,4,23.91,5,90.86,44.0,46.86,Direct,PayPal
ORD-201887,2023-10-01,2023-10-07,CUST-3222,SKU-1013,4,7.74,0,30.96,9.6,21.36,Email,Credit Card
ORD-201887,2023-10-01,2023-10-07,CUST-3222,SKU-1008,1,130.5,0,130.5,74.0,56.5,Email,Credit Card
ORD-201914,2023-10-01,2023-10-08,CUST-3225,SKU-1009,1,35.0,15,29.75,15.0,14.75,Organic Search,Bank Transfer
ORD-202171,2023-10-01,2023-10-08,CUST-3255,SKU-1019,1,24.91,20,19.93,11.0,8.93,Email,Cash on Delivery
ORD-202171,2023-10-01,2023-10-08,CUST-3255,SKU-1013,3,7.66,0,22.98,7.2,15.78,Email,Cash on Delivery
ORD-202930,2023-10-01,2023-10-04,CUST-3346,SKU-1014,3,11.95,0,35.85,12.3,23.55,Referral,PayPal
ORD-200023,2023-10-02,2023-10-04,CUST-3004,SKU-1008,1,133.34,10,120.01,74.0,46.01,Social,Cash on Delivery
ORD-200023,2023-10-02,2023-10-04,CUST-3004,SKU-1005,3,14.89,0,44.67,27.3,17.37,Social,Cash on Delivery
ORD-201702,2023-10-02,2023-10-08,CUST-3208,SKU-1004,4,31.5,10,113.4,70.0,43.4,Organic Search,Credit Card
ORD-201702,2023-10-02,2023-10-08,CUST-3208,SKU-1020,2,79.55,0,159.1,88.0,71.1,Organic Search,Credit Card
ORD-201702,2023-10-02,2023-10-08,CUST-3208,SKU-1018,4,28.27,0,113.08,54.0,59.08,Organic Search,Credit Card
ORD-202112,2023-10-02,2023-10-04,CUST-3246,SKU-1020,3,81.43,0,244.29,132.0,112.29,Referral,Credit Card
ORD-200279,2023-10-03,2023-10-10,CUST-3038,SKU-1020,2,80.6,20,128.96,88.0,40.96,Social,Cash on Delivery
ORD-200279,2023-10-03,2023-10-10,CUST-3038,SKU-1020,3,79.96,0,239.88,132.0,107.88,Social,Cash on Delivery
ORD-202567,2023-10-03,2023-10-04,CUST-3311,SKU-1018,5,27.69,0,138.45,67.5,70.95,Email,Cash on Delivery
ORD-202567,2023-10-03,2023-10-04,CUST-3311,SKU-1020,4,81.43,20,260.58,176.0,84.58,Email,Cash on Delivery
ORD-202567,2023-10-03,2023-10-04,CUST-3311,SKU-1017,4,40.82,0,163.28,84.0,79.28,Email,Cash on Delivery
ORD-200962,2023-10-04,2023-10-10,CUST-3113,SKU-1019,4,25.13,5,95.49,44.0,51.49,Organic Search,Cash on Delivery
ORD-201668,2023-10-04,2023-10-07,CUST-3202,SKU-1002,3,12.89,5,36.74,22.2,14.54,Direct,PayPal
ORD-201383,2023-10-05,2023-10-10,CUST-3160,SKU-1004,2,31.39,20,50.22,35.0,15.22,Organic Search,PayPal
ORD-201383,2023-10-05,2023-10-10,CUST-3160,SKU-1017,3,40.6,0,121.8,63.0,58.8,Organic Search,PayPal
ORD-201383,2023-10-05,2023-10-10,CUST-3160,SKU-1005,3,15.87,5,45.23,27.3,17.93,Organic Search,PayPal
ORD-202096,2023-10-05,2023-10-10,CUST-3245,SKU-1011,1,29.13,5,27.67,12.0,15.67,Social,Cash on Delivery
ORD-200905,2023-10-06,2023-10-12,CUST-3106,SKU-1019,5,25.11,20,100.44,55.0,45.44,Email,PayPal
ORD-201272,2023-10-06,2023-10-11,CUST-3143,SKU-1007,1,440.85,10,396.77,280.0,116.77,Email,Credit Card
ORD-201272,2023-10-06,2023-10-11,CUST-3143,SKU-1020,5,82.97,20,331.88,220.0,111.88,Email,Credit Card
ORD-201272,2023-10-06,2023-10-11,CUST-3143,SKU-1020,4,79.35,15,269.79,176.0,93.79,Email,Credit Card
ORD-201273,2023-10-06,2023-10-09,CUST-3143,SKU-1015,3,9.11,10,24.6,9.6,15.0,Email,Bank Transfer
ORD-201273,2023-10-06,2023-10-09,CUST-3143,SKU-1019,3,24.67,10,66.61,33.0,33.61,Email,Bank Transfer
ORD-201949,2023-10-06,2023-10-13,CUST-3231,SKU-1010,1,41.64,10,37.48,19.5,17.98,Email,Bank Transfer
ORD-201949,2023-10-06,2023-10-13,CUST-3231,SKU-1020,3,83.72,15,213.49,132.0,81.49,Email,Bank Transfer
ORD-202457,2023-10-06,2023-10-09,CUST-3301,SKU-1001,5,14.26,5,67.73,41.0,26.73,Paid Search,Apple Pay
ORD-202457,2023-10-06,2023-10-09,CUST-3301,SKU-1020,3,78.77,5,224.49,132.0,92.49,Paid Search,Apple Pay
ORD-202457,2023-10-06,2023-10-09,CUST-3301,SKU-1015,3,9.02,0,27.06,9.6,17.46,Paid Search,Apple Pay
ORD-202802,2023-10-06,2023-10-10,CUST-3330,SKU-1020,4,79.24,0,316.96,176.0,140.96,Email,PayPal
ORD-201121,2023-10-07,2023-10-09,CUST-3124,SKU-1006,1,10.49,15,8.92,4.8,4.12,Paid Search,PayPal
ORD-201121,2023-10-07,2023-10-09,CUST-3124,SKU-1003,2,11.98,15,20.37,12.6,7.77,Paid Search,PayPal
ORD-201121,2023-10-07,2023-10-09,CUST-3124,SKU-1011,1,29.06,10,26.15,12.0,14.15,Paid Search,PayPal
ORD-201435,2023-10-07,2023-10-12,CUST-3169,SKU-1019,4,23.76,0,95.04,44.0,51.04,Direct,Credit Card
ORD-202602,2023-10-07,2023-10-14,CUST-3312,SKU-1009,1,33.57,0,33.57,15.0,18.57,Organic Search,Bank Transfer
ORD-202612,2023-10-07,2023-10-09,CUST-3313,SKU-1019,2,24.72,0,49.44,22.0,27.44,Email,Cash on Delivery
ORD-202803,2023-10-07,2023-10-09,CUST-3330,SKU-1020,4,80.29,0,321.16,176.0,145.16,Referral,Bank Transfer
ORD-200143,2023-10-08,2023-10-13,CUST-3018,SKU-1020,2,81.73,20,130.77,88.0,42.77,Organic Search,Bank Transfer
ORD-200143,2023-10-08,2023-10-13,CUST-3018,SKU-1012,2,19.0,10,34.2,13.0,21.2,Organic Search,Bank Transfer
ORD-200143,2023-10-08,2023-10-13,CUST-3018,SKU-1020,4,81.15,0,324.6,176.0,148.6,Organic Search,Bank Transfer
ORD-200372,2023-10-08,2023-10-10,CUST-3048,SKU-1019,3,24.8,10,66.96,33.0,33.96,Referral,Cash on Delivery
ORD-200372,2023-10-08,2023-10-10,CUST-3048,SKU-1013,5,7.37,0,36.85,12.0,24.85,Referral,Cash on Delivery
ORD-201518,2023-10-08,2023-10-12,CUST-3175,SKU-1003,2,11.44,0,22.88,12.6,10.28,Social,Bank Transfer
ORD-202283,2023-10-08,2023-10-14,CUST-3273,SKU-1001,3,14.75,0,44.25,24.6,19.65,Paid Search,Cash on Delivery
ORD-202283,2023-10-08,2023-10-14,CUST-3273,SKU-1014,1,12.08,10,10.87,4.1,6.77,Paid Search,Cash on Delivery
ORD-202441,2023-10-08,2023-10-10,CUST-3298,SKU-1009,1,33.47,10,30.12,15.0,15.12,Social,Cash on Delivery
ORD-200054,2023-10-09,2023-10-15,CUST-3007,SKU-1020,3,78.97,5,225.06,132.0,93.06,Referral,Apple Pay
ORD-200054,2023-10-09,2023-10-15,CUST-3007,SKU-1019,5,24.77,0,123.85,55.0,68.85,Referral,Apple Pay
ORD-201740,2023-10-09,2023-10-12,CUST-3213,SKU-1019,2,24.19,0,48.38,22.0,26.38,Direct,Cash on Delivery
ORD-201740,2023-10-09,2023-10-12,CUST-3213,SKU-1016,2,8.46,5,16.07,6.0,10.07,Direct,Cash on Delivery
ORD-200174,2023-10-10,2023-10-11,CUST-3021,SKU-1009,1,35.56,15,30.23,15.0,15.23,Paid Search,PayPal
ORD-200174,2023-10-10,2023-10-11,CUST-3021,SKU-1018,3,27.98,10,75.55,40.5,35.05,Paid Search,PayPal
ORD-200631,2023-10-10,2023-10-15,CUST-3070,SKU-1020,4,79.39,0,317.56,176.0,141.56,Email,Apple Pay
ORD-200631,2023-10-10,2023-10-15,CUST-3070,SKU-1014,5,11.96,10,53.82,20.5,33.32,Email,Apple Pay
ORD-200631,2023-10-10,2023-10-15,CUST-3070,SKU-1013,3,7.7,0,23.1,7.2,15.9,Email,Apple Pay
ORD-201847,2023-10-10,2023-10-16,CUST-3220,SKU-1020,3,83.57,15,213.1,132.0,81.1,Direct,Cash on Delivery
ORD-202016,2023-10-10,2023-10-12,CUST-3240,SKU-1019,5,24.0,20,96.0,55.0,41.0,Organic Search,Bank Transfer
ORD-202016,2023-10-10,2023-10-12,CUST-3240,SKU-1003,5,11.7,20,46.8,31.5,15.3,Organic Search,Bank Transfer
ORD-200580,2023-10-11,2023-10-14,CUST-3065,SKU-1013,3,7.55,15,19.25,7.2,12.05,Paid Search,Bank Transfer
ORD-200580,2023-10-11,2023-10-14,CUST-3065,SKU-1011,1,28.65,5,27.22,12.0,15.22,Paid Search,Bank Transfer
ORD-201384,2023-10-11,2023-10-13,CUST-3160,SKU-1009,1,35.21,15,29.93,15.0,14.93,Social,PayPal
ORD-201384,2023-10-11,2023-10-13,CUST-3160,SKU-1007,1,457.58,0,457.58,280.0,177.58,Social,PayPal
ORD-201644,2023-10-11,2023-10-18,CUST-3194,SKU-1020,3,79.16,10,213.73,132.0,81.73,Organic Search,Bank Transfer
ORD-201644,2023-10-11,2023-10-18,CUST-3194,SKU-1004,2,32.64,5,62.02,35.0,27.02,Organic Search,Bank Transfer
ORD-201203,2023-10-12,2023-10-13,CUST-3138,SKU-1003,3,11.82,10,31.91,18.9,13.01,Organic Search,Cash on Delivery
ORD-201203,2023-10-12,2023-10-13,CUST-3138,SKU-1019,4,23.71,5,90.1,44.0,46.1,Organic Search,Cash on Delivery
ORD-201369,2023-10-12,2023-10-16,CUST-3156,SKU-1018,2,26.54,10,47.77,27.0,20.77,Paid Search,Cash on Delivery
ORD-201369,2023-10-12,2023-10-16,CUST-3156,SKU-1014,2,12.06,10,21.71,8.2,13.51,Paid Search,Cash on Delivery
ORD-201369,2023-10-12,2023-10-16,CUST-3156,SKU-1019,4,25.29,10,91.04,44.0,47.04,Paid Search,Cash on Delivery
ORD-201741,2023-10-12,2023-10-18,CUST-3213,SKU-1005,2,15.56,10,28.01,18.2,9.81,Social,Bank Transfer
ORD-201741,2023-10-12,2023-10-18,CUST-3213,SKU-1010,1,41.68,0,41.68,19.5,22.18,Social,Bank Transfer
ORD-201990,2023-10-12,2023-10-13,CUST-3237,SKU-1006,2,10.31,0,20.62,9.6,11.02,Paid Search,Apple Pay
ORD-200342,2023-10-13,2023-10-19,CUST-3042,SKU-1015,2,9.1,0,18.2,6.4,11.8,Email,Cash on Delivery
ORD-200342,2023-10-13,2023-10-19,CUST-3042,SKU-1008,1,129.38,10,116.44,74.0,42.44,Email,Cash on Delivery
ORD-200461,2023-10-13,2023-10-16,CUST-3054,SKU-1020,4,83.63,0,334.52,176.0,158.52,Paid Search,Credit Card
ORD-200661,2023-10-13,2023-10-20,CUST-3072,SKU-1019,4,23.68,15,80.51,44.0,36.51,Organic Search,Credit Card
ORD-200661,2023-10-13,2023-10-20,CUST-3072,SKU-1012,2,18.55,0,37.1,13.0,24.1,Organic Search,Credit Card
ORD-200661,2023-10-13,2023-10-20,CUST-3072,SKU-1006,4,9.92,15,33.73,19.2,14.53,Organic Search,Credit Card
ORD-201057,2023-10-13,2023-10-14,CUST-3121,SKU-1020,5,81.22,0,406.1,220.0,186.1,Direct,Credit Card
ORD-202780,2023-10-13,2023-10-14,CUST-3326,SKU-1017,3,38.87,0,116.61,63.0,53.61,Social,Apple Pay
ORD-202780,2023-10-13,2023-10-14,CUST-3326,SKU-1010,1,42.83,0,42.83,19.5,23.33,Social,Apple Pay
ORD-202780,2023-10-13,2023-10-14,CUST-3326,SKU-1001,3,14.24,10,38.45,24.6,13.85,Social,Apple Pay
ORD-200963,2023-10-14,2023-10-15,CUST-3113,SKU-1020,5,77.84,20,311.36,220.0,91.36,Email,Bank Transfer
ORD-201274,2023-10-14,2023-10-20,CUST-3143,SKU-1019,4,25.43,15,86.46,44.0,42.46,Organic Search,Apple Pay
ORD-201519,2023-10-14,2023-10-21,CUST-3176,SKU-1019,1,24.11,5,22.9,11.0,11.9,Social,Bank Transfer
ORD-201519,2023-10-14,2023-10-21,CUST-3176,SKU-1012,1,17.81,0,17.81,6.5,11.31,Social,Bank Transfer
ORD-201848,2023-10-14,2023-10-18,CUST-3220,SKU-1020,3,82.52,20,198.05,132.0,66.05,Organic Search,Bank Transfer
ORD-201848,2023-10-14,2023-10-18,CUST-3220,SKU-1019,5,24.63,0,123.15,55.0,68.15,Organic Search,Bank Transfer
ORD-201848,2023-10-14,2023-10-18,CUST-3220,SKU-1019,5,24.76,0,123.8,55.0,68.8,Organic Search,Bank Transfer
ORD-202097,2023-10-14,2023-10-18,CUST-3245,SKU-1015,3,9.35,0,28.05,9.6,18.45,Direct,Bank Transfer
ORD-202097,2023-10-14,2023-10-18,CUST-3245,SKU-1020,2,80.78,0,161.56,88.0,73.56,Direct,Bank Transfer
ORD-202284,2023-10-14,2023-10-19,CUST-3273,SKU-1005,2,15.72,0,31.44,18.2,13.24,Organic Search,Bank Transfer
ORD-200994,2023-10-15,2023-10-18,CUST-3115,SKU-1018,3,26.71,0,80.13,40.5,39.63,Organic Search,Apple Pay
ORD-200994,2023-10-15,2023-10-18,CUST-3115,SKU-1019,1,24.33,15,20.68,11.0,9.68,Organic Search,Apple Pay
ORD-201773,2023-10-15,2023-10-22,CUST-3216,SKU-1020,4,80.05,10,288.18,176.0,112.18,Organic Search,Bank Transfer
ORD-201933,2023-10-15,2023-10-16,CUST-3227,SKU-1010,1,43.82,0,43.82,19.5,24.32,Social,Apple Pay
ORD-202017,2023-10-15,2023-10-17,CUST-3240,SKU-1002,5,12.85,0,64.25,37.0,27.25,Paid Search,Apple Pay
ORD-202017,2023-10-15,2023-10-17,CUST-3240,SKU-1020,4,82.07,10,295.45,176.0,119.45,Paid Search,Apple Pay
ORD-201915,2023-10-16,2023-10-21,CUST-3225,SKU-1019,4,24.22,0,96.88,44.0,52.88,Paid Search,PayPal
ORD-202628,2023-10-16,2023-10-20,CUST-3317,SKU-1020,5,79.95,15,339.79,220.0,119.79,Social,Credit Card
ORD-202628,2023-10-16,2023-10-20,CUST-3317,SKU-1019,3,24.93,0,74.79,33.0,41.79,Social,Credit Card
ORD-202628,2023-10-16,2023-10-20,CUST-3317,SKU-1015,4,9.03,20,28.9,12.8,16.1,Social,Credit Card
ORD-202950,2023-10-16,2023-10-20,CUST-3349,SKU-1019,5,24.55,10,110.48,55.0,55.48,Direct,Bank Transfer
ORD-200216,2023-10-17,2023-10-18,CUST-3030,SKU-1001,3,15.27,0,45.81,24.6,21.21,Direct,Apple Pay
ORD-200216,2023-10-17,2023-10-18,CUST-3030,SKU-1004,4,33.13,20,106.02,70.0,36.02,Direct,Apple Pay
ORD-201275,2023-10-17,2023-10-23,CUST-3143,SKU-1020,4,80.89,0,323.56,176.0,147.56,Email,PayPal
ORD-201849,2023-10-17,2023-10-18,CUST-3220,SKU-1003,4,11.82,20,37.82,25.2,12.62,Paid Search,Credit Card
ORD-201849,2023-10-17,2023-10-18,CUST-3220,SKU-1019,5,24.23,0,121.15,55.0,66.15,Paid Search,Credit Card
ORD-201916,2023-10-17,2023-10-22,CUST-3225,SKU-1009,1,34.97,0,34.97,15.0,19.97,Direct,Cash on Delivery
ORD-200522,2023-10-18,2023-10-25,CUST-3060,SKU-1003,3,11.81,0,35.43,18.9,16.53,Social,Credit Card
ORD-200601,2023-10-18,2023-10-20,CUST-3067,SKU-1019,4,23.86,0,95.44,44.0,51.44,Social,Credit Card
ORD-200601,2023-10-18,2023-10-20,CUST-3067,SKU-1005,5,14.79,0,73.95,45.5,28.45,Social,Credit Card
ORD-200601,2023-10-18,2023-10-20,CUST-3067,SKU-1002,4,13.2,0,52.8,29.6,23.2,Social,Credit Card
ORD-200859,2023-10-18,2023-10-24,CUST-3096,SKU-1003,1,11.75,5,11.16,6.3,4.86,Organic Search,PayPal
ORD-200859,2023-10-18,2023-10-24,CUST-3096,SKU-1018,2,28.54,0,57.08,27.0,30.08,Organic Search,PayPal
ORD-200859,2023-10-18,2023-10-24,CUST-3096,SKU-1013,2,7.55,10,13.59,4.8,8.79,Organic Search,PayPal
ORD-202380,2023-10-18,2023-10-25,CUST-3289,SKU-1019,3,24.26,0,72.78,33.0,39.78,Referral,Bank Transfer
ORD-202880,2023-10-18,2023-10-20,CUST-3335,SKU-1005,4,14.76,0,59.04,36.4,22.64,Social,Credit Card
ORD-200481,2023-10-19,2023-10-23,CUST-3056,SKU-1013,2,7.38,10,13.28,4.8,8.48,Social,Credit Card
ORD-200481,2023-10-19,2023-10-23,CUST-3056,SKU-1015,3,9.27,0,27.81,9.6,18.21,Social,Credit Card
ORD-200531,2023-10-19,2023-10-22,CUST-3061,SKU-1006,5,9.81,0,49.05,24.0,25.05,Email,Bank Transfer
ORD-200531,2023-10-19,2023-10-22,CUST-3061,SKU-1005,5,15.14,0,75.7,45.5,30.2,Email,Bank Transfer
ORD-200632,2023-10-19,2023-10-25,CUST-3070,SKU-1019,3,25.24,10,68.15,33.0,35.15,Referral,Cash on Delivery
ORD-202113,2023-10-19,2023-10-26,CUST-3246,SKU-1019,3,24.0,5,68.4,33.0,35.4,Organic Search,Cash on Delivery
ORD-202113,2023-10-19,2023-10-26,CUST-3246,SKU-1012,3,18.52,10,50.0,19.5,30.5,Organic Search,Cash on Delivery
ORD-202340,2023-10-19,2023-10-23,CUST-3285,SKU-1020,4,79.75,0,319.0,176.0,143.0,Referral,Cash on Delivery
ORD-202340,2023-10-19,2023-10-23,CUST-3285,SKU-1019,2,24.07,5,45.73,22.0,23.73,Referral,Cash on Delivery
ORD-200633,2023-10-20,2023-10-26,CUST-3070,SKU-1019,3,24.4,20,58.56,33.0,25.56,Email,PayPal
ORD-200633,2023-10-20,2023-10-26,CUST-3070,SKU-1007,1,472.14,0,472.14,280.0,192.14,Email,PayPal
ORD-201177,2023-10-20,2023-10-24,CUST-3134,SKU-1016,2,8.71,10,15.68,6.0,9.68,Email,Apple Pay
ORD-201177,2023-10-20,2023-10-24,CUST-3134,SKU-1012,2,18.54,0,37.08,13.0,24.08,Email,Apple Pay
ORD-201177,2023-10-20,2023-10-24,CUST-3134,SKU-1017,3,38.89,0,116.67,63.0,53.67,Email,Apple Pay
ORD-201470,2023-10-20,2023-10-22,CUST-3172,SKU-1002,3,13.4,5,38.19,22.2,15.99,Social,Bank Transfer
ORD-201470,2023-10-20,2023-10-22,CUST-3172,SKU-1019,5,24.98,0,124.9,55.0,69.9,Social,Bank Transfer
ORD-201470,2023-10-20,2023-10-22,CUST-3172,SKU-1020,5,78.71,20,314.84,220.0,94.84,Social,Bank Transfer
ORD-201548,2023-10-20,2023-10-25,CUST-3184,SKU-1001,4,14.62,0,58.48,32.8,25.68,Direct,PayPal
ORD-202381,2023-10-20,2023-10-25,CUST-3289,SKU-1013,4,7.68,0,30.72,9.6,21.12,Social,Bank Transfer
ORD-202381,2023-10-20,2023-10-25,CUST-3289,SKU-1019,3,23.53,20,56.47,33.0,23.47,Social,Bank Transfer
ORD-201127,2023-10-21,2023-10-26,CUST-3126,SKU-1012,2,18.97,0,37.94,13.0,24.94,Email,Cash on Delivery
ORD-202720,2023-10-21,2023-10-25,CUST-3321,SKU-1003,3,11.84,10,31.97,18.9,13.07,Direct,PayPal
ORD-202720,2023-10-21,2023-10-25,CUST-3321,SKU-1011,1,29.0,0,29.0,12.0,17.0,Direct,PayPal
ORD-200141,2023-10-22,2023-10-27,CUST-3017,SKU-1014,3,12.16,5,34.66,12.3,22.36,Social,Bank Transfer
ORD-200141,2023-10-22,2023-10-27,CUST-3017,SKU-1013,2,7.82,0,15.64,4.8,10.84,Social,Bank Transfer
ORD-200141,2023-10-22,2023-10-27,CUST-3017,SKU-1005,2,14.72,0,29.44,18.2,11.24,Social,Bank Transfer
ORD-200532,2023-10-22,2023-10-28,CUST-3061,SKU-1020,5,79.4,15,337.45,220.0,117.45,Paid Search,Apple Pay
ORD-200802,2023-10-22,2023-10-24,CUST-3089,SKU-1019,3,25.4,0,76.2,33.0,43.2,Referral,PayPal
ORD-200802,2023-10-22,2023-10-24,CUST-3089,SKU-1020,3,83.74,0,251.22,132.0,119.22,Referral,PayPal
ORD-200802,2023-10-22,2023-10-24,CUST-3089,SKU-1019,4,23.6,10,84.96,44.0,40.96,Referral,PayPal
ORD-201058,2023-10-22,2023-10-25,CUST-3121,SKU-1019,4,25.07,0,100.28,44.0,56.28,Paid Search,Cash on Delivery
ORD-201058,2023-10-22,2023-10-25,CUST-3121,SKU-1005,5,15.55,20,62.2,45.5,16.7,Paid Search,Cash on Delivery
ORD-201810,2023-10-22,2023-10-28,CUST-3217,SKU-1015,3,9.24,10,24.95,9.6,15.35,Email,Apple Pay
ORD-201810,2023-10-22,2023-10-28,CUST-3217,SKU-1014,5,12.09,0,60.45,20.5,39.95,Email,Apple Pay
ORD-202881,2023-10-22,2023-10-27,CUST-3335,SKU-1013,2,7.71,20,12.34,4.8,7.54,Organic Search,PayPal
ORD-200523,2023-10-23,2023-10-24,CUST-3060,SKU-1011,1,28.0,0,28.0,12.0,16.0,Email,Apple Pay
ORD-200533,2023-10-23,2023-10-28,CUST-3061,SKU-1019,4,25.0,0,100.0,44.0,56.0,Referral,Credit Card
ORD-200533,2023-10-23,2023-10-28,CUST-3061,SKU-1019,3,24.75,15,63.11,33.0,30.11,Referral,Credit Card
ORD-200602,2023-10-23,2023-10-30,CUST-3067,SKU-1019,4,24.93,10,89.75,44.0,45.75,Direct,PayPal
ORD-200602,2023-10-23,2023-10-30,CUST-3067,SKU-1019,3,25.19,0,75.57,33.0,42.57,Direct,PayPal
ORD-200603,2023-10-23,2023-10-30,CUST-3067,SKU-1011,1,28.94,0,28.94,12.0,16.94,Paid Search,Credit Card
ORD-200603,2023-10-23,2023-10-30,CUST-3067,SKU-1019,3,23.66,0,70.98,33.0,37.98,Paid Search,Credit Card
ORD-201169,2023-10-23,2023-10-29,CUST-3133,SKU-1012,3,17.95,0,53.85,19.5,34.35,Email,Bank Transfer
ORD-201169,2023-10-23,2023-10-29,CUST-3133,SKU-1020,2,77.9,0,155.8,88.0,67.8,Email,Bank Transfer
ORD-201169,2023-10-23,2023-10-29,CUST-3133,SKU-1020,4,77.88,15,264.79,176.0,88.79,Email,Bank Transfer
ORD-202142,2023-10-23,2023-10-30,CUST-3247,SKU-1004,5,33.83,10,152.23,87.5,64.73,Email,Bank Transfer
ORD-202142,2023-10-23,2023-10-30,CUST-3247,SKU-1018,3,27.73,15,70.71,40.5,30.21,Email,Bank Transfer
ORD-201850,2023-10-25,2023-10-28,CUST-3220,SKU-1019,4,24.7,10,88.92,44.0,44.92,Paid Search,Bank Transfer
ORD-201850,2023-10-25,2023-10-28,CUST-3220,SKU-1020,3,78.35,20,188.04,132.0,56.04,Paid Search,Bank Transfer
ORD-202629,2023-10-25,2023-11-01,CUST-3317,SKU-1019,4,25.1,10,90.36,44.0,46.36,Referral,Credit Card
ORD-202629,2023-10-25,2023-11-01,CUST-3317,SKU-1014,5,12.38,10,55.71,20.5,35.21,Referral,Credit Card
ORD-202629,2023-10-25,2023-11-01,CUST-3317,SKU-1002,5,13.01,10,58.55,37.0,21.55,Referral,Credit Card
ORD-200024,2023-10-26,2023-11-02,CUST-3004,SKU-1011,1,28.5,0,28.5,12.0,16.5,Email,Apple Pay
ORD-201059,2023-10-26,2023-10-31,CUST-3121,SKU-1019,3,23.9,0,71.7,33.0,38.7,Direct,Apple Pay
ORD-201568,2023-10-26,2023-10-27,CUST-3186,SKU-1015,1,9.46,0,9.46,3.2,6.26,Paid Search,Apple Pay
ORD-201703,2023-10-26,2023-10-29,CUST-3208,SKU-1018,2,26.97,0,53.94,27.0,26.94,Referral,PayPal
ORD-201703,2023-10-26,2023-10-29,CUST-3208,SKU-1008,1,133.28,20,106.62,74.0,32.62,Referral,PayPal
ORD-201703,2023-10-26,2023-10-29,CUST-3208,SKU-1018,3,28.07,0,84.21,40.5,43.71,Referral,PayPal
ORD-202442,2023-10-26,2023-10-27,CUST-3298,SKU-1010,1,44.22,10,39.8,19.5,20.3,Paid Search,Bank Transfer
ORD-202442,2023-10-26,2023-10-27,CUST-3298,SKU-1020,4,80.72,0,322.88,176.0,146.88,Paid Search,Bank Transfer
ORD-202442,2023-10-26,2023-10-27,CUST-3298,SKU-1016,4,8.48,15,28.83,12.0,16.83,Paid Search,Bank Transfer
ORD-200482,2023-10-27,2023-10-31,CUST-3056,SKU-1014,2,12.63,0,25.26,8.2,17.06,Social,Apple Pay
ORD-200482,2023-10-27,2023-10-31,CUST-3056,SKU-1016,4,8.38,10,30.17,12.0,18.17,Social,Apple Pay
ORD-200524,2023-10-27,2023-10-29,CUST-3060,SKU-1001,2,14.74,20,23.58,16.4,7.18,Paid Search,Cash on Delivery
ORD-200524,2023-10-27,2023-10-29,CUST-3060,SKU-1016,4,8.48,0,33.92,12.0,21.92,Paid Search,Cash on Delivery
ORD-200524,2023-10-27,2023-10-29,CUST-3060,SKU-1020,3,79.64,15,203.08,132.0,71.08,Paid Search,Cash on Delivery
ORD-201704,2023-10-27,2023-11-02,CUST-3208,SKU-1010,1,42.33,20,33.86,19.5,14.36,Organic Search,Credit Card
ORD-201749,2023-10-27,2023-11-02,CUST-3215,SKU-1014,4,12.21,20,39.07,16.4,22.67,Referral,Apple Pay
ORD-201749,2023-10-27,2023-11-02,CUST-3215,SKU-1019,4,23.54,20,75.33,44.0,31.33,Referral,Apple Pay
ORD-201774,2023-10-27,2023-10-29,CUST-3216,SKU-1019,5,25.02,0,125.1,55.0,70.1,Referral,PayPal
ORD-201774,2023-10-27,2023-10-29,CUST-3216,SKU-1001,5,15.25,5,72.44,41.0,31.44,Referral,PayPal
ORD-201774,2023-10-27,2023-10-29,CUST-3216,SKU-1020,4,82.62,0,330.48,176.0,154.48,Referral,PayPal
ORD-201775,2023-10-28,2023-10-29,CUST-3216,SKU-1019,3,23.85,15,60.82,33.0,27.82,Social,Cash on Delivery
ORD-201775,2023-10-28,2023-10-29,CUST-3216,SKU-1020,4,78.8,0,315.2,176.0,139.2,Social,Cash on Delivery
ORD-201950,2023-10-28,2023-11-04,CUST-3231,SKU-1019,2,23.55,10,42.39,22.0,20.39,Referral,Cash on Delivery
ORD-202356,2023-10-28,2023-10-29,CUST-3288,SKU-1013,2,7.53,20,12.05,4.8,7.25,Direct,Apple Pay
ORD-202356,2023-10-28,2023-10-29,CUST-3288,SKU-1009,1,34.15,0,34.15,15.0,19.15,Direct,Apple Pay
ORD-201193,2023-10-29,2023-11-02,CUST-3137,SKU-1010,1,42.96,5,40.81,19.5,21.31,Paid Search,Cash on Delivery
ORD-201193,2023-10-29,2023-11-02,CUST-3137,SKU-1020,1,81.84,0,81.84,44.0,37.84,Paid Search,Cash on Delivery
ORD-201204,2023-10-29,2023-10-31,CUST-3138,SKU-1020,3,81.0,20,194.4,132.0,62.4,Email,Cash on Delivery
ORD-201359,2023-10-29,2023-11-03,CUST-3155,SKU-1020,2,83.24,5,158.16,88.0,70.16,Email,Credit Card
ORD-201359,2023-10-29,2023-11-03,CUST-3155,SKU-1020,2,81.83,10,147.29,88.0,59.29,Email,Credit Card
ORD-201750,2023-10-29,2023-11-04,CUST-3215,SKU-1012,3,18.17,0,54.51,19.5,35.01,Email,Apple Pay
ORD-202923,2023-10-29,2023-10-30,CUST-3344,SKU-1011,1,28.11,0,28.11,12.0,16.11,Paid Search,Apple Pay
ORD-202923,2023-10-29,2023-10-30,CUST-3344,SKU-1019,1,24.36,0,24.36,11.0,13.36,Paid Search,Apple Pay
ORD-201308,2023-10-30,2023-11-05,CUST-3144,SKU-1012,1,17.94,0,17.94,6.5,11.44,Direct,Cash on Delivery
ORD-201308,2023-10-30,2023-11-05,CUST-3144,SKU-1013,1,7.56,5,7.18,2.4,4.78,Direct,Cash on Delivery
ORD-201729,2023-10-30,2023-11-02,CUST-3212,SKU-1018,4,27.83,0,111.32,54.0,57.32,Email,Bank Transfer
ORD-202093,2023-10-30,2023-11-06,CUST-3244,SKU-1011,1,28.55,5,27.12,12.0,15.12,Referral,Bank Transfer
ORD-202093,2023-10-30,2023-11-06,CUST-3244,SKU-1020,3,82.15,0,246.45,132.0,114.45,Referral,Bank Transfer
ORD-202951,2023-10-30,2023-10-31,CUST-3349,SKU-1019,3,23.69,10,63.96,33.0,30.96,Referral,Bank Transfer
ORD-200713,2023-10-31,2023-11-02,CUST-3076,SKU-1002,1,12.9,15,10.96,7.4,3.56,Organic Search,PayPal
ORD-200843,2023-10-31,2023-11-04,CUST-3094,SKU-1015,2,9.06,5,17.21,6.4,10.81,Direct,Apple Pay
ORD-200843,2023-10-31,2023-11-04,CUST-3094,SKU-1012,4,18.33,10,65.99,26.0,39.99,Direct,Apple Pay
ORD-200843,2023-10-31,2023-11-04,CUST-3094,SKU-1016,2,8.75,10,15.75,6.0,9.75,Direct,Apple Pay
ORD-201957,2023-10-31,2023-11-02,CUST-3234,SKU-1019,3,23.91,0,71.73,33.0,38.73,Referral,PayPal
ORD-202018,2023-10-31,2023-11-07,CUST-3240,SKU-1020,4,80.31,10,289.12,176.0,113.12,Organic Search,Apple Pay
ORD-202175,2023-10-31,2023-11-06,CUST-3257,SKU-1019,2,24.64,5,46.82,22.0,24.82,Direct,Credit Card
ORD-202175,2023-10-31,2023-11-06,CUST-3257,SKU-1017,4,41.14,5,156.33,84.0,72.33,Direct,Credit Card
ORD-200483,2023-11-01,2023-11-07,CUST-3056,SKU-1011,1,28.54,0,28.54,12.0,16.54,Email,Cash on Delivery
ORD-200483,2023-11-01,2023-11-07,CUST-3056,SKU-1005,2,15.49,20,24.78,18.2,6.58,Email,Cash on Delivery
ORD-200483,2023-11-01,2023-11-07,CUST-3056,SKU-1007,1,469.85,20,375.88,280.0,95.88,Email,Cash on Delivery
ORD-201205,2023-11-01,2023-11-05,CUST-3138,SKU-1019,4,24.2,0,96.8,44.0,52.8,Referral,Bank Transfer
ORD-201645,2023-11-01,2023-11-03,CUST-3195,SKU-1017,1,39.22,0,39.22,21.0,18.22,Direct,PayPal
ORD-202114,2023-11-01,2023-11-02,CUST-3246,SKU-1001,4,15.28,10,55.01,32.8,22.21,Email,Apple Pay
ORD-202114,2023-11-01,2023-11-02,CUST-3246,SKU-1019,4,24.7,0,98.8,44.0,54.8,Email,Apple Pay
ORD-202924,2023-11-01,2023-11-06,CUST-3344,SKU-1007,1,450.51,0,450.51,280.0,170.51,Email,Apple Pay
ORD-200175,2023-11-02,2023-11-08,CUST-3022,SKU-1020,3,81.82,15,208.64,132.0,76.64,Email,PayPal
ORD-201178,2023-11-02,2023-11-07,CUST-3134,SKU-1019,4,24.47,0,97.88,44.0,53.88,Organic Search,Bank Transfer
ORD-201692,2023-11-02,2023-11-07,CUST-3207,SKU-1020,4,82.65,0,330.6,176.0,154.6,Social,Credit Card
ORD-202542,2023-11-02,2023-11-03,CUST-3310,SKU-1020,3,77.43,0,232.29,132.0,100.29,Organic Search,Cash on Delivery
ORD-202542,2023-11-02,2023-11-03,CUST-3310,SKU-1019,3,24.96,10,67.39,33.0,34.39,Organic Search,Cash on Delivery
ORD-201031,2023-11-03,2023-11-06,CUST-3119,SKU-1003,3,11.84,10,31.97,18.9,13.07,Organic Search,Bank Transfer
ORD-201114,2023-11-03,2023-11-06,CUST-3123,SKU-1017,3,40.8,10,110.16,63.0,47.16,Paid Search,Cash on Delivery
ORD-202246,2023-11-03,2023-11-07,CUST-3268,SKU-1020,3,83.55,0,250.65,132.0,118.65,Organic Search,Apple Pay
ORD-202255,2023-11-03,2023-11-07,CUST-3269,SKU-1002,2,13.34,0,26.68,14.8,11.88,Referral,Bank Transfer
ORD-202256,2023-11-03,2023-11-10,CUST-3269,SKU-1019,2,24.66,0,49.32,22.0,27.32,Referral,Apple Pay
ORD-200040,2023-11-04,2023-11-09,CUST-3005,SKU-1020,2,81.21,0,162.42,88.0,74.42,Referral,Credit Card
ORD-200055,2023-11-04,2023-11-11,CUST-3007,SKU-1019,4,24.17,10,87.01,44.0,43.01,Social,Bank Transfer
ORD-200834,2023-11-04,2023-11-08,CUST-3092,SKU-1015,3,9.13,0,27.39,9.6,17.79,Paid Search,Cash on Delivery
ORD-200834,2023-11-04,2023-11-08,CUST-3092,SKU-1015,1,9.47,0,9.47,3.2,6.27,Paid Search,Cash on Delivery
ORD-200834,2023-11-04,2023-11-08,CUST-3092,SKU-1016,2,8.68,15,14.76,6.0,8.76,Paid Search,Cash on Delivery
ORD-200925,2023-11-04,2023-11-07,CUST-3108,SKU-1019,3,23.77,0,71.31,33.0,38.31,Organic Search,PayPal
ORD-201060,2023-11-04,2023-11-07,CUST-3121,SKU-1020,4,78.63,5,298.79,176.0,122.79,Direct,Apple Pay
ORD-201060,2023-11-04,2023-11-07,CUST-3121,SKU-1020,5,79.9,0,399.5,220.0,179.5,Direct,Apple Pay
ORD-201060,2023-11-04,2023-11-07,CUST-3121,SKU-1019,3,24.76,0,74.28,33.0,41.28,Direct,Apple Pay
ORD-201128,2023-11-04,2023-11-10,CUST-3126,SKU-1006,1,10.4,0,10.4,4.8,5.6,Email,PayPal
ORD-202247,2023-11-04,2023-11-10,CUST-3268,SKU-1017,2,38.81,0,77.62,42.0,35.62,Paid Search,Apple Pay
ORD-202382,2023-11-04,2023-11-08,CUST-3289,SKU-1007,1,457.52,20,366.02,280.0,86.02,Paid Search,Bank Transfer
ORD-202804,2023-11-04,2023-11-08,CUST-3330,SKU-1020,4,80.36,15,273.22,176.0,97.22,Email,Apple Pay
ORD-200217,2023-11-05,2023-11-09,CUST-3030,SKU-1019,2,24.77,0,49.54,22.0,27.54,Social,Credit Card
ORD-200217,2023-11-05,2023-11-09,CUST-3030,SKU-1013,4,7.9,20,25.28,9.6,15.68,Social,Credit Card
ORD-200217,2023-11-05,2023-11-09,CUST-3030,SKU-1010,1,43.59,0,43.59,19.5,24.09,Social,Credit Card
ORD-200634,2023-11-05,2023-11-10,CUST-3070,SKU-1009,1,35.84,10,32.26,15.0,17.26,Referral,Apple Pay
ORD-200634,2023-11-05,2023-11-10,CUST-3070,SKU-1019,5,25.19,10,113.36,55.0,58.36,Referral,Apple Pay
ORD-200766,2023-11-05,2023-11-09,CUST-3088,SKU-1020,5,83.52,0,417.6,220.0,197.6,Paid Search,Bank Transfer
ORD-201646,2023-11-05,2023-11-10,CUST-3195,SKU-1016,3,8.41,0,25.23,9.0,16.23,Referral,Credit Card
ORD-201646,2023-11-05,2023-11-10,CUST-3195,SKU-1017,2,39.05,0,78.1,42.0,36.1,Referral,Credit Card
ORD-201646,2023-11-05,2023-11-10,CUST-3195,SKU-1010,1,42.87,0,42.87,19.5,23.37,Referral,Credit Card
ORD-200109,2023-11-06,2023-11-09,CUST-3012,SKU-1008,1,128.75,10,115.88,74.0,41.88,Referral,Credit Card
ORD-200144,2023-11-06,2023-11-09,CUST-3018,SKU-1001,4,14.69,20,47.01,32.8,14.21,Paid Search,Bank Transfer
ORD-200144,2023-11-06,2023-11-09,CUST-3018,SKU-1016,4,8.74,10,31.46,12.0,19.46,Paid Search,Bank Transfer
ORD-200144,2023-11-06,2023-11-09,CUST-3018,SKU-1002,4,13.47,0,53.88,29.6,24.28,Paid Search,Bank Transfer
ORD-202008,2023-11-06,2023-11-12,CUST-3239,SKU-1014,3,12.61,0,37.83,12.3,25.53,Paid Search,PayPal
ORD-200145,2023-11-07,2023-11-12,CUST-3018,SKU-1018,2,27.78,0,55.56,27.0,28.56,Email,Bank Transfer
ORD-200145,2023-11-07,2023-11-12,CUST-3018,SKU-1003,2,11.86,10,21.35,12.6,8.75,Email,Bank Transfer
ORD-201206,2023-11-07,2023-11-13,CUST-3138,SKU-1020,5,83.05,0,415.25,220.0,195.25,Referral,Credit Card
ORD-201455,2023-11-07,2023-11-11,CUST-3171,SKU-1004,4,31.43,0,125.72,70.0,55.72,Referral,Credit Card
ORD-202488,2023-11-07,2023-11-09,CUST-3304,SKU-1006,3,10.43,15,26.6,14.4,12.2,Direct,Bank Transfer
ORD-202488,2023-11-07,2023-11-09,CUST-3304,SKU-1020,4,83.48,0,333.92,176.0,157.92,Direct,Bank Transfer
ORD-202882,2023-11-07,2023-11-12,CUST-3335,SKU-1019,4,24.74,0,98.96,44.0,54.96,Paid Search,PayPal
ORD-202977,2023-11-07,2023-11-09,CUST-3350,SKU-1020,4,82.1,20,262.72,176.0,86.72,Social,Cash on Delivery
ORD-202977,2023-11-07,2023-11-09,CUST-3350,SKU-1013,3,7.66,0,22.98,7.2,15.78,Social,Cash on Delivery
ORD-202977,2023-11-07,2023-11-09,CUST-3350,SKU-1013,4,7.41,0,29.64,9.6,20.04,Social,Cash on Delivery
ORD-201098,2023-11-08,2023-11-11,CUST-3122,SKU-1015,3,8.89,0,26.67,9.6,17.07,Direct,Credit Card
ORD-200083,2023-11-09,2023-11-16,CUST-3008,SKU-1020,2,83.68,20,133.89,88.0,45.89,Referral,Credit Card
ORD-200083,2023-11-09,2023-11-16,CUST-3008,SKU-1020,4,81.08,0,324.32,176.0,148.32,Referral,Credit Card
ORD-200525,2023-11-09,2023-11-10,CUST-3060,SKU-1020,3,78.77,10,212.68,132.0,80.68,Referral,Credit Card
ORD-200525,2023-11-09,2023-11-10,CUST-3060,SKU-1019,2,24.81,0,49.62,22.0,27.62,Referral,Credit Card
ORD-201851,2023-11-09,2023-11-16,CUST-3220,SKU-1020,4,78.36,0,313.44,176.0,137.44,Referral,PayPal
ORD-201851,2023-11-09,2023-11-16,CUST-3220,SKU-1011,1,28.03,15,23.83,12.0,11.83,Referral,PayPal
ORD-201852,2023-11-09,2023-11-16,CUST-3220,SKU-1019,3,24.66,10,66.58,33.0,33.58,Organic Search,Bank Transfer
ORD-202543,2023-11-09,2023-11-10,CUST-3310,SKU-1003,4,11.97,0,47.88,25.2,22.68,Social,Bank Transfer
ORD-202630,2023-11-09,2023-11-15,CUST-3317,SKU-1020,5,81.59,0,407.95,220.0,187.95,Social,Bank Transfer
ORD-202630,2023-11-09,2023-11-15,CUST-3317,SKU-1016,5,8.96,0,44.8,15.0,29.8,Social,Bank Transfer
ORD-200158,2023-11-10,2023-11-15,CUST-3019,SKU-1015,3,9.14,5,26.05,9.6,16.45,Organic Search,Apple Pay
ORD-201391,2023-11-10,2023-11-14,CUST-3162,SKU-1019,2,23.72,10,42.7,22.0,20.7,Email,Credit Card
ORD-201410,2023-11-10,2023-11-17,CUST-3166,SKU-1009,1,34.77,0,34.77,15.0,19.77,Referral,Apple Pay
ORD-201410,2023-11-10,2023-11-17,CUST-3166,SKU-1012,2,19.04,0,38.08,13.0,25.08,Referral,Apple Pay
ORD-201853,2023-11-10,2023-11-11,CUST-3220,SKU-1011,1,27.78,20,22.22,12.0,10.22,Email,Apple Pay
ORD-201360,2023-11-11,2023-11-16,CUST-3155,SKU-1019,2,24.94,0,49.88,22.0,27.88,Paid Search,Apple Pay
ORD-201360,2023-11-11,2023-11-16,CUST-3155,SKU-1017,4,41.04,10,147.74,84.0,63.74,Paid Search,Apple Pay
ORD-201471,2023-11-11,2023-11-17,CUST-3172,SKU-1012,3,18.07,10,48.79,19.5,29.29,Social,Bank Transfer
ORD-201705,2023-11-11,2023-11-17,CUST-3208,SKU-1007,1,441.68,10,397.51,280.0,117.51,Social,Apple Pay
ORD-201705,2023-11-11,2023-11-17,CUST-3208,SKU-1019,4,24.72,5,93.94,44.0,49.94,Social,Apple Pay
ORD-202080,2023-11-11,2023-11-12,CUST-3242,SKU-1010,1,42.05,10,37.84,19.5,18.34,Organic Search,PayPal
ORD-202080,2023-11-11,2023-11-12,CUST-3242,SKU-1019,2,24.81,15,42.18,22.0,20.18,Organic Search,PayPal
ORD-202080,2023-11-11,2023-11-12,CUST-3242,SKU-1019,3,25.29,20,60.7,33.0,27.7,Organic Search,PayPal
ORD-202702,2023-11-11,2023-11-14,CUST-3320,SKU-1001,3,15.04,0,45.12,24.6,20.52,Referral,Apple Pay
ORD-202883,2023-11-11,2023-11-16,CUST-3335,SKU-1016,4,8.82,5,33.52,12.0,21.52,Social,Cash on Delivery
ORD-200160,2023-11-12,2023-11-13,CUST-3020,SKU-1020,3,82.41,15,210.15,132.0,78.15,Direct,Bank Transfer
ORD-201647,2023-11-12,2023-11-17,CUST-3195,SKU-1012,1,18.09,10,16.28,6.5,9.78,Paid Search,Bank Transfer
ORD-201958,2023-11-12,2023-11-15,CUST-3234,SKU-1017,3,40.98,0,122.94,63.0,59.94,Paid Search,Cash on Delivery
ORD-201958,2023-11-12,2023-11-15,CUST-3234,SKU-1015,1,9.03,0,9.03,3.2,5.83,Paid Search,Cash on Delivery
ORD-201958,2023-11-12,2023-11-15,CUST-3234,SKU-1001,1,15.02,5,14.27,8.2,6.07,Paid Search,Cash on Delivery
ORD-201964,2023-11-12,2023-11-13,CUST-3236,SKU-1010,1,42.27,0,42.27,19.5,22.77,Direct,Credit Card
ORD-201964,2023-11-12,2023-11-13,CUST-3236,SKU-1020,3,83.6,0,250.8,132.0,118.8,Direct,Credit Card
ORD-202115,2023-11-12,2023-11-17,CUST-3246,SKU-1013,5,7.83,0,39.15,12.0,27.15,Direct,Apple Pay
ORD-202115,2023-11-12,2023-11-17,CUST-3246,SKU-1019,3,24.6,15,62.73,33.0,29.73,Direct,Apple Pay
ORD-202752,2023-11-12,2023-11-18,CUST-3322,SKU-1016,2,8.88,15,15.1,6.0,9.1,Social,Credit Card
ORD-202792,2023-11-12,2023-11-17,CUST-3329,SKU-1019,3,24.49,15,62.45,33.0,29.45,Organic Search,PayPal
ORD-200010,2023-11-13,2023-11-20,CUST-3003,SKU-1018,4,27.02,10,97.27,54.0,43.27,Social,Apple Pay
ORD-200205,2023-11-13,2023-11-19,CUST-3026,SKU-1020,4,83.18,0,332.72,176.0,156.72,Email,Bank Transfer
ORD-200205,2023-11-13,2023-11-19,CUST-3026,SKU-1003,2,11.89,15,20.21,12.6,7.61,Email,Bank Transfer
ORD-200205,2023-11-13,2023-11-19,CUST-3026,SKU-1002,4,13.46,20,43.07,29.6,13.47,Email,Bank Transfer
ORD-200844,2023-11-13,2023-11-15,CUST-3094,SKU-1019,3,23.88,15,60.89,33.0,27.89,Email,Apple Pay
ORD-200844,2023-11-13,2023-11-15,CUST-3094,SKU-1003,3,11.5,5,32.77,18.9,13.87,Email,Apple Pay
ORD-200995,2023-11-13,2023-11-17,CUST-3115,SKU-1019,2,24.99,0,49.98,22.0,27.98,Social,Cash on Delivery
ORD-200995,2023-11-13,2023-11-17,CUST-3115,SKU-1013,1,7.52,0,7.52,2.4,5.12,Social,Cash on Delivery
ORD-200995,2023-11-13,2023-11-17,CUST-3115,SKU-1010,1,42.16,0,42.16,19.5,22.66,Social,Cash on Delivery
ORD-201013,2023-11-13,2023-11-19,CUST-3118,SKU-1012,5,18.36,0,91.8,32.5,59.3,Email,Credit Card
ORD-201965,2023-11-13,2023-11-14,CUST-3236,SKU-1006,4,10.42,0,41.68,19.2,22.48,Direct,Credit Card
ORD-201965,2023-11-13,2023-11-14,CUST-3236,SKU-1011,1,29.5,20,23.6,12.0,11.6,Direct,Credit Card
ORD-202050,2023-11-13,2023-11-20,CUST-3241,SKU-1011,1,28.38,15,24.12,12.0,12.12,Direct,Credit Card
ORD-202050,2023-11-13,2023-11-20,CUST-3241,SKU-1019,4,24.19,0,96.76,44.0,52.76,Direct,Credit Card
ORD-202050,2023-11-13,2023-11-20,CUST-3241,SKU-1019,4,24.89,0,99.56,44.0,55.56,Direct,Credit Card
ORD-202206,2023-11-13,2023-11-16,CUST-3259,SKU-1014,4,12.57,5,47.77,16.4,31.37,Paid Search,Credit Card
ORD-202206,2023-11-13,2023-11-16,CUST-3259,SKU-1019,3,24.03,0,72.09,33.0,39.09,Paid Search,Credit Card
ORD-202544,2023-11-13,2023-11-17,CUST-3310,SKU-1006,4,9.81,10,35.32,19.2,16.12,Paid Search,Credit Card
ORD-202081,2023-11-14,2023-11-21,CUST-3242,SKU-1014,3,12.47,0,37.41,12.3,25.11,Direct,PayPal
ORD-202082,2023-11-14,2023-11-15,CUST-3242,SKU-1007,1,450.89,0,450.89,280.0,170.89,Organic Search,PayPal
ORD-202082,2023-11-14,2023-11-15,CUST-3242,SKU-1001,3,15.03,10,40.58,24.6,15.98,Organic Search,PayPal
ORD-202082,2023-11-14,2023-11-15,CUST-3242,SKU-1020,4,77.89,0,311.56,176.0,135.56,Organic Search,PayPal
ORD-202383,2023-11-14,2023-11-18,CUST-3289,SKU-1009,1,34.79,10,31.31,15.0,16.31,Direct,Bank Transfer
ORD-202383,2023-11-14,2023-11-18,CUST-3289,SKU-1020,3,78.01,0,234.03,132.0,102.03,Direct,Bank Transfer
ORD-202845,2023-11-14,2023-11-15,CUST-3334,SKU-1014,5,12.3,0,61.5,20.5,41.0,Referral,Bank Transfer
ORD-200635,2023-11-15,2023-11-16,CUST-3070,SKU-1020,5,78.19,0,390.95,220.0,170.95,Referral,Apple Pay
ORD-200635,2023-11-15,2023-11-16,CUST-3070,SKU-1016,3,8.48,0,25.44,9.0,16.44,Referral,Apple Pay
ORD-202293,2023-11-15,2023-11-22,CUST-3276,SKU-1001,3,15.33,5,43.69,24.6,19.09,Social,Credit Card
ORD-202846,2023-11-15,2023-11-19,CUST-3334,SKU-1009,1,33.52,15,28.49,15.0,13.49,Direct,Cash on Delivery
ORD-200159,2023-11-16,2023-11-18,CUST-3019,SKU-1013,3,7.9,10,21.33,7.2,14.13,Social,Apple Pay
ORD-200159,2023-11-16,2023-11-18,CUST-3019,SKU-1012,2,18.96,0,37.92,13.0,24.92,Social,Apple Pay
ORD-200899,2023-11-16,2023-11-23,CUST-3104,SKU-1004,1,31.83,5,30.24,17.5,12.74,Direct,Apple Pay
ORD-200899,2023-11-16,2023-11-23,CUST-3104,SKU-1009,1,35.33,5,33.56,15.0,18.56,Direct,Apple Pay
ORD-201132,2023-11-16,2023-11-21,CUST-3128,SKU-1020,2,81.28,0,162.56,88.0,74.56,Social,Apple Pay
ORD-201132,2023-11-16,2023-11-21,CUST-3128,SKU-1004,2,31.49,5,59.83,35.0,24.83,Social,Apple Pay
ORD-201132,2023-11-16,2023-11-21,CUST-3128,SKU-1009,1,35.96,0,35.96,15.0,20.96,Social,Apple Pay
ORD-201170,2023-11-16,2023-11-22,CUST-3133,SKU-1019,3,24.65,10,66.55,33.0,33.55,Direct,Cash on Delivery
ORD-201170,2023-11-16,2023-11-22,CUST-3133,SKU-1020,4,81.74,15,277.92,176.0,101.92,Direct,Cash on Delivery
ORD-201311,2023-11-16,2023-11-20,CUST-3145,SKU-1009,1,35.34,10,31.81,15.0,16.81,Organic Search,Apple Pay
ORD-201311,2023-11-16,2023-11-20,CUST-3145,SKU-1007,1,468.25,10,421.43,280.0,141.43,Organic Search,Apple Pay
ORD-201456,2023-11-16,2023-11-23,CUST-3171,SKU-1014,4,12.09,0,48.36,16.4,31.96,Referral,Bank Transfer
ORD-201597,2023-11-16,2023-11-19,CUST-3192,SKU-1020,4,78.37,0,313.48,176.0,137.48,Social,Cash on Delivery
ORD-201886,2023-11-16,2023-11-22,CUST-3221,SKU-1008,1,134.45,0,134.45,74.0,60.45,Organic Search,Bank Transfer
ORD-202019,2023-11-16,2023-11-17,CUST-3240,SKU-1019,3,24.9,0,74.7,33.0,41.7,Social,Cash on Delivery
ORD-202019,2023-11-16,2023-11-17,CUST-3240,SKU-1005,3,15.85,10,42.8,27.3,15.5,Social,Cash on Delivery
ORD-200604,2023-11-17,2023-11-23,CUST-3067,SKU-1008,1,131.59,0,131.59,74.0,57.59,Referral,Credit Card
ORD-201370,2023-11-17,2023-11-20,CUST-3156,SKU-1011,1,29.37,0,29.37,12.0,17.37,Organic Search,Apple Pay
ORD-201572,2023-11-17,2023-11-19,CUST-3187,SKU-1019,3,25.44,15,64.87,33.0,31.87,Email,PayPal
ORD-201572,2023-11-17,2023-11-19,CUST-3187,SKU-1004,3,33.34,0,100.02,52.5,47.52,Email,PayPal
ORD-201966,2023-11-17,2023-11-20,CUST-3236,SKU-1020,5,78.7,0,393.5,220.0,173.5,Direct,Apple Pay
ORD-201966,2023-11-17,2023-11-20,CUST-3236,SKU-1011,1,29.43,20,23.54,12.0,11.54,Direct,Apple Pay
ORD-202116,2023-11-17,2023-11-23,CUST-3246,SKU-1019,4,23.66,15,80.44,44.0,36.44,Direct,Bank Transfer
ORD-202489,2023-11-17,2023-11-20,CUST-3304,SKU-1011,1,27.76,0,27.76,12.0,15.76,Organic Search,Apple Pay
ORD-201032,2023-11-18,2023-11-20,CUST-3119,SKU-1011,1,28.85,0,28.85,12.0,16.85,Direct,Cash on Delivery
ORD-201032,2023-11-18,2023-11-20,CUST-3119,SKU-1008,1,128.3,15,109.06,74.0,35.06,Direct,Cash on Delivery
ORD-201032,2023-11-18,2023-11-20,CUST-3119,SKU-1006,2,9.71,5,18.45,9.6,8.85,Direct,Cash on Delivery
ORD-201679,2023-11-18,2023-11-23,CUST-3203,SKU-1013,2,7.64,0,15.28,4.8,10.48,Paid Search,Apple Pay
ORD-201679,2023-11-18,2023-11-23,CUST-3203,SKU-1019,2,25.38,20,40.61,22.0,18.61,Paid Search,Apple Pay
ORD-200001,2023-11-19,2023-11-24,CUST-3001,SKU-1009,1,34.36,20,27.49,15.0,12.49,Email,Cash on Delivery
ORD-200001,2023-11-19,2023-11-24,CUST-3001,SKU-1018,3,27.28,0,81.84,40.5,41.34,Email,Cash on Delivery
ORD-200001,2023-11-19,2023-11-24,CUST-3001,SKU-1020,2,83.34,10,150.01,88.0,62.01,Email,Cash on Delivery
ORD-201523,2023-11-19,2023-11-20,CUST-3178,SKU-1004,3,32.1,0,96.3,52.5,43.8,Paid Search,Bank Transfer
ORD-201523,2023-11-19,2023-11-20,CUST-3178,SKU-1002,1,12.85,0,12.85,7.4,5.45,Paid Search,Bank Transfer
ORD-201648,2023-11-19,2023-11-25,CUST-3195,SKU-1010,1,41.27,5,39.21,19.5,19.71,Paid Search,Credit Card
ORD-201896,2023-11-19,2023-11-26,CUST-3223,SKU-1020,4,79.06,20,252.99,176.0,76.99,Direct,Credit Card
ORD-201896,2023-11-19,2023-11-26,CUST-3223,SKU-1020,4,82.0,15,278.8,176.0,102.8,Direct,Credit Card
ORD-201896,2023-11-19,2023-11-26,CUST-3223,SKU-1008,1,130.68,20,104.54,74.0,30.54,Direct,Credit Card
ORD-200462,2023-11-20,2023-11-26,CUST-3054,SKU-1013,5,7.85,10,35.33,12.0,23.33,Social,Bank Transfer
ORD-200462,2023-11-20,2023-11-26,CUST-3054,SKU-1019,3,23.96,0,71.88,33.0,38.88,Social,Bank Transfer
ORD-200462,2023-11-20,2023-11-26,CUST-3054,SKU-1019,4,25.29,15,85.99,44.0,41.99,Social,Bank Transfer
ORD-201411,2023-11-20,2023-11-23,CUST-3166,SKU-1020,2,79.55,5,151.14,88.0,63.14,Social,Apple Pay
ORD-202020,2023-11-20,2023-11-23,CUST-3240,SKU-1002,4,12.76,10,45.94,29.6,16.34,Paid Search,Bank Transfer
ORD-202020,2023-11-20,2023-11-23,CUST-3240,SKU-1011,1,29.55,5,28.07,12.0,16.07,Paid Search,Bank Transfer
ORD-202020,2023-11-20,2023-11-23,CUST-3240,SKU-1019,3,24.52,15,62.53,33.0,29.53,Paid Search,Bank Transfer
ORD-202167,2023-11-20,2023-11-27,CUST-3253,SKU-1020,1,77.6,15,65.96,44.0,21.96,Direct,Cash on Delivery
ORD-202167,2023-11-20,2023-11-27,CUST-3253,SKU-1006,2,10.49,10,18.88,9.6,9.28,Direct,Cash on Delivery
ORD-202490,2023-11-20,2023-11-21,CUST-3304,SKU-1020,5,80.37,15,341.57,220.0,121.57,Referral,Bank Transfer
ORD-200803,2023-11-21,2023-11-22,CUST-3089,SKU-1007,1,470.79,15,400.17,280.0,120.17,Organic Search,Credit Card
ORD-200803,2023-11-21,2023-11-22,CUST-3089,SKU-1020,5,81.48,10,366.66,220.0,146.66,Organic Search,Credit Card
ORD-200803,2023-11-21,2023-11-22,CUST-3089,SKU-1019,5,24.36,10,109.62,55.0,54.62,Organic Search,Credit Card
ORD-201395,2023-11-21,2023-11-27,CUST-3164,SKU-1020,2,78.07,15,132.72,88.0,44.72,Social,Apple Pay
ORD-201395,2023-11-21,2023-11-27,CUST-3164,SKU-1005,4,15.27,5,58.03,36.4,21.63,Social,Apple Pay
ORD-202229,2023-11-21,2023-11-22,CUST-3264,SKU-1006,4,9.77,0,39.08,19.2,19.88,Paid Search,Credit Card
ORD-200098,2023-11-22,2023-11-29,CUST-3010,SKU-1019,3,24.26,0,72.78,33.0,39.78,Email,Bank Transfer
ORD-200265,2023-11-22,2023-11-26,CUST-3036,SKU-1012,4,18.68,0,74.72,26.0,48.72,Email,Cash on Delivery
ORD-200265,2023-11-22,2023-11-26,CUST-3036,SKU-1010,1,43.69,15,37.14,19.5,17.64,Email,Cash on Delivery
ORD-200265,2023-11-22,2023-11-26,CUST-3036,SKU-1015,3,9.06,0,27.18,9.6,17.58,Email,Cash on Delivery
ORD-201380,2023-11-22,2023-11-29,CUST-3158,SKU-1013,2,7.57,5,14.38,4.8,9.58,Paid Search,Cash on Delivery
ORD-201380,2023-11-22,2023-11-29,CUST-3158,SKU-1005,2,14.74,5,28.01,18.2,9.81,Paid Search,Cash on Delivery
ORD-202192,2023-11-22,2023-11-23,CUST-3258,SKU-1020,4,83.62,10,301.03,176.0,125.03,Social,Credit Card
ORD-202721,2023-11-22,2023-11-28,CUST-3321,SKU-1020,5,82.45,10,371.03,220.0,151.03,Social,Apple Pay
ORD-202721,2023-11-22,2023-11-28,CUST-3321,SKU-1020,4,81.82,20,261.82,176.0,85.82,Social,Apple Pay
ORD-200084,2023-11-23,2023-11-26,CUST-3008,SKU-1019,3,24.83,10,67.04,33.0,34.04,Email,Apple Pay
ORD-200161,2023-11-23,2023-11-28,CUST-3020,SKU-1020,3,77.99,0,233.97,132.0,101.97,Referral,Credit Card
ORD-200622,2023-11-23,2023-11-25,CUST-3068,SKU-1006,2,9.94,0,19.88,9.6,10.28,Email,Credit Card
ORD-200622,2023-11-23,2023-11-25,CUST-3068,SKU-1006,4,10.34,20,33.09,19.2,13.89,Email,Credit Card
ORD-200622,2023-11-23,2023-11-25,CUST-3068,SKU-1019,4,24.39,0,97.56,44.0,53.56,Email,Credit Card
ORD-201238,2023-11-23,2023-11-27,CUST-3139,SKU-1008,1,130.29,0,130.29,74.0,56.29,Social,Apple Pay
ORD-201238,2023-11-23,2023-11-27,CUST-3139,SKU-1016,2,8.88,0,17.76,6.0,11.76,Social,Apple Pay
ORD-201497,2023-11-23,2023-11-28,CUST-3173,SKU-1018,3,27.32,10,73.76,40.5,33.26,Referral,Credit Card
ORD-201497,2023-11-23,2023-11-28,CUST-3173,SKU-1016,3,8.84,0,26.52,9.0,17.52,Referral,Credit Card
ORD-202659,2023-11-23,2023-11-28,CUST-3318,SKU-1020,5,79.27,0,396.35,220.0,176.35,Referral,PayPal
ORD-202659,2023-11-23,2023-11-28,CUST-3318,SKU-1005,4,14.8,0,59.2,36.4,22.8,Referral,PayPal
ORD-200025,2023-11-24,2023-11-26,CUST-3004,SKU-1017,5,38.95,10,175.28,105.0,70.28,Direct,PayPal
ORD-200025,2023-11-24,2023-11-26,CUST-3004,SKU-1014,4,12.33,5,46.85,16.4,30.45,Direct,PayPal
ORD-200119,2023-11-24,2023-11-25,CUST-3013,SKU-1012,3,18.71,0,56.13,19.5,36.63,Referral,Credit Card
ORD-200126,2023-11-24,2023-11-27,CUST-3015,SKU-1020,2,79.72,5,151.47,88.0,63.47,Social,Bank Transfer
ORD-200146,2023-11-24,2023-11-29,CUST-3018,SKU-1018,2,27.67,10,49.81,27.0,22.81,Paid Search,Bank Transfer
ORD-200146,2023-11-24,2023-11-29,CUST-3018,SKU-1019,2,25.09,20,40.14,22.0,18.14,Paid Search,Bank Transfer
ORD-200280,2023-11-24,2023-11-28,CUST-3038,SKU-1007,1,449.22,5,426.76,280.0,146.76,Organic Search,PayPal
ORD-200373,2023-11-24,2023-11-26,CUST-3048,SKU-1020,4,77.78,0,311.12,176.0,135.12,Referral,Bank Transfer
ORD-200373,2023-11-24,2023-11-26,CUST-3048,SKU-1006,4,9.76,0,39.04,19.2,19.84,Referral,Bank Transfer
ORD-200373,2023-11-24,2023-11-26,CUST-3048,SKU-1001,3,15.07,0,45.21,24.6,20.61,Referral,Bank Transfer
ORD-200416,2023-11-24,2023-11-30,CUST-3053,SKU-1020,5,80.39,15,341.66,220.0,121.66,Email,Apple Pay
ORD-200417,2023-11-24,2023-11-29,CUST-3053,SKU-1013,5,7.5,0,37.5,12.0,25.5,Organic Search,PayPal
ORD-200670,2023-11-24,2023-11-27,CUST-3073,SKU-1020,4,82.82,0,331.28,176.0,155.28,Paid Search,Apple Pay
ORD-200767,2023-11-24,2023-11-30,CUST-3088,SKU-1020,3,79.48,5,226.52,132.0,94.52,Referral,PayPal
ORD-200767,2023-11-24,2023-11-30,CUST-3088,SKU-1019,3,24.94,0,74.82,33.0,41.82,Referral,PayPal
ORD-200768,2023-11-24,2023-11-27,CUST-3088,SKU-1012,5,17.8,5,84.55,32.5,52.05,Organic Search,Credit Card
ORD-200845,2023-11-24,2023-12-01,CUST-3094,SKU-1010,1,42.91,0,42.91,19.5,23.41,Email,Credit Card
ORD-201014,2023-11-24,2023-11-25,CUST-3118,SKU-1019,3,24.69,0,74.07,33.0,41.07,Social,Apple Pay
ORD-201061,2023-11-24,2023-11-29,CUST-3121,SKU-1006,3,9.96,0,29.88,14.4,15.48,Email,PayPal
ORD-201061,2023-11-24,2023-11-29,CUST-3121,SKU-1019,5,24.87,0,124.35,55.0,69.35,Email,PayPal
ORD-201061,2023-11-24,2023-11-29,CUST-3121,SKU-1011,1,27.85,15,23.67,12.0,11.67,Email,PayPal
ORD-201129,2023-11-24,2023-12-01,CUST-3126,SKU-1012,2,19.03,10,34.25,13.0,21.25,Social,Cash on Delivery
ORD-201129,2023-11-24,2023-12-01,CUST-3126,SKU-1009,1,34.48,0,34.48,15.0,19.48,Social,Cash on Delivery
ORD-201129,2023-11-24,2023-12-01,CUST-3126,SKU-1019,1,23.74,10,21.37,11.0,10.37,Social,Cash on Delivery
ORD-201650,2023-11-24,2023-11-25,CUST-3196,SKU-1002,2,13.14,0,26.28,14.8,11.48,Referral,Bank Transfer
ORD-201650,2023-11-24,2023-11-25,CUST-3196,SKU-1018,1,27.94,10,25.15,13.5,11.65,Referral,Bank Transfer
ORD-201693,2023-11-24,2023-11-27,CUST-3207,SKU-1010,1,41.33,0,41.33,19.5,21.83,Email,PayPal
ORD-201693,2023-11-24,2023-11-27,CUST-3207,SKU-1005,2,14.95,0,29.9,18.2,11.7,Email,PayPal
ORD-201776,2023-11-24,2023-11-30,CUST-3216,SKU-1019,4,23.55,10,84.78,44.0,40.78,Email,Bank Transfer
ORD-201811,2023-11-24,2023-11-28,CUST-3217,SKU-1019,3,24.0,20,57.6,33.0,24.6,Social,Bank Transfer
ORD-201811,2023-11-24,2023-11-28,CUST-3217,SKU-1016,5,8.34,20,33.36,15.0,18.36,Social,Bank Transfer
ORD-201854,2023-11-24,2023-11-26,CUST-3220,SKU-1009,1,33.58,15,28.54,15.0,13.54,Email,Cash on Delivery
ORD-201854,2023-11-24,2023-11-26,CUST-3220,SKU-1019,3,25.12,0,75.36,33.0,42.36,Email,Cash on Delivery
ORD-201855,2023-11-24,2023-11-26,CUST-3220,SKU-1019,4,23.77,15,80.82,44.0,36.82,Referral,Bank Transfer
ORD-201855,2023-11-24,2023-11-26,CUST-3220,SKU-1019,3,25.41,20,60.98,33.0,27.98,Referral,Bank Transfer
ORD-202098,2023-11-24,2023-12-01,CUST-3245,SKU-1020,3,83.06,0,249.18,132.0,117.18,Organic Search,Bank Transfer
ORD-202207,2023-11-24,2023-11-28,CUST-3259,SKU-1019,2,24.73,20,39.57,22.0,17.57,Email,Bank Transfer
ORD-202263,2023-11-24,2023-11-30,CUST-3271,SKU-1006,3,10.4,5,29.64,14.4,15.24,Direct,Apple Pay
ORD-202357,2023-11-24,2023-11-25,CUST-3288,SKU-1006,2,10.06,0,20.12,9.6,10.52,Paid Search,Credit Card
ORD-202481,2023-11-24,2023-11-29,CUST-3302,SKU-1008,1,134.61,0,134.61,74.0,60.61,Organic Search,Cash on Delivery
ORD-202481,2023-11-24,2023-11-29,CUST-3302,SKU-1016,1,8.53,0,8.53,3.0,5.53,Organic Search,Cash on Delivery
ORD-202481,2023-11-24,2023-11-29,CUST-3302,SKU-1005,3,15.03,0,45.09,27.3,17.79,Organic Search,Cash on Delivery
ORD-202535,2023-11-24,2023-12-01,CUST-3309,SKU-1014,2,11.93,15,20.28,8.2,12.08,Social,Apple Pay
ORD-202536,2023-11-24,2023-11-25,CUST-3309,SKU-1010,1,41.28,0,41.28,19.5,21.78,Social,Credit Card
ORD-202536,2023-11-24,2023-11-25,CUST-3309,SKU-1001,2,14.81,10,26.66,16.4,10.26,Social,Credit Card
ORD-202613,2023-11-24,2023-11-26,CUST-3313,SKU-1016,3,8.61,0,25.83,9.0,16.83,Paid Search,PayPal
ORD-202793,2023-11-24,2023-11-25,CUST-3329,SKU-1020,4,80.3,0,321.2,176.0,145.2,Referral,Cash on Delivery
ORD-202905,2023-11-24,2023-11-29,CUST-3340,SKU-1010,1,42.64,20,34.11,19.5,14.61,Direct,PayPal
ORD-202952,2023-11-24,2023-11-29,CUST-3349,SKU-1004,3,31.57,0,94.71,52.5,42.21,Direct,Bank Transfer
ORD-202952,2023-11-24,2023-11-29,CUST-3349,SKU-1018,4,27.62,0,110.48,54.0,56.48,Direct,Bank Transfer
ORD-200623,2023-11-25,2023-11-27,CUST-3068,SKU-1001,2,15.27,10,27.49,16.4,11.09,Referral,Credit Card
ORD-200623,2023-11-25,2023-11-27,CUST-3068,SKU-1016,4,8.81,10,31.72,12.0,19.72,Referral,Credit Card
ORD-201240,2023-11-25,2023-12-02,CUST-3140,SKU-1015,1,8.93,10,8.04,3.2,4.84,Paid Search,PayPal
ORD-201636,2023-11-25,2023-11-27,CUST-3193,SKU-1005,4,14.77,0,59.08,36.4,22.68,Organic Search,Cash on Delivery
ORD-202294,2023-11-25,2023-11-29,CUST-3276,SKU-1020,4,82.48,0,329.92,176.0,153.92,Referral,PayPal
ORD-202294,2023-11-25,2023-11-29,CUST-3276,SKU-1016,3,8.41,0,25.23,9.0,16.23,Referral,PayPal
ORD-202660,2023-11-25,2023-11-29,CUST-3318,SKU-1007,1,462.3,20,369.84,280.0,89.84,Email,PayPal
ORD-202932,2023-11-25,2023-11-26,CUST-3348,SKU-1011,1,28.24,10,25.42,12.0,13.42,Organic Search,Apple Pay
ORD-202932,2023-11-25,2023-11-26,CUST-3348,SKU-1019,4,23.95,10,86.22,44.0,42.22,Organic Search,Apple Pay
ORD-200187,2023-11-26,2023-12-03,CUST-3023,SKU-1016,4,8.4,20,26.88,12.0,14.88,Referral,Cash on Delivery
ORD-200187,2023-11-26,2023-12-03,CUST-3023,SKU-1009,1,33.62,10,30.26,15.0,15.26,Referral,Cash on Delivery
ORD-200187,2023-11-26,2023-12-03,CUST-3023,SKU-1002,3,13.37,20,32.09,22.2,9.89,Referral,Cash on Delivery
ORD-200188,2023-11-26,2023-11-29,CUST-3023,SKU-1003,2,11.46,10,20.63,12.6,8.03,Referral,PayPal
ORD-200343,2023-11-26,2023-12-02,CUST-3042,SKU-1003,2,11.94,20,19.1,12.6,6.5,Referral,PayPal
ORD-200343,2023-11-26,2023-12-02,CUST-3042,SKU-1016,3,8.59,15,21.9,9.0,12.9,Referral,PayPal
ORD-200964,2023-11-26,2023-11-29,CUST-3113,SKU-1020,4,81.07,20,259.42,176.0,83.42,Organic Search,PayPal
ORD-200964,2023-11-26,2023-11-29,CUST-3113,SKU-1019,3,23.75,0,71.25,33.0,38.25,Organic Search,PayPal
ORD-201334,2023-11-26,2023-11-28,CUST-3151,SKU-1005,2,15.6,20,24.96,18.2,6.76,Direct,Cash on Delivery
ORD-202176,2023-11-26,2023-12-02,CUST-3257,SKU-1020,2,81.14,0,162.28,88.0,74.28,Paid Search,PayPal
ORD-200099,2023-11-27,2023-12-01,CUST-3010,SKU-1003,1,11.98,10,10.78,6.3,4.48,Direct,PayPal
ORD-200099,2023-11-27,2023-12-01,CUST-3010,SKU-1006,3,10.37,0,31.11,14.4,16.71,Direct,PayPal
ORD-200206,2023-11-27,2023-11-29,CUST-3026,SKU-1012,2,18.88,15,32.1,13.0,19.1,Social,Apple Pay
ORD-200206,2023-11-27,2023-11-29,CUST-3026,SKU-1001,2,14.45,0,28.9,16.4,12.5,Social,Apple Pay
ORD-200754,2023-11-27,2023-12-03,CUST-3087,SKU-1016,1,8.84,0,8.84,3.0,5.84,Direct,Cash on Delivery
ORD-200754,2023-11-27,2023-12-03,CUST-3087,SKU-1007,1,450.46,0,450.46,280.0,170.46,Direct,Cash on Delivery
ORD-200754,2023-11-27,2023-12-03,CUST-3087,SKU-1013,3,7.82,0,23.46,7.2,16.26,Direct,Cash on Delivery
ORD-201405,2023-11-27,2023-12-03,CUST-3165,SKU-1016,2,8.61,10,15.5,6.0,9.5,Paid Search,PayPal
ORD-201405,2023-11-27,2023-12-03,CUST-3165,SKU-1005,2,15.51,0,31.02,18.2,12.82,Paid Search,PayPal
ORD-201412,2023-11-27,2023-11-29,CUST-3166,SKU-1014,4,12.04,0,48.16,16.4,31.76,Social,Cash on Delivery
ORD-201412,2023-11-27,2023-11-29,CUST-3166,SKU-1011,1,29.31,20,23.45,12.0,11.45,Social,Cash on Delivery
ORD-201472,2023-11-27,2023-11-28,CUST-3172,SKU-1020,3,77.97,5,222.21,132.0,90.21,Organic Search,PayPal
ORD-201959,2023-11-27,2023-12-01,CUST-3234,SKU-1012,2,18.77,10,33.79,13.0,20.79,Direct,PayPal
ORD-201959,2023-11-27,2023-12-01,CUST-3234,SKU-1008,1,135.18,20,108.14,74.0,34.14,Direct,PayPal
ORD-202248,2023-11-27,2023-12-03,CUST-3268,SKU-1015,2,9.11,5,17.31,6.4,10.91,Email,Cash on Delivery
ORD-202326,2023-11-27,2023-12-04,CUST-3281,SKU-1001,4,15.05,0,60.2,32.8,27.4,Email,Bank Transfer
ORD-202906,2023-11-27,2023-11-30,CUST-3340,SKU-1008,1,136.74,0,136.74,74.0,62.74,Referral,PayPal
ORD-202906,2023-11-27,2023-11-30,CUST-3340,SKU-1016,2,8.74,0,17.48,6.0,11.48,Referral,PayPal
ORD-200573,2023-11-28,2023-12-01,CUST-3064,SKU-1019,2,24.71,0,49.42,22.0,27.42,Organic Search,PayPal
ORD-201335,2023-11-28,2023-11-29,CUST-3151,SKU-1005,2,14.79,0,29.58,18.2,11.38,Email,Cash on Delivery
ORD-201335,2023-11-28,2023-11-29,CUST-3151,SKU-1019,3,24.23,5,69.06,33.0,36.06,Email,Cash on Delivery
ORD-201335,2023-11-28,2023-11-29,CUST-3151,SKU-1004,3,32.21,0,96.63,52.5,44.13,Email,Cash on Delivery
ORD-201516,2023-11-28,2023-12-03,CUST-3174,SKU-1020,3,81.61,0,244.83,132.0,112.83,Paid Search,Cash on Delivery
ORD-201573,2023-11-28,2023-12-04,CUST-3187,SKU-1020,1,77.47,0,77.47,44.0,33.47,Direct,PayPal
ORD-201573,2023-11-28,2023-12-04,CUST-3187,SKU-1017,1,40.4,5,38.38,21.0,17.38,Direct,PayPal
ORD-201719,2023-11-28,2023-11-30,CUST-3210,SKU-1020,4,80.46,0,321.84,176.0,145.84,Social,Bank Transfer
ORD-202117,2023-11-28,2023-12-05,CUST-3246,SKU-1019,3,23.77,20,57.05,33.0,24.05,Paid Search,Apple Pay
ORD-202193,2023-11-28,2023-11-29,CUST-3258,SKU-1019,3,24.59,10,66.39,33.0,33.39,Organic Search,Credit Card
ORD-202194,2023-11-28,2023-12-04,CUST-3258,SKU-1019,4,24.5,20,78.4,44.0,34.4,Direct,PayPal
ORD-202458,2023-11-28,2023-12-05,CUST-3301,SKU-1010,1,42.52,0,42.52,19.5,23.02,Organic Search,PayPal
ORD-202953,2023-11-28,2023-12-05,CUST-3349,SKU-1019,3,24.36,5,69.43,33.0,36.43,Social,Cash on Delivery
ORD-202953,2023-11-28,2023-12-05,CUST-3349,SKU-1006,5,9.87,10,44.41,24.0,20.41,Social,Cash on Delivery
ORD-201194,2023-11-29,2023-12-03,CUST-3137,SKU-1006,1,10.4,0,10.4,4.8,5.6,Referral,Credit Card
ORD-201336,2023-11-29,2023-12-02,CUST-3151,SKU-1019,4,24.58,0,98.32,44.0,54.32,Paid Search,Apple Pay
ORD-201336,2023-11-29,2023-12-02,CUST-3151,SKU-1005,4,15.25,10,54.9,36.4,18.5,Paid Search,Apple Pay
ORD-202424,2023-11-29,2023-12-03,CUST-3292,SKU-1020,3,82.17,20,197.21,132.0,65.21,Paid Search,Bank Transfer
ORD-202424,2023-11-29,2023-12-03,CUST-3292,SKU-1014,2,11.89,0,23.78,8.2,15.58,Paid Search,Bank Transfer
ORD-200305,2023-11-30,2023-12-04,CUST-3041,SKU-1015,4,9.15,0,36.6,12.8,23.8,Organic Search,Apple Pay
ORD-200305,2023-11-30,2023-12-04,CUST-3041,SKU-1020,3,81.53,0,244.59,132.0,112.59,Organic Search,Apple Pay
ORD-201588,2023-11-30,2023-12-03,CUST-3191,SKU-1020,2,83.01,10,149.42,88.0,61.42,Organic Search,Bank Transfer
ORD-201588,2023-11-30,2023-12-03,CUST-3191,SKU-1005,4,14.77,0,59.08,36.4,22.68,Organic Search,Bank Transfer
ORD-201588,2023-11-30,2023-12-03,CUST-3191,SKU-1019,2,23.87,20,38.19,22.0,16.19,Organic Search,Bank Transfer
ORD-201967,2023-11-30,2023-12-05,CUST-3236,SKU-1020,5,80.53,0,402.65,220.0,182.65,Direct,Apple Pay
ORD-201967,2023-11-30,2023-12-05,CUST-3236,SKU-1019,3,24.65,0,73.95,33.0,40.95,Direct,Apple Pay
ORD-201967,2023-11-30,2023-12-05,CUST-3236,SKU-1020,4,81.19,0,324.76,176.0,148.76,Direct,Apple Pay
ORD-202083,2023-11-30,2023-12-02,CUST-3242,SKU-1005,4,14.79,0,59.16,36.4,22.76,Direct,Apple Pay
ORD-200085,2023-12-01,2023-12-05,CUST-3008,SKU-1020,3,82.39,10,222.45,132.0,90.45,Paid Search,Credit Card
ORD-200127,2023-12-01,2023-12-03,CUST-3015,SKU-1014,4,12.49,10,44.96,16.4,28.56,Organic Search,Cash on Delivery
ORD-200127,2023-12-01,2023-12-03,CUST-3015,SKU-1001,2,15.23,0,30.46,16.4,14.06,Organic Search,Cash on Delivery
ORD-200127,2023-12-01,2023-12-03,CUST-3015,SKU-1013,2,7.68,15,13.06,4.8,8.26,Organic Search,Cash on Delivery
ORD-200804,2023-12-01,2023-12-08,CUST-3089,SKU-1020,3,80.32,0,240.96,132.0,108.96,Direct,Cash on Delivery
ORD-201276,2023-12-01,2023-12-06,CUST-3143,SKU-1003,4,11.81,0,47.24,25.2,22.04,Organic Search,Cash on Delivery
ORD-201276,2023-12-01,2023-12-06,CUST-3143,SKU-1019,3,25.16,0,75.48,33.0,42.48,Organic Search,Cash on Delivery
ORD-201276,2023-12-01,2023-12-06,CUST-3143,SKU-1020,4,83.65,15,284.41,176.0,108.41,Organic Search,Cash on Delivery
ORD-201917,2023-12-01,2023-12-07,CUST-3225,SKU-1006,3,9.81,10,26.49,14.4,12.09,Email,PayPal
ORD-201917,2023-12-01,2023-12-07,CUST-3225,SKU-1020,2,81.18,0,162.36,88.0,74.36,Email,PayPal
ORD-201917,2023-12-01,2023-12-07,CUST-3225,SKU-1020,4,79.14,0,316.56,176.0,140.56,Email,PayPal
ORD-202346,2023-12-01,2023-12-05,CUST-3286,SKU-1018,4,27.75,15,94.35,54.0,40.35,Direct,Apple Pay
ORD-202384,2023-12-01,2023-12-03,CUST-3289,SKU-1019,3,24.53,10,66.23,33.0,33.23,Direct,PayPal
ORD-202384,2023-12-01,2023-12-03,CUST-3289,SKU-1020,5,78.86,0,394.3,220.0,174.3,Direct,PayPal
ORD-202631,2023-12-01,2023-12-05,CUST-3317,SKU-1019,4,24.53,0,98.12,44.0,54.12,Paid Search,Credit Card
ORD-202631,2023-12-01,2023-12-05,CUST-3317,SKU-1020,4,81.65,0,326.6,176.0,150.6,Paid Search,Credit Card
ORD-202632,2023-12-01,2023-12-06,CUST-3317,SKU-1020,4,81.77,0,327.08,176.0,151.08,Email,Cash on Delivery
ORD-202925,2023-12-01,2023-12-08,CUST-3344,SKU-1016,2,8.62,0,17.24,6.0,11.24,Referral,Apple Pay
ORD-202925,2023-12-01,2023-12-08,CUST-3344,SKU-1006,1,9.95,0,9.95,4.8,5.15,Referral,Apple Pay
ORD-200162,2023-12-02,2023-12-07,CUST-3020,SKU-1019,3,24.27,0,72.81,33.0,39.81,Paid Search,Credit Card
ORD-200266,2023-12-02,2023-12-09,CUST-3036,SKU-1019,2,24.94,0,49.88,22.0,27.88,Email,Apple Pay
ORD-200266,2023-12-02,2023-12-09,CUST-3036,SKU-1013,4,7.91,5,30.06,9.6,20.46,Email,Apple Pay
ORD-200266,2023-12-02,2023-12-09,CUST-3036,SKU-1003,3,11.53,0,34.59,18.9,15.69,Email,Apple Pay
ORD-200684,2023-12-02,2023-12-04,CUST-3074,SKU-1019,4,24.25,20,77.6,44.0,33.6,Social,PayPal
ORD-200860,2023-12-02,2023-12-05,CUST-3096,SKU-1010,1,42.31,0,42.31,19.5,22.81,Organic Search,Credit Card
ORD-200860,2023-12-02,2023-12-05,CUST-3096,SKU-1011,1,27.79,0,27.79,12.0,15.79,Organic Search,Credit Card
ORD-202722,2023-12-02,2023-12-06,CUST-3321,SKU-1017,3,40.99,0,122.97,63.0,59.97,Organic Search,Bank Transfer
ORD-200176,2023-12-03,2023-12-09,CUST-3022,SKU-1015,2,9.49,0,18.98,6.4,12.58,Email,PayPal
ORD-200176,2023-12-03,2023-12-09,CUST-3022,SKU-1013,2,7.35,10,13.23,4.8,8.43,Email,PayPal
ORD-200176,2023-12-03,2023-12-09,CUST-3022,SKU-1011,1,28.93,0,28.93,12.0,16.93,Email,PayPal
ORD-200769,2023-12-03,2023-12-05,CUST-3088,SKU-1020,5,82.49,0,412.45,220.0,192.45,Referral,Apple Pay
ORD-200769,2023-12-03,2023-12-05,CUST-3088,SKU-1008,1,127.64,10,114.88,74.0,40.88,Referral,Apple Pay
ORD-202118,2023-12-03,2023-12-09,CUST-3246,SKU-1005,3,15.67,0,47.01,27.3,19.71,Paid Search,Bank Transfer
ORD-202697,2023-12-03,2023-12-04,CUST-3319,SKU-1006,3,9.89,10,26.7,14.4,12.3,Direct,Apple Pay
ORD-200086,2023-12-04,2023-12-10,CUST-3008,SKU-1012,3,18.51,0,55.53,19.5,36.03,Organic Search,Cash on Delivery
ORD-200086,2023-12-04,2023-12-10,CUST-3008,SKU-1020,2,82.45,0,164.9,88.0,76.9,Organic Search,Cash on Delivery
ORD-200086,2023-12-04,2023-12-10,CUST-3008,SKU-1013,2,7.47,0,14.94,4.8,10.14,Organic Search,Cash on Delivery
ORD-200306,2023-12-04,2023-12-05,CUST-3041,SKU-1019,5,24.61,10,110.75,55.0,55.75,Social,Credit Card
ORD-200306,2023-12-04,2023-12-05,CUST-3041,SKU-1016,4,9.0,10,32.4,12.0,20.4,Social,Credit Card
ORD-200307,2023-12-04,2023-12-05,CUST-3041,SKU-1011,1,29.45,15,25.03,12.0,13.03,Paid Search,Credit Card
ORD-200900,2023-12-05,2023-12-12,CUST-3105,SKU-1015,3,9.41,20,22.58,9.6,12.98,Social,Apple Pay
ORD-200900,2023-12-05,2023-12-12,CUST-3105,SKU-1013,2,7.86,5,14.93,4.8,10.13,Social,Apple Pay
ORD-201569,2023-12-05,2023-12-06,CUST-3186,SKU-1008,1,127.47,15,108.35,74.0,34.35,Social,Bank Transfer
ORD-202805,2023-12-05,2023-12-12,CUST-3330,SKU-1019,3,23.61,0,70.83,33.0,37.83,Organic Search,PayPal
ORD-202805,2023-12-05,2023-12-12,CUST-3330,SKU-1020,4,82.51,0,330.04,176.0,154.04,Organic Search,PayPal
ORD-200308,2023-12-06,2023-12-13,CUST-3041,SKU-1020,3,83.23,10,224.72,132.0,92.72,Email,Bank Transfer
ORD-200526,2023-12-06,2023-12-12,CUST-3060,SKU-1020,4,80.92,20,258.94,176.0,82.94,Paid Search,Credit Card
ORD-200526,2023-12-06,2023-12-12,CUST-3060,SKU-1020,4,80.46,5,305.75,176.0,129.75,Paid Search,Credit Card
ORD-200526,2023-12-06,2023-12-12,CUST-3060,SKU-1020,4,80.39,5,305.48,176.0,129.48,Paid Search,Credit Card
ORD-200585,2023-12-06,2023-12-12,CUST-3066,SKU-1006,4,10.13,5,38.49,19.2,19.29,Direct,Credit Card
ORD-200585,2023-12-06,2023-12-12,CUST-3066,SKU-1020,4,78.4,0,313.6,176.0,137.6,Direct,Credit Card
ORD-201856,2023-12-06,2023-12-10,CUST-3220,SKU-1019,4,24.91,0,99.64,44.0,55.64,Organic Search,Cash on Delivery
ORD-201856,2023-12-06,2023-12-10,CUST-3220,SKU-1008,1,134.98,0,134.98,74.0,60.98,Organic Search,Cash on Delivery
ORD-202425,2023-12-06,2023-12-13,CUST-3292,SKU-1004,4,33.47,10,120.49,70.0,50.49,Referral,Credit Card
ORD-202933,2023-12-06,2023-12-07,CUST-3348,SKU-1019,2,24.17,0,48.34,22.0,26.34,Social,PayPal
ORD-200110,2023-12-07,2023-12-10,CUST-3012,SKU-1002,4,13.0,20,41.6,29.6,12.0,Email,Cash on Delivery
ORD-200239,2023-12-07,2023-12-12,CUST-3033,SKU-1002,2,13.6,10,24.48,14.8,9.68,Social,Apple Pay
ORD-200636,2023-12-07,2023-12-12,CUST-3070,SKU-1011,1,27.47,20,21.98,12.0,9.98,Email,Apple Pay
ORD-200719,2023-12-07,2023-12-09,CUST-3079,SKU-1019,3,24.47,0,73.41,33.0,40.41,Email,PayPal
ORD-200719,2023-12-07,2023-12-09,CUST-3079,SKU-1013,3,7.6,0,22.8,7.2,15.6,Email,PayPal
ORD-200884,2023-12-07,2023-12-13,CUST-3100,SKU-1020,1,83.72,10,75.35,44.0,31.35,Paid Search,Cash on Delivery
ORD-201062,2023-12-07,2023-12-11,CUST-3121,SKU-1020,3,80.57,10,217.54,132.0,85.54,Paid Search,Bank Transfer
ORD-201062,2023-12-07,2023-12-11,CUST-3121,SKU-1020,4,81.04,20,259.33,176.0,83.33,Paid Search,Bank Transfer
ORD-201413,2023-12-07,2023-12-12,CUST-3166,SKU-1002,3,12.76,15,32.54,22.2,10.34,Email,Credit Card
ORD-201857,2023-12-07,2023-12-10,CUST-3220,SKU-1001,5,15.29,15,64.98,41.0,23.98,Social,Bank Transfer
ORD-201857,2023-12-07,2023-12-10,CUST-3220,SKU-1020,4,82.6,10,297.36,176.0,121.36,Social,Bank Transfer
ORD-202099,2023-12-07,2023-12-14,CUST-3245,SKU-1019,4,24.4,0,97.6,44.0,53.6,Direct,Bank Transfer
ORD-202099,2023-12-07,2023-12-14,CUST-3245,SKU-1002,3,13.07,0,39.21,22.2,17.01,Direct,Bank Transfer
ORD-202099,2023-12-07,2023-12-14,CUST-3245,SKU-1004,2,31.89,20,51.02,35.0,16.02,Direct,Bank Transfer
ORD-202978,2023-12-07,2023-12-10,CUST-3350,SKU-1020,3,78.84,5,224.69,132.0,92.69,Email,Cash on Delivery
ORD-202978,2023-12-07,2023-12-10,CUST-3350,SKU-1013,3,7.57,5,21.57,7.2,14.37,Email,Cash on Delivery
ORD-200411,2023-12-08,2023-12-15,CUST-3052,SKU-1015,3,8.99,0,26.97,9.6,17.37,Email,Apple Pay
ORD-200662,2023-12-08,2023-12-12,CUST-3072,SKU-1019,4,25.33,0,101.32,44.0,57.32,Referral,PayPal
ORD-200770,2023-12-08,2023-12-12,CUST-3088,SKU-1006,5,9.81,20,39.24,24.0,15.24,Email,Credit Card
ORD-201133,2023-12-08,2023-12-09,CUST-3128,SKU-1016,2,8.72,15,14.82,6.0,8.82,Referral,PayPal
ORD-201133,2023-12-08,2023-12-09,CUST-3128,SKU-1013,4,7.54,0,30.16,9.6,20.56,Referral,PayPal
ORD-201392,2023-12-08,2023-12-14,CUST-3162,SKU-1006,2,9.92,5,18.85,9.6,9.25,Referral,Bank Transfer
ORD-201392,2023-12-08,2023-12-14,CUST-3162,SKU-1020,3,78.38,10,211.63,132.0,79.63,Referral,Bank Transfer
ORD-200389,2023-12-09,2023-12-15,CUST-3049,SKU-1016,3,8.93,0,26.79,9.0,17.79,Organic Search,Apple Pay
ORD-200389,2023-12-09,2023-12-15,CUST-3049,SKU-1014,4,12.09,5,45.94,16.4,29.54,Organic Search,Apple Pay
ORD-200389,2023-12-09,2023-12-15,CUST-3049,SKU-1007,1,457.98,20,366.38,280.0,86.38,Organic Search,Apple Pay
ORD-200836,2023-12-09,2023-12-16,CUST-3093,SKU-1011,1,27.45,10,24.7,12.0,12.7,Email,Credit Card
ORD-201325,2023-12-09,2023-12-11,CUST-3149,SKU-1007,1,461.09,15,391.93,280.0,111.93,Referral,Apple Pay
ORD-201473,2023-12-09,2023-12-10,CUST-3172,SKU-1020,3,83.47,0,250.41,132.0,118.41,Email,Cash on Delivery
ORD-202309,2023-12-09,2023-12-15,CUST-3279,SKU-1015,3,9.28,0,27.84,9.6,18.24,Paid Search,Cash on Delivery
ORD-202309,2023-12-09,2023-12-15,CUST-3279,SKU-1020,3,77.64,0,232.92,132.0,100.92,Paid Search,Cash on Delivery
ORD-202309,2023-12-09,2023-12-15,CUST-3279,SKU-1015,4,9.06,0,36.24,12.8,23.44,Paid Search,Cash on Delivery
ORD-202537,2023-12-09,2023-12-16,CUST-3309,SKU-1005,1,15.44,10,13.9,9.1,4.8,Direct,Bank Transfer
ORD-202723,2023-12-09,2023-12-13,CUST-3321,SKU-1020,3,78.99,0,236.97,132.0,104.97,Social,Cash on Delivery
ORD-202723,2023-12-09,2023-12-13,CUST-3321,SKU-1015,4,9.04,5,34.35,12.8,21.55,Social,Cash on Delivery
ORD-200309,2023-12-10,2023-12-13,CUST-3041,SKU-1020,3,82.61,0,247.83,132.0,115.83,Organic Search,Credit Card
ORD-200570,2023-12-10,2023-12-14,CUST-3062,SKU-1003,1,12.11,0,12.11,6.3,5.81,Referral,Cash on Delivery
ORD-200570,2023-12-10,2023-12-14,CUST-3062,SKU-1018,1,27.46,0,27.46,13.5,13.96,Referral,Cash on Delivery
ORD-200570,2023-12-10,2023-12-14,CUST-3062,SKU-1015,3,8.99,0,26.97,9.6,17.37,Referral,Cash on Delivery
ORD-201457,2023-12-10,2023-12-17,CUST-3171,SKU-1005,4,14.85,20,47.52,36.4,11.12,Organic Search,PayPal
ORD-201457,2023-12-10,2023-12-17,CUST-3171,SKU-1007,1,449.84,0,449.84,280.0,169.84,Organic Search,PayPal
ORD-201751,2023-12-10,2023-12-15,CUST-3215,SKU-1017,2,39.08,0,78.16,42.0,36.16,Direct,Apple Pay
ORD-201858,2023-12-10,2023-12-15,CUST-3220,SKU-1019,3,23.92,0,71.76,33.0,38.76,Paid Search,Cash on Delivery
ORD-202767,2023-12-10,2023-12-12,CUST-3325,SKU-1019,4,24.1,0,96.4,44.0,52.4,Paid Search,Bank Transfer
ORD-202806,2023-12-10,2023-12-15,CUST-3330,SKU-1019,3,24.64,0,73.92,33.0,40.92,Referral,Credit Card
ORD-200771,2023-12-11,2023-12-13,CUST-3088,SKU-1020,3,83.03,0,249.09,132.0,117.09,Direct,Cash on Delivery
ORD-200805,2023-12-11,2023-12-12,CUST-3089,SKU-1008,1,127.86,10,115.07,74.0,41.07,Paid Search,Bank Transfer
ORD-200805,2023-12-11,2023-12-12,CUST-3089,SKU-1014,4,11.78,10,42.41,16.4,26.01,Paid Search,Bank Transfer
ORD-201277,2023-12-11,2023-12-13,CUST-3143,SKU-1016,3,8.35,5,23.8,9.0,14.8,Email,Apple Pay
ORD-201361,2023-12-11,2023-12-16,CUST-3155,SKU-1004,4,32.92,0,131.68,70.0,61.68,Organic Search,Cash on Delivery
ORD-201361,2023-12-11,2023-12-16,CUST-3155,SKU-1020,3,79.59,5,226.83,132.0,94.83,Organic Search,Cash on Delivery
ORD-202119,2023-12-11,2023-12-17,CUST-3246,SKU-1020,4,81.86,0,327.44,176.0,151.44,Direct,Bank Transfer
ORD-202119,2023-12-11,2023-12-17,CUST-3246,SKU-1013,4,7.75,10,27.9,9.6,18.3,Direct,Bank Transfer
ORD-202385,2023-12-11,2023-12-14,CUST-3289,SKU-1003,4,11.37,0,45.48,25.2,20.28,Paid Search,Credit Card
ORD-200855,2023-12-12,2023-12-14,CUST-3095,SKU-1017,1,40.83,0,40.83,21.0,19.83,Organic Search,Credit Card
ORD-200941,2023-12-12,2023-12-15,CUST-3110,SKU-1016,2,8.73,5,16.59,6.0,10.59,Social,Cash on Delivery
ORD-200941,2023-12-12,2023-12-15,CUST-3110,SKU-1013,3,7.61,5,21.69,7.2,14.49,Social,Cash on Delivery
ORD-201517,2023-12-12,2023-12-18,CUST-3174,SKU-1002,2,13.29,5,25.25,14.8,10.45,Paid Search,Bank Transfer
ORD-200906,2023-12-13,2023-12-14,CUST-3106,SKU-1019,4,25.02,0,100.08,44.0,56.08,Paid Search,Cash on Delivery
ORD-201000,2023-12-13,2023-12-16,CUST-3116,SKU-1018,2,26.96,20,43.14,27.0,16.14,Organic Search,Cash on Delivery
ORD-201063,2023-12-13,2023-12-19,CUST-3121,SKU-1020,3,82.4,5,234.84,132.0,102.84,Email,Apple Pay
ORD-201064,2023-12-13,2023-12-15,CUST-3121,SKU-1020,4,83.52,0,334.08,176.0,158.08,Social,Cash on Delivery
ORD-201598,2023-12-13,2023-12-15,CUST-3192,SKU-1020,4,80.07,5,304.27,176.0,128.27,Referral,Bank Transfer
ORD-201655,2023-12-13,2023-12-20,CUST-3199,SKU-1005,3,15.42,0,46.26,27.3,18.96,Referral,Apple Pay
ORD-201655,2023-12-13,2023-12-20,CUST-3199,SKU-1011,1,28.77,0,28.77,12.0,16.77,Referral,Apple Pay
ORD-202285,2023-12-13,2023-12-17,CUST-3273,SKU-1018,3,27.12,20,65.09,40.5,24.59,Referral,Bank Transfer
ORD-202285,2023-12-13,2023-12-17,CUST-3273,SKU-1012,2,18.06,0,36.12,13.0,23.12,Referral,Bank Transfer
ORD-200281,2023-12-14,2023-12-17,CUST-3038,SKU-1019,3,24.32,0,72.96,33.0,39.96,Email,PayPal
ORD-200405,2023-12-14,2023-12-19,CUST-3050,SKU-1006,1,9.96,0,9.96,4.8,5.16,Referral,Cash on Delivery
ORD-200405,2023-12-14,2023-12-19,CUST-3050,SKU-1010,1,42.01,0,42.01,19.5,22.51,Referral,Cash on Delivery
ORD-200405,2023-12-14,2023-12-19,CUST-3050,SKU-1008,1,128.69,0,128.69,74.0,54.69,Referral,Cash on Delivery
ORD-201599,2023-12-14,2023-12-16,CUST-3192,SKU-1019,5,25.1,15,106.67,55.0,51.67,Organic Search,Apple Pay
ORD-201599,2023-12-14,2023-12-16,CUST-3192,SKU-1003,4,11.78,0,47.12,25.2,21.92,Organic Search,Apple Pay
ORD-200002,2023-12-15,2023-12-18,CUST-3001,SKU-1020,3,82.35,0,247.05,132.0,115.05,Organic Search,Cash on Delivery
ORD-200002,2023-12-15,2023-12-18,CUST-3001,SKU-1019,4,24.43,0,97.72,44.0,53.72,Organic Search,Cash on Delivery
ORD-200534,2023-12-15,2023-12-17,CUST-3061,SKU-1019,4,23.64,0,94.56,44.0,50.56,Organic Search,Bank Transfer
ORD-200534,2023-12-15,2023-12-17,CUST-3061,SKU-1019,4,24.1,5,91.58,44.0,47.58,Organic Search,Bank Transfer
ORD-200965,2023-12-15,2023-12-16,CUST-3113,SKU-1020,5,77.43,0,387.15,220.0,167.15,Organic Search,Apple Pay
ORD-200965,2023-12-15,2023-12-16,CUST-3113,SKU-1003,3,12.07,0,36.21,18.9,17.31,Organic Search,Apple Pay
ORD-201278,2023-12-15,2023-12-18,CUST-3143,SKU-1009,1,33.93,20,27.14,15.0,12.14,Paid Search,Bank Transfer
ORD-201706,2023-12-15,2023-12-17,CUST-3208,SKU-1008,1,126.6,0,126.6,74.0,52.6,Social,Cash on Delivery
ORD-201706,2023-12-15,2023-12-17,CUST-3208,SKU-1008,1,132.54,0,132.54,74.0,58.54,Social,Cash on Delivery
ORD-202386,2023-12-15,2023-12-16,CUST-3289,SKU-1018,5,28.59,0,142.95,67.5,75.45,Direct,Bank Transfer
ORD-202491,2023-12-15,2023-12-19,CUST-3304,SKU-1020,5,81.52,20,326.08,220.0,106.08,Social,Apple Pay
ORD-202568,2023-12-15,2023-12-21,CUST-3311,SKU-1019,4,24.75,0,99.0,44.0,55.0,Organic Search,Bank Transfer
ORD-202614,2023-12-15,2023-12-17,CUST-3313,SKU-1001,2,14.21,0,28.42,16.4,12.02,Email,Cash on Delivery
ORD-202661,2023-12-15,2023-12-16,CUST-3318,SKU-1019,4,25.13,10,90.47,44.0,46.47,Paid Search,Apple Pay
ORD-202661,2023-12-15,2023-12-16,CUST-3318,SKU-1018,5,26.51,10,119.3,67.5,51.8,Paid Search,Apple Pay
ORD-200966,2023-12-16,2023-12-21,CUST-3113,SKU-1019,3,24.38,0,73.14,33.0,40.14,Direct,Cash on Delivery
ORD-200966,2023-12-16,2023-12-21,CUST-3113,SKU-1019,5,25.4,10,114.3,55.0,59.3,Direct,Cash on Delivery
ORD-200966,2023-12-16,2023-12-21,CUST-3113,SKU-1006,5,10.23,15,43.48,24.0,19.48,Direct,Cash on Delivery
ORD-201179,2023-12-16,2023-12-18,CUST-3134,SKU-1014,2,12.19,0,24.38,8.2,16.18,Direct,Bank Transfer
ORD-202222,2023-12-16,2023-12-22,CUST-3260,SKU-1019,2,23.97,0,47.94,22.0,25.94,Referral,Cash on Delivery
ORD-202459,2023-12-16,2023-12-22,CUST-3301,SKU-1016,3,8.84,15,22.54,9.0,13.54,Social,Apple Pay
ORD-202459,2023-12-16,2023-12-22,CUST-3301,SKU-1020,4,82.52,0,330.08,176.0,154.08,Social,Apple Pay
ORD-202459,2023-12-16,2023-12-22,CUST-3301,SKU-1019,4,25.44,5,96.67,44.0,52.67,Social,Apple Pay
ORD-202807,2023-12-16,2023-12-19,CUST-3330,SKU-1017,4,39.8,0,159.2,84.0,75.2,Referral,Bank Transfer
ORD-200056,2023-12-17,2023-12-21,CUST-3007,SKU-1020,4,81.14,20,259.65,176.0,83.65,Social,PayPal
ORD-200240,2023-12-17,2023-12-19,CUST-3033,SKU-1016,2,8.38,0,16.76,6.0,10.76,Direct,Apple Pay
ORD-200502,2023-12-17,2023-12-21,CUST-3059,SKU-1009,1,33.9,0,33.9,15.0,18.9,Organic Search,PayPal
ORD-200868,2023-12-17,2023-12-23,CUST-3099,SKU-1020,4,81.94,10,294.98,176.0,118.98,Organic Search,Credit Card
ORD-200868,2023-12-17,2023-12-23,CUST-3099,SKU-1002,2,13.03,10,23.45,14.8,8.65,Organic Search,Credit Card
ORD-200868,2023-12-17,2023-12-23,CUST-3099,SKU-1001,2,14.78,15,25.13,16.4,8.73,Organic Search,Credit Card
ORD-200907,2023-12-17,2023-12-23,CUST-3106,SKU-1020,5,83.66,5,397.38,220.0,177.38,Email,Bank Transfer
ORD-201065,2023-12-17,2023-12-19,CUST-3121,SKU-1012,5,18.11,5,86.02,32.5,53.52,Email,Bank Transfer
ORD-201637,2023-12-17,2023-12-19,CUST-3193,SKU-1020,2,80.69,0,161.38,88.0,73.38,Email,Bank Transfer
ORD-202897,2023-12-17,2023-12-18,CUST-3336,SKU-1018,2,27.96,0,55.92,27.0,28.92,Referral,Bank Transfer
ORD-202897,2023-12-17,2023-12-18,CUST-3336,SKU-1016,3,8.85,20,21.24,9.0,12.24,Referral,Bank Transfer
ORD-200412,2023-12-18,2023-12-25,CUST-3052,SKU-1014,2,12.66,15,21.52,8.2,13.32,Direct,Bank Transfer
ORD-200412,2023-12-18,2023-12-25,CUST-3052,SKU-1003,3,11.52,15,29.38,18.9,10.48,Direct,Bank Transfer
ORD-200535,2023-12-18,2023-12-19,CUST-3061,SKU-1019,4,24.74,15,84.12,44.0,40.12,Organic Search,Bank Transfer
ORD-200535,2023-12-18,2023-12-19,CUST-3061,SKU-1019,5,23.55,0,117.75,55.0,62.75,Organic Search,Bank Transfer
ORD-201707,2023-12-18,2023-12-20,CUST-3208,SKU-1007,1,444.85,15,378.12,280.0,98.12,Email,Apple Pay
ORD-201707,2023-12-18,2023-12-20,CUST-3208,SKU-1002,3,13.1,0,39.3,22.2,17.1,Email,Apple Pay
ORD-201707,2023-12-18,2023-12-20,CUST-3208,SKU-1020,2,80.53,0,161.06,88.0,73.06,Email,Apple Pay
ORD-201777,2023-12-18,2023-12-23,CUST-3216,SKU-1020,4,79.14,0,316.56,176.0,140.56,Direct,Credit Card
ORD-200835,2023-12-20,2023-12-23,CUST-3092,SKU-1001,3,14.93,15,38.07,24.6,13.47,Paid Search,Bank Transfer
ORD-200835,2023-12-20,2023-12-23,CUST-3092,SKU-1005,3,14.96,0,44.88,27.3,17.58,Paid Search,Bank Transfer
ORD-201337,2023-12-20,2023-12-23,CUST-3151,SKU-1020,4,78.99,0,315.96,176.0,139.96,Email,PayPal
ORD-201530,2023-12-20,2023-12-22,CUST-3180,SKU-1001,3,15.23,10,41.12,24.6,16.52,Email,PayPal
ORD-201530,2023-12-20,2023-12-22,CUST-3180,SKU-1016,2,8.39,0,16.78,6.0,10.78,Email,PayPal
ORD-201530,2023-12-20,2023-12-22,CUST-3180,SKU-1004,1,31.65,15,26.9,17.5,9.4,Email,PayPal
ORD-201934,2023-12-20,2023-12-27,CUST-3227,SKU-1008,1,131.99,0,131.99,74.0,57.99,Social,Apple Pay
ORD-201934,2023-12-20,2023-12-27,CUST-3227,SKU-1013,4,7.65,0,30.6,9.6,21.0,Social,Apple Pay
ORD-201934,2023-12-20,2023-12-27,CUST-3227,SKU-1004,4,32.62,0,130.48,70.0,60.48,Social,Apple Pay
ORD-202662,2023-12-20,2023-12-22,CUST-3318,SKU-1020,4,80.89,20,258.85,176.0,82.85,Email,Credit Card
ORD-202662,2023-12-20,2023-12-22,CUST-3318,SKU-1014,4,11.78,20,37.7,16.4,21.3,Email,Credit Card
ORD-202662,2023-12-20,2023-12-22,CUST-3318,SKU-1019,4,24.58,10,88.49,44.0,44.49,Email,Credit Card
ORD-201033,2023-12-21,2023-12-22,CUST-3119,SKU-1019,4,23.7,0,94.8,44.0,50.8,Organic Search,Cash on Delivery
ORD-200189,2023-12-22,2023-12-29,CUST-3023,SKU-1019,3,24.18,10,65.29,33.0,32.29,Social,PayPal
ORD-200276,2023-12-22,2023-12-27,CUST-3037,SKU-1004,1,32.48,0,32.48,17.5,14.98,Organic Search,Bank Transfer
ORD-200276,2023-12-22,2023-12-27,CUST-3037,SKU-1001,3,14.88,0,44.64,24.6,20.04,Organic Search,Bank Transfer
ORD-201207,2023-12-22,2023-12-29,CUST-3138,SKU-1017,4,40.64,0,162.56,84.0,78.56,Email,Credit Card
ORD-201317,2023-12-22,2023-12-28,CUST-3147,SKU-1002,2,12.8,0,25.6,14.8,10.8,Paid Search,Credit Card
ORD-201531,2023-12-22,2023-12-25,CUST-3180,SKU-1003,2,11.83,20,18.93,12.6,6.33,Social,Apple Pay
ORD-201531,2023-12-22,2023-12-25,CUST-3180,SKU-1009,1,33.58,20,26.86,15.0,11.86,Social,Apple Pay
ORD-201531,2023-12-22,2023-12-25,CUST-3180,SKU-1016,2,8.36,0,16.72,6.0,10.72,Social,Apple Pay
ORD-202208,2023-12-22,2023-12-27,CUST-3259,SKU-1017,3,38.6,0,115.8,63.0,52.8,Paid Search,Cash on Delivery
ORD-202208,2023-12-22,2023-12-27,CUST-3259,SKU-1020,2,82.3,10,148.14,88.0,60.14,Paid Search,Cash on Delivery
ORD-202208,2023-12-22,2023-12-27,CUST-3259,SKU-1020,4,80.48,0,321.92,176.0,145.92,Paid Search,Cash on Delivery
ORD-202387,2023-12-22,2023-12-25,CUST-3289,SKU-1016,5,9.0,0,45.0,15.0,30.0,Paid Search,PayPal
ORD-202387,2023-12-22,2023-12-25,CUST-3289,SKU-1020,4,78.83,20,252.26,176.0,76.26,Paid Search,PayPal
ORD-202387,2023-12-22,2023-12-25,CUST-3289,SKU-1020,3,78.63,0,235.89,132.0,103.89,Paid Search,PayPal
ORD-202569,2023-12-22,2023-12-28,CUST-3311,SKU-1011,1,28.93,0,28.93,12.0,16.93,Referral,Credit Card
ORD-202884,2023-12-22,2023-12-25,CUST-3335,SKU-1004,3,32.31,20,77.54,52.5,25.04,Organic Search,Cash on Delivery
ORD-202884,2023-12-22,2023-12-25,CUST-3335,SKU-1012,3,18.69,5,53.27,19.5,33.77,Organic Search,Cash on Delivery
ORD-202934,2023-12-22,2023-12-28,CUST-3348,SKU-1013,2,7.86,0,15.72,4.8,10.92,Social,Cash on Delivery
ORD-202934,2023-12-22,2023-12-28,CUST-3348,SKU-1006,2,9.99,10,17.98,9.6,8.38,Social,Cash on Delivery
ORD-202934,2023-12-22,2023-12-28,CUST-3348,SKU-1014,3,12.62,0,37.86,12.3,25.56,Social,Cash on Delivery
ORD-200011,2023-12-23,2023-12-30,CUST-3003,SKU-1012,4,19.03,5,72.31,26.0,46.31,Social,Credit Card
ORD-200011,2023-12-23,2023-12-30,CUST-3003,SKU-1019,3,24.97,0,74.91,33.0,41.91,Social,Credit Card
ORD-200026,2023-12-23,2023-12-30,CUST-3004,SKU-1019,4,25.19,15,85.65,44.0,41.65,Direct,Apple Pay
ORD-200282,2023-12-23,2023-12-24,CUST-3038,SKU-1011,1,28.88,0,28.88,12.0,16.88,Organic Search,Apple Pay
ORD-200967,2023-12-23,2023-12-30,CUST-3113,SKU-1016,4,8.6,0,34.4,12.0,22.4,Email,Cash on Delivery
ORD-200967,2023-12-23,2023-12-30,CUST-3113,SKU-1004,4,33.87,0,135.48,70.0,65.48,Email,Cash on Delivery
ORD-200967,2023-12-23,2023-12-30,CUST-3113,SKU-1005,5,14.89,0,74.45,45.5,28.95,Email,Cash on Delivery
ORD-200996,2023-12-23,2023-12-24,CUST-3115,SKU-1011,1,27.63,0,27.63,12.0,15.63,Direct,PayPal
ORD-201742,2023-12-23,2023-12-27,CUST-3213,SKU-1019,2,24.62,15,41.85,22.0,19.85,Referral,PayPal
ORD-201742,2023-12-23,2023-12-27,CUST-3213,SKU-1015,3,9.2,20,22.08,9.6,12.48,Referral,PayPal
ORD-202954,2023-12-23,2023-12-30,CUST-3349,SKU-1019,5,23.77,15,101.02,55.0,46.02,Organic Search,Credit Card
ORD-202954,2023-12-23,2023-12-30,CUST-3349,SKU-1020,3,82.23,0,246.69,132.0,114.69,Organic Search,Credit Card
ORD-200390,2023-12-24,2023-12-30,CUST-3049,SKU-1019,3,24.43,0,73.29,33.0,40.29,Social,Cash on Delivery
ORD-201565,2023-12-24,2023-12-26,CUST-3185,SKU-1008,1,132.62,0,132.62,74.0,58.62,Email,PayPal
ORD-201720,2023-12-24,2023-12-30,CUST-3210,SKU-1007,1,458.68,0,458.68,280.0,178.68,Paid Search,PayPal
ORD-201720,2023-12-24,2023-12-30,CUST-3210,SKU-1015,3,9.24,0,27.72,9.6,18.12,Paid Search,PayPal
ORD-202230,2023-12-24,2023-12-29,CUST-3264,SKU-1012,3,18.15,10,49.0,19.5,29.5,Referral,Cash on Delivery
ORD-200057,2023-12-25,2023-12-27,CUST-3007,SKU-1018,5,27.51,0,137.55,67.5,70.05,Direct,Credit Card
ORD-202724,2023-12-25,2023-12-27,CUST-3321,SKU-1020,5,83.32,0,416.6,220.0,196.6,Direct,PayPal
ORD-202724,2023-12-25,2023-12-27,CUST-3321,SKU-1019,3,24.63,15,62.81,33.0,29.81,Direct,PayPal
ORD-202724,2023-12-25,2023-12-27,CUST-3321,SKU-1020,5,78.27,0,391.35,220.0,171.35,Direct,PayPal
ORD-202794,2023-12-25,2023-12-28,CUST-3329,SKU-1012,3,17.66,0,52.98,19.5,33.48,Email,Apple Pay
ORD-202794,2023-12-25,2023-12-28,CUST-3329,SKU-1020,4,78.88,15,268.19,176.0,92.19,Email,Apple Pay
ORD-202794,2023-12-25,2023-12-28,CUST-3329,SKU-1012,3,18.51,0,55.53,19.5,36.03,Email,Apple Pay
ORD-200163,2023-12-26,2023-12-28,CUST-3020,SKU-1018,3,27.9,0,83.7,40.5,43.2,Direct,Cash on Delivery
ORD-200344,2023-12-26,2023-12-30,CUST-3042,SKU-1007,1,440.24,5,418.23,280.0,138.23,Organic Search,Credit Card
ORD-200344,2023-12-26,2023-12-30,CUST-3042,SKU-1020,3,82.93,0,248.79,132.0,116.79,Organic Search,Credit Card
ORD-200344,2023-12-26,2023-12-30,CUST-3042,SKU-1020,2,78.75,0,157.5,88.0,69.5,Organic Search,Credit Card
ORD-201406,2023-12-26,2023-12-30,CUST-3165,SKU-1008,1,127.79,10,115.01,74.0,41.01,Email,Credit Card
ORD-201406,2023-12-26,2023-12-30,CUST-3165,SKU-1019,1,24.78,20,19.82,11.0,8.82,Email,Credit Card
ORD-201414,2023-12-26,2023-12-31,CUST-3166,SKU-1007,1,458.91,0,458.91,280.0,178.91,Organic Search,Apple Pay
ORD-201414,2023-12-26,2023-12-31,CUST-3166,SKU-1002,3,13.57,0,40.71,22.2,18.51,Organic Search,Apple Pay
ORD-201414,2023-12-26,2023-12-31,CUST-3166,SKU-1020,3,80.4,20,192.96,132.0,60.96,Organic Search,Apple Pay
ORD-202310,2023-12-26,2024-01-02,CUST-3279,SKU-1014,3,12.3,0,36.9,12.3,24.6,Referral,PayPal
ORD-202310,2023-12-26,2024-01-02,CUST-3279,SKU-1001,3,14.38,15,36.67,24.6,12.07,Referral,PayPal
ORD-202310,2023-12-26,2024-01-02,CUST-3279,SKU-1002,3,12.91,20,30.98,22.2,8.78,Referral,PayPal
ORD-202633,2023-12-26,2023-12-31,CUST-3317,SKU-1019,3,23.7,0,71.1,33.0,38.1,Referral,Credit Card
ORD-202663,2023-12-26,2024-01-01,CUST-3318,SKU-1013,4,7.56,0,30.24,9.6,20.64,Organic Search,Cash on Delivery
ORD-202979,2023-12-26,2023-12-29,CUST-3350,SKU-1004,2,32.15,0,64.3,35.0,29.3,Organic Search,PayPal
ORD-202979,2023-12-26,2023-12-29,CUST-3350,SKU-1011,1,29.37,5,27.9,12.0,15.9,Organic Search,PayPal
ORD-200147,2023-12-27,2024-01-01,CUST-3018,SKU-1016,3,8.85,0,26.55,9.0,17.55,Paid Search,PayPal
ORD-200605,2023-12-27,2024-01-02,CUST-3067,SKU-1004,5,33.45,0,167.25,87.5,79.75,Referral,Bank Transfer
ORD-200624,2023-12-27,2023-12-28,CUST-3068,SKU-1012,3,18.37,0,55.11,19.5,35.61,Referral,Cash on Delivery
ORD-200624,2023-12-27,2023-12-28,CUST-3068,SKU-1007,1,459.84,0,459.84,280.0,179.84,Referral,Cash on Delivery
ORD-200624,2023-12-27,2023-12-28,CUST-3068,SKU-1015,3,9.2,10,24.84,9.6,15.24,Referral,Cash on Delivery
ORD-201362,2023-12-27,2024-01-01,CUST-3155,SKU-1012,4,18.48,10,66.53,26.0,40.53,Social,Cash on Delivery
ORD-201638,2023-12-27,2023-12-29,CUST-3193,SKU-1017,3,41.21,0,123.63,63.0,60.63,Paid Search,Apple Pay
ORD-202286,2023-12-27,2023-12-30,CUST-3273,SKU-1009,1,34.95,10,31.46,15.0,16.46,Direct,Bank Transfer
ORD-202286,2023-12-27,2023-12-30,CUST-3273,SKU-1016,2,8.56,10,15.41,6.0,9.41,Direct,Bank Transfer
ORD-202327,2023-12-27,2023-12-28,CUST-3281,SKU-1006,2,10.33,0,20.66,9.6,11.06,Social,Apple Pay
ORD-202492,2023-12-27,2023-12-31,CUST-3304,SKU-1019,4,24.35,0,97.4,44.0,53.4,Paid Search,PayPal
ORD-202935,2023-12-27,2024-01-02,CUST-3348,SKU-1018,4,26.51,0,106.04,54.0,52.04,Organic Search,Bank Transfer
ORD-202955,2023-12-27,2023-12-28,CUST-3349,SKU-1019,5,25.42,0,127.1,55.0,72.1,Social,Credit Card
ORD-202955,2023-12-27,2023-12-28,CUST-3349,SKU-1019,3,23.72,0,71.16,33.0,38.16,Social,Credit Card
ORD-202955,2023-12-27,2023-12-28,CUST-3349,SKU-1020,4,79.17,0,316.68,176.0,140.68,Social,Credit Card
ORD-200140,2023-12-28,2023-12-30,CUST-3016,SKU-1013,3,7.52,10,20.3,7.2,13.1,Direct,Bank Transfer
ORD-200140,2023-12-28,2023-12-30,CUST-3016,SKU-1003,1,11.41,0,11.41,6.3,5.11,Direct,Bank Transfer
ORD-200310,2023-12-28,2024-01-02,CUST-3041,SKU-1011,1,27.74,0,27.74,12.0,15.74,Direct,Bank Transfer
ORD-200659,2023-12-28,2023-12-29,CUST-3071,SKU-1014,1,12.55,0,12.55,4.1,8.45,Organic Search,Bank Transfer
ORD-200659,2023-12-28,2023-12-29,CUST-3071,SKU-1008,1,127.01,0,127.01,74.0,53.01,Organic Search,Bank Transfer
ORD-201600,2023-12-28,2023-12-30,CUST-3192,SKU-1019,4,23.68,0,94.72,44.0,50.72,Direct,Bank Transfer
ORD-202249,2023-12-28,2024-01-01,CUST-3268,SKU-1020,4,80.63,0,322.52,176.0,146.52,Direct,Apple Pay
ORD-202434,2023-12-28,2024-01-01,CUST-3293,SKU-1016,2,8.82,10,15.88,6.0,9.88,Social,Apple Pay
ORD-202784,2023-12-28,2023-12-31,CUST-3328,SKU-1004,3,33.16,0,99.48,52.5,46.98,Paid Search,Cash on Delivery
ORD-202784,2023-12-28,2023-12-31,CUST-3328,SKU-1020,4,82.76,0,331.04,176.0,155.04,Paid Search,Cash on Delivery
ORD-200164,2023-12-29,2023-12-30,CUST-3020,SKU-1010,1,43.36,0,43.36,19.5,23.86,Email,Cash on Delivery
ORD-200484,2023-12-29,2023-12-31,CUST-3056,SKU-1013,3,7.82,0,23.46,7.2,16.26,Social,Cash on Delivery
ORD-200886,2023-12-29,2023-12-30,CUST-3101,SKU-1020,3,77.96,20,187.1,132.0,55.1,Paid Search,Bank Transfer
ORD-200886,2023-12-29,2023-12-30,CUST-3101,SKU-1005,3,15.88,0,47.64,27.3,20.34,Paid Search,Bank Transfer
ORD-201034,2023-12-29,2024-01-02,CUST-3119,SKU-1019,3,23.75,0,71.25,33.0,38.25,Social,Apple Pay
ORD-201034,2023-12-29,2024-01-02,CUST-3119,SKU-1007,1,440.03,0,440.03,280.0,160.03,Social,Apple Pay
ORD-201035,2023-12-29,2024-01-02,CUST-3119,SKU-1020,2,78.08,0,156.16,88.0,68.16,Email,Apple Pay
ORD-201158,2023-12-29,2024-01-03,CUST-3132,SKU-1019,2,24.33,10,43.79,22.0,21.79,Organic Search,Bank Transfer
ORD-201158,2023-12-29,2024-01-03,CUST-3132,SKU-1001,4,14.38,0,57.52,32.8,24.72,Organic Search,Bank Transfer
ORD-201158,2023-12-29,2024-01-03,CUST-3132,SKU-1018,3,27.03,0,81.09,40.5,40.59,Organic Search,Bank Transfer
ORD-201669,2023-12-29,2023-12-30,CUST-3202,SKU-1012,3,18.86,0,56.58,19.5,37.08,Referral,Bank Transfer
ORD-201669,2023-12-29,2023-12-30,CUST-3202,SKU-1020,2,78.86,10,141.95,88.0,53.95,Referral,Bank Transfer
ORD-201669,2023-12-29,2023-12-30,CUST-3202,SKU-1020,4,79.06,0,316.24,176.0,140.24,Referral,Bank Transfer
ORD-201743,2023-12-29,2024-01-03,CUST-3213,SKU-1003,3,12.09,10,32.64,18.9,13.74,Email,Bank Transfer
ORD-201743,2023-12-29,2024-01-03,CUST-3213,SKU-1003,4,11.4,0,45.6,25.2,20.4,Email,Bank Transfer
ORD-201743,2023-12-29,2024-01-03,CUST-3213,SKU-1019,3,23.75,10,64.12,33.0,31.12,Email,Bank Transfer
ORD-202264,2023-12-29,2023-12-30,CUST-3271,SKU-1007,1,450.33,5,427.81,280.0,147.81,Referral,Credit Card
ORD-202264,2023-12-29,2023-12-30,CUST-3271,SKU-1005,2,15.31,0,30.62,18.2,12.42,Referral,Credit Card
ORD-202885,2023-12-29,2023-12-30,CUST-3335,SKU-1013,3,7.5,10,20.25,7.2,13.05,Paid Search,Apple Pay
ORD-200120,2023-12-30,2024-01-02,CUST-3013,SKU-1012,3,18.32,0,54.96,19.5,35.46,Email,Credit Card
ORD-200120,2023-12-30,2024-01-02,CUST-3013,SKU-1007,1,444.21,0,444.21,280.0,164.21,Email,Credit Card
ORD-200120,2023-12-30,2024-01-02,CUST-3013,SKU-1003,2,11.89,0,23.78,12.6,11.18,Email,Credit Card
ORD-200663,2023-12-30,2024-01-06,CUST-3072,SKU-1009,1,35.39,0,35.39,15.0,20.39,Organic Search,Apple Pay
ORD-200720,2023-12-30,2024-01-06,CUST-3079,SKU-1008,1,132.06,0,132.06,74.0,58.06,Referral,PayPal
ORD-200772,2023-12-30,2023-12-31,CUST-3088,SKU-1020,5,82.05,0,410.25,220.0,190.25,Social,Bank Transfer
ORD-200772,2023-12-30,2023-12-31,CUST-3088,SKU-1019,5,25.13,0,125.65,55.0,70.65,Social,Bank Transfer
ORD-200837,2023-12-30,2024-01-03,CUST-3093,SKU-1020,3,78.08,0,234.24,132.0,102.24,Paid Search,PayPal
ORD-201242,2023-12-30,2024-01-05,CUST-3141,SKU-1001,2,14.7,5,27.93,16.4,11.53,Social,Bank Transfer
ORD-201498,2023-12-30,2024-01-04,CUST-3173,SKU-1020,4,80.63,0,322.52,176.0,146.52,Direct,PayPal
ORD-201639,2023-12-30,2024-01-03,CUST-3193,SKU-1012,3,18.12,0,54.36,19.5,34.86,Direct,Bank Transfer
ORD-201639,2023-12-30,2024-01-03,CUST-3193,SKU-1017,3,39.54,20,94.9,63.0,31.9,Direct,Bank Transfer
ORD-201639,2023-12-30,2024-01-03,CUST-3193,SKU-1011,1,29.53,15,25.1,12.0,13.1,Direct,Bank Transfer
ORD-201708,2023-12-30,2024-01-03,CUST-3208,SKU-1006,2,10.11,0,20.22,9.6,10.62,Direct,Credit Card
ORD-201812,2023-12-30,2024-01-05,CUST-3217,SKU-1016,5,9.0,0,45.0,15.0,30.0,Email,Apple Pay
ORD-201812,2023-12-30,2024-01-05,CUST-3217,SKU-1011,1,29.43,10,26.49,12.0,14.49,Email,Apple Pay
ORD-202084,2023-12-30,2024-01-05,CUST-3242,SKU-1005,4,15.25,10,54.9,36.4,18.5,Social,Credit Card
ORD-202120,2023-12-30,2024-01-05,CUST-3246,SKU-1020,3,80.44,0,241.32,132.0,109.32,Organic Search,PayPal
ORD-202120,2023-12-30,2024-01-05,CUST-3246,SKU-1009,1,33.93,15,28.84,15.0,13.84,Organic Search,PayPal
ORD-202209,2023-12-30,2024-01-01,CUST-3259,SKU-1020,4,83.58,10,300.89,176.0,124.89,Email,Apple Pay
ORD-202209,2023-12-30,2024-01-01,CUST-3259,SKU-1003,4,11.94,0,47.76,25.2,22.56,Email,Apple Pay
ORD-202847,2023-12-30,2024-01-06,CUST-3334,SKU-1019,5,23.56,15,100.13,55.0,45.13,Paid Search,Bank Transfer
ORD-202847,2023-12-30,2024-01-06,CUST-3334,SKU-1019,5,24.91,0,124.55,55.0,69.55,Paid Search,Bank Transfer
ORD-200374,2023-12-31,2024-01-07,CUST-3048,SKU-1019,3,23.99,10,64.77,33.0,31.77,Email,Cash on Delivery
ORD-200374,2023-12-31,2024-01-07,CUST-3048,SKU-1020,3,78.27,10,211.33,132.0,79.33,Email,Cash on Delivery
ORD-200773,2023-12-31,2024-01-01,CUST-3088,SKU-1006,3,10.06,0,30.18,14.4,15.78,Direct,PayPal
ORD-201066,2023-12-31,2024-01-02,CUST-3121,SKU-1020,5,78.69,5,373.78,220.0,153.78,Direct,Cash on Delivery
ORD-202926,2023-12-31,2024-01-02,CUST-3344,SKU-1001,1,14.39,0,14.39,8.2,6.19,Referral,PayPal
ORD-200087,2024-01-02,2024-01-06,CUST-3008,SKU-1016,2,8.5,0,17.0,6.0,11.0,Paid Search,Cash on Delivery
ORD-200148,2024-01-02,2024-01-06,CUST-3018,SKU-1020,2,79.77,0,159.54,88.0,71.54,Organic Search,PayPal
ORD-200148,2024-01-02,2024-01-06,CUST-3018,SKU-1020,3,81.89,0,245.67,132.0,113.67,Organic Search,PayPal
ORD-200806,2024-01-02,2024-01-08,CUST-3089,SKU-1020,5,82.14,0,410.7,220.0,190.7,Referral,PayPal
ORD-200806,2024-01-02,2024-01-08,CUST-3089,SKU-1002,4,12.86,0,51.44,29.6,21.84,Referral,PayPal
ORD-200806,2024-01-02,2024-01-08,CUST-3089,SKU-1020,5,80.32,0,401.6,220.0,181.6,Referral,PayPal
ORD-200418,2024-01-03,2024-01-10,CUST-3053,SKU-1019,5,23.63,5,112.24,55.0,57.24,Social,Apple Pay
ORD-200503,2024-01-03,2024-01-07,CUST-3059,SKU-1017,2,39.96,10,71.93,42.0,29.93,Organic Search,Apple Pay
ORD-200503,2024-01-03,2024-01-07,CUST-3059,SKU-1020,2,80.62,0,161.24,88.0,73.24,Organic Search,Apple Pay
ORD-200503,2024-01-03,2024-01-07,CUST-3059,SKU-1006,4,10.05,0,40.2,19.2,21.0,Organic Search,Apple Pay
ORD-201813,2024-01-03,2024-01-08,CUST-3217,SKU-1020,5,78.65,0,393.25,220.0,173.25,Organic Search,Credit Card
ORD-202358,2024-01-03,2024-01-09,CUST-3288,SKU-1019,2,24.0,5,45.6,22.0,23.6,Paid Search,Apple Pay
ORD-202768,2024-01-03,2024-01-04,CUST-3325,SKU-1019,4,24.25,0,97.0,44.0,53.0,Organic Search,Apple Pay
ORD-202768,2024-01-03,2024-01-04,CUST-3325,SKU-1019,4,23.72,0,94.88,44.0,50.88,Organic Search,Apple Pay
ORD-202768,2024-01-03,2024-01-04,CUST-3325,SKU-1009,1,33.97,5,32.27,15.0,17.27,Organic Search,Apple Pay
ORD-202848,2024-01-03,2024-01-08,CUST-3334,SKU-1019,4,25.01,0,100.04,44.0,56.04,Social,PayPal
ORD-202848,2024-01-03,2024-01-08,CUST-3334,SKU-1019,4,24.73,15,84.08,44.0,40.08,Social,PayPal
ORD-200869,2024-01-04,2024-01-09,CUST-3099,SKU-1003,4,12.17,0,48.68,25.2,23.48,Email,Credit Card
ORD-200869,2024-01-04,2024-01-09,CUST-3099,SKU-1019,4,23.69,0,94.76,44.0,50.76,Email,Credit Card
ORD-200869,2024-01-04,2024-01-09,CUST-3099,SKU-1019,3,24.19,5,68.94,33.0,35.94,Email,Credit Card
ORD-201312,2024-01-04,2024-01-05,CUST-3145,SKU-1003,3,12.06,0,36.18,18.9,17.28,Social,PayPal
ORD-201312,2024-01-04,2024-01-05,CUST-3145,SKU-1018,2,28.4,15,48.28,27.0,21.28,Social,PayPal
ORD-202231,2024-01-04,2024-01-07,CUST-3264,SKU-1018,3,28.54,0,85.62,40.5,45.12,Direct,Bank Transfer
ORD-202231,2024-01-04,2024-01-07,CUST-3264,SKU-1008,1,136.42,0,136.42,74.0,62.42,Direct,Bank Transfer
ORD-202231,2024-01-04,2024-01-07,CUST-3264,SKU-1004,4,32.08,0,128.32,70.0,58.32,Direct,Bank Transfer
ORD-200214,2024-01-05,2024-01-06,CUST-3028,SKU-1018,3,28.31,20,67.94,40.5,27.44,Paid Search,Credit Card
ORD-200214,2024-01-05,2024-01-06,CUST-3028,SKU-1008,1,132.5,20,106.0,74.0,32.0,Paid Search,Credit Card
ORD-200345,2024-01-05,2024-01-11,CUST-3042,SKU-1019,2,24.4,5,46.36,22.0,24.36,Email,Credit Card
ORD-200345,2024-01-05,2024-01-11,CUST-3042,SKU-1019,4,25.03,0,100.12,44.0,56.12,Email,Credit Card
ORD-200391,2024-01-05,2024-01-09,CUST-3049,SKU-1019,3,24.61,10,66.45,33.0,33.45,Paid Search,Bank Transfer
ORD-200391,2024-01-05,2024-01-09,CUST-3049,SKU-1003,2,12.16,0,24.32,12.6,11.72,Paid Search,Bank Transfer
ORD-201036,2024-01-05,2024-01-07,CUST-3119,SKU-1020,3,82.4,0,247.2,132.0,115.2,Email,Credit Card
ORD-201036,2024-01-05,2024-01-07,CUST-3119,SKU-1014,3,12.51,5,35.65,12.3,23.35,Email,Credit Card
ORD-200241,2024-01-06,2024-01-10,CUST-3033,SKU-1020,4,78.09,5,296.74,176.0,120.74,Paid Search,Cash on Delivery
ORD-200968,2024-01-06,2024-01-12,CUST-3113,SKU-1020,5,81.87,10,368.42,220.0,148.42,Referral,Credit Card
ORD-201001,2024-01-06,2024-01-07,CUST-3116,SKU-1012,4,18.15,5,68.97,26.0,42.97,Organic Search,PayPal
ORD-201670,2024-01-06,2024-01-11,CUST-3202,SKU-1020,2,77.82,5,147.86,88.0,59.86,Social,Bank Transfer
ORD-201947,2024-01-06,2024-01-12,CUST-3230,SKU-1007,1,454.06,0,454.06,280.0,174.06,Referral,Bank Transfer
ORD-201968,2024-01-06,2024-01-12,CUST-3236,SKU-1010,1,43.1,20,34.48,19.5,14.98,Social,Credit Card
ORD-202166,2024-01-06,2024-01-09,CUST-3252,SKU-1014,1,11.86,10,10.67,4.1,6.57,Organic Search,Cash on Delivery
ORD-202166,2024-01-06,2024-01-09,CUST-3252,SKU-1012,1,18.75,0,18.75,6.5,12.25,Organic Search,Cash on Delivery
ORD-202438,2024-01-06,2024-01-13,CUST-3296,SKU-1018,3,27.03,15,68.93,40.5,28.43,Referral,Bank Transfer
ORD-200242,2024-01-07,2024-01-10,CUST-3033,SKU-1010,1,43.83,10,39.45,19.5,19.95,Direct,Apple Pay
ORD-200485,2024-01-07,2024-01-14,CUST-3056,SKU-1002,4,13.43,10,48.35,29.6,18.75,Organic Search,Apple Pay
ORD-201601,2024-01-07,2024-01-10,CUST-3192,SKU-1003,3,11.95,15,30.47,18.9,11.57,Social,Apple Pay
ORD-201363,2024-01-08,2024-01-10,CUST-3155,SKU-1020,2,79.7,15,135.49,88.0,47.49,Direct,Cash on Delivery
ORD-202570,2024-01-08,2024-01-11,CUST-3311,SKU-1020,5,77.72,0,388.6,220.0,168.6,Organic Search,Bank Transfer
ORD-202570,2024-01-08,2024-01-11,CUST-3311,SKU-1020,3,82.39,0,247.17,132.0,115.17,Organic Search,Bank Transfer
ORD-200419,2024-01-09,2024-01-15,CUST-3053,SKU-1020,3,78.49,10,211.92,132.0,79.92,Email,PayPal
ORD-200419,2024-01-09,2024-01-15,CUST-3053,SKU-1007,1,442.9,0,442.9,280.0,162.9,Email,PayPal
ORD-200419,2024-01-09,2024-01-15,CUST-3053,SKU-1020,3,77.74,5,221.56,132.0,89.56,Email,PayPal
ORD-200606,2024-01-09,2024-01-11,CUST-3067,SKU-1020,3,80.24,0,240.72,132.0,108.72,Organic Search,PayPal
ORD-200606,2024-01-09,2024-01-11,CUST-3067,SKU-1019,5,25.34,0,126.7,55.0,71.7,Organic Search,PayPal
ORD-200606,2024-01-09,2024-01-11,CUST-3067,SKU-1020,4,77.62,0,310.48,176.0,134.48,Organic Search,PayPal
ORD-201279,2024-01-09,2024-01-16,CUST-3143,SKU-1019,4,23.76,5,90.29,44.0,46.29,Paid Search,PayPal
ORD-201279,2024-01-09,2024-01-16,CUST-3143,SKU-1019,3,23.76,15,60.59,33.0,27.59,Paid Search,PayPal
ORD-201279,2024-01-09,2024-01-16,CUST-3143,SKU-1014,5,12.6,0,63.0,20.5,42.5,Paid Search,PayPal
ORD-202311,2024-01-09,2024-01-12,CUST-3279,SKU-1019,2,24.1,0,48.2,22.0,26.2,Paid Search,Apple Pay
ORD-202311,2024-01-09,2024-01-12,CUST-3279,SKU-1019,4,25.41,5,96.56,44.0,52.56,Paid Search,Apple Pay
ORD-202808,2024-01-09,2024-01-10,CUST-3330,SKU-1004,3,33.87,20,81.29,52.5,28.79,Direct,PayPal
ORD-202808,2024-01-09,2024-01-10,CUST-3330,SKU-1006,5,9.81,20,39.24,24.0,15.24,Direct,PayPal
ORD-201364,2024-01-10,2024-01-16,CUST-3155,SKU-1002,3,12.89,5,36.74,22.2,14.54,Direct,PayPal
ORD-201364,2024-01-10,2024-01-16,CUST-3155,SKU-1004,2,31.95,15,54.31,35.0,19.31,Direct,PayPal
ORD-201859,2024-01-10,2024-01-11,CUST-3220,SKU-1019,4,25.4,0,101.6,44.0,57.6,Paid Search,Cash on Delivery
ORD-201859,2024-01-10,2024-01-11,CUST-3220,SKU-1020,3,80.4,0,241.2,132.0,109.2,Paid Search,Cash on Delivery
ORD-202809,2024-01-10,2024-01-16,CUST-3330,SKU-1019,4,24.35,15,82.79,44.0,38.79,Email,Cash on Delivery
ORD-200637,2024-01-11,2024-01-16,CUST-3070,SKU-1020,4,83.72,0,334.88,176.0,158.88,Paid Search,Cash on Delivery
ORD-202634,2024-01-11,2024-01-15,CUST-3317,SKU-1019,4,24.19,0,96.76,44.0,52.76,Paid Search,Cash on Delivery
ORD-202634,2024-01-11,2024-01-15,CUST-3317,SKU-1004,5,31.83,15,135.28,87.5,47.78,Paid Search,Cash on Delivery
ORD-202898,2024-01-11,2024-01-16,CUST-3336,SKU-1006,2,9.88,0,19.76,9.6,10.16,Referral,Bank Transfer
ORD-200870,2024-01-12,2024-01-19,CUST-3099,SKU-1020,3,82.42,0,247.26,132.0,115.26,Organic Search,Bank Transfer
ORD-201680,2024-01-12,2024-01-19,CUST-3203,SKU-1003,4,11.28,0,45.12,25.2,19.92,Direct,Cash on Delivery
ORD-200838,2024-01-13,2024-01-15,CUST-3093,SKU-1017,1,40.27,0,40.27,21.0,19.27,Organic Search,PayPal
ORD-200838,2024-01-13,2024-01-15,CUST-3093,SKU-1019,1,23.61,0,23.61,11.0,12.61,Organic Search,PayPal
ORD-201888,2024-01-13,2024-01-17,CUST-3222,SKU-1019,4,23.92,15,81.33,44.0,37.33,Organic Search,PayPal
ORD-201888,2024-01-13,2024-01-17,CUST-3222,SKU-1020,4,78.57,20,251.42,176.0,75.42,Organic Search,PayPal
ORD-201888,2024-01-13,2024-01-17,CUST-3222,SKU-1003,2,11.97,10,21.55,12.6,8.95,Organic Search,PayPal
ORD-200392,2024-01-14,2024-01-20,CUST-3049,SKU-1020,3,78.58,20,188.59,132.0,56.59,Social,Apple Pay
ORD-200536,2024-01-14,2024-01-21,CUST-3061,SKU-1015,3,9.43,10,25.46,9.6,15.86,Social,Bank Transfer
ORD-201002,2024-01-14,2024-01-17,CUST-3116,SKU-1020,2,83.56,5,158.76,88.0,70.76,Social,Cash on Delivery
ORD-201180,2024-01-14,2024-01-20,CUST-3134,SKU-1013,4,7.38,5,28.04,9.6,18.44,Referral,Cash on Delivery
ORD-201180,2024-01-14,2024-01-20,CUST-3134,SKU-1001,2,14.35,0,28.7,16.4,12.3,Referral,Cash on Delivery
ORD-201778,2024-01-14,2024-01-18,CUST-3216,SKU-1013,5,7.82,5,37.15,12.0,25.15,Direct,Cash on Delivery
ORD-201778,2024-01-14,2024-01-18,CUST-3216,SKU-1020,3,80.01,0,240.03,132.0,108.03,Direct,Cash on Delivery
ORD-200177,2024-01-15,2024-01-17,CUST-3022,SKU-1010,1,43.08,10,38.77,19.5,19.27,Organic Search,Apple Pay
ORD-200177,2024-01-15,2024-01-17,CUST-3022,SKU-1019,2,23.55,0,47.1,22.0,25.1,Organic Search,Apple Pay
ORD-200218,2024-01-16,2024-01-18,CUST-3030,SKU-1007,1,445.98,0,445.98,280.0,165.98,Direct,PayPal
ORD-200218,2024-01-16,2024-01-18,CUST-3030,SKU-1020,2,83.28,10,149.9,88.0,61.9,Direct,PayPal
ORD-200218,2024-01-16,2024-01-18,CUST-3030,SKU-1010,1,42.28,15,35.94,19.5,16.44,Direct,PayPal
ORD-200375,2024-01-16,2024-01-19,CUST-3048,SKU-1020,4,80.18,0,320.72,176.0,144.72,Referral,Bank Transfer
ORD-200375,2024-01-16,2024-01-19,CUST-3048,SKU-1004,5,31.61,0,158.05,87.5,70.55,Referral,Bank Transfer
ORD-201889,2024-01-16,2024-01-19,CUST-3222,SKU-1007,1,451.53,0,451.53,280.0,171.53,Email,Apple Pay
ORD-201889,2024-01-16,2024-01-19,CUST-3222,SKU-1019,2,24.15,0,48.3,22.0,26.3,Email,Apple Pay
ORD-201991,2024-01-16,2024-01-19,CUST-3237,SKU-1015,4,9.24,10,33.26,12.8,20.46,Email,Apple Pay
ORD-202265,2024-01-16,2024-01-20,CUST-3271,SKU-1009,1,35.59,0,35.59,15.0,20.59,Direct,Cash on Delivery
ORD-202265,2024-01-16,2024-01-20,CUST-3271,SKU-1006,4,10.38,15,35.29,19.2,16.09,Direct,Cash on Delivery
ORD-202603,2024-01-16,2024-01-22,CUST-3312,SKU-1020,2,80.9,10,145.62,88.0,57.62,Email,Cash on Delivery
ORD-202664,2024-01-16,2024-01-21,CUST-3318,SKU-1019,3,24.53,0,73.59,33.0,40.59,Organic Search,Bank Transfer
ORD-200908,2024-01-17,2024-01-23,CUST-3106,SKU-1020,5,81.69,10,367.61,220.0,147.61,Referral,Credit Card
ORD-200908,2024-01-17,2024-01-23,CUST-3106,SKU-1019,4,24.36,0,97.44,44.0,53.44,Referral,Credit Card
ORD-201407,2024-01-17,2024-01-23,CUST-3165,SKU-1013,2,7.54,0,15.08,4.8,10.28,Organic Search,Cash on Delivery
ORD-201407,2024-01-17,2024-01-23,CUST-3165,SKU-1006,1,10.21,10,9.19,4.8,4.39,Organic Search,Cash on Delivery
ORD-202347,2024-01-17,2024-01-24,CUST-3286,SKU-1019,3,24.91,0,74.73,33.0,41.73,Referral,PayPal
ORD-202347,2024-01-17,2024-01-24,CUST-3286,SKU-1019,4,24.84,0,99.36,44.0,55.36,Referral,PayPal
ORD-202347,2024-01-17,2024-01-24,CUST-3286,SKU-1020,3,78.52,0,235.56,132.0,103.56,Referral,PayPal
ORD-200219,2024-01-18,2024-01-19,CUST-3030,SKU-1005,2,14.88,0,29.76,18.2,11.56,Email,Apple Pay
ORD-200219,2024-01-18,2024-01-19,CUST-3030,SKU-1019,3,23.92,0,71.76,33.0,38.76,Email,Apple Pay
ORD-200219,2024-01-18,2024-01-19,CUST-3030,SKU-1016,2,8.44,20,13.5,6.0,7.5,Email,Apple Pay
ORD-200413,2024-01-18,2024-01-22,CUST-3052,SKU-1008,1,132.93,0,132.93,74.0,58.93,Paid Search,Credit Card
ORD-201408,2024-01-18,2024-01-22,CUST-3165,SKU-1020,2,83.45,5,158.56,88.0,70.56,Paid Search,Cash on Delivery
ORD-201408,2024-01-18,2024-01-22,CUST-3165,SKU-1019,3,23.7,20,56.88,33.0,23.88,Paid Search,Cash on Delivery
ORD-200311,2024-01-19,2024-01-23,CUST-3041,SKU-1020,3,78.87,0,236.61,132.0,104.61,Referral,PayPal
ORD-200311,2024-01-19,2024-01-23,CUST-3041,SKU-1006,3,10.28,0,30.84,14.4,16.44,Referral,PayPal
ORD-200463,2024-01-19,2024-01-25,CUST-3054,SKU-1005,5,15.4,5,73.15,45.5,27.65,Referral,Bank Transfer
ORD-201115,2024-01-19,2024-01-21,CUST-3123,SKU-1001,4,14.52,0,58.08,32.8,25.28,Referral,Cash on Delivery
ORD-201115,2024-01-19,2024-01-21,CUST-3123,SKU-1015,4,9.31,10,33.52,12.8,20.72,Referral,Cash on Delivery
ORD-201752,2024-01-19,2024-01-25,CUST-3215,SKU-1014,2,11.76,15,19.99,8.2,11.79,Referral,Cash on Delivery
ORD-202460,2024-01-19,2024-01-21,CUST-3301,SKU-1019,3,24.75,20,59.4,33.0,26.4,Organic Search,PayPal
ORD-202460,2024-01-19,2024-01-21,CUST-3301,SKU-1020,4,79.41,20,254.11,176.0,78.11,Organic Search,PayPal
ORD-202698,2024-01-19,2024-01-20,CUST-3319,SKU-1014,3,12.21,0,36.63,12.3,24.33,Social,Cash on Delivery
ORD-200527,2024-01-20,2024-01-27,CUST-3060,SKU-1020,2,82.12,5,156.03,88.0,68.03,Organic Search,Cash on Delivery
ORD-201860,2024-01-20,2024-01-23,CUST-3220,SKU-1019,3,24.61,15,62.76,33.0,29.76,Referral,Credit Card
ORD-202121,2024-01-20,2024-01-27,CUST-3246,SKU-1020,3,82.31,15,209.89,132.0,77.89,Direct,Cash on Delivery
ORD-202121,2024-01-20,2024-01-27,CUST-3246,SKU-1020,5,79.15,10,356.18,220.0,136.18,Direct,Cash on Delivery
ORD-202195,2024-01-20,2024-01-21,CUST-3258,SKU-1019,2,25.24,10,45.43,22.0,23.43,Email,Cash on Delivery
ORD-202531,2024-01-20,2024-01-26,CUST-3306,SKU-1004,1,32.14,15,27.32,17.5,9.82,Direct,PayPal
ORD-200121,2024-01-21,2024-01-24,CUST-3013,SKU-1005,2,15.25,0,30.5,18.2,12.3,Direct,Apple Pay
ORD-200121,2024-01-21,2024-01-24,CUST-3013,SKU-1020,2,78.24,0,156.48,88.0,68.48,Direct,Apple Pay
ORD-200504,2024-01-21,2024-01-28,CUST-3059,SKU-1014,2,12.21,0,24.42,8.2,16.22,Organic Search,PayPal
ORD-200504,2024-01-21,2024-01-28,CUST-3059,SKU-1003,4,11.71,0,46.84,25.2,21.64,Organic Search,PayPal
ORD-201897,2024-01-21,2024-01-23,CUST-3223,SKU-1020,2,82.8,20,132.48,88.0,44.48,Paid Search,PayPal
ORD-201897,2024-01-21,2024-01-23,CUST-3223,SKU-1009,1,35.83,0,35.83,15.0,20.83,Paid Search,PayPal
ORD-202021,2024-01-21,2024-01-22,CUST-3240,SKU-1017,3,38.93,5,110.95,63.0,47.95,Paid Search,Apple Pay
ORD-200291,2024-01-22,2024-01-29,CUST-3040,SKU-1020,4,78.42,10,282.31,176.0,106.31,Organic Search,PayPal
ORD-200291,2024-01-22,2024-01-29,CUST-3040,SKU-1004,3,33.43,0,100.29,52.5,47.79,Organic Search,PayPal
ORD-200291,2024-01-22,2024-01-29,CUST-3040,SKU-1020,3,81.03,5,230.94,132.0,98.94,Organic Search,PayPal
ORD-200464,2024-01-22,2024-01-26,CUST-3054,SKU-1020,4,80.19,0,320.76,176.0,144.76,Social,Cash on Delivery
ORD-200464,2024-01-22,2024-01-26,CUST-3054,SKU-1020,4,79.86,10,287.5,176.0,111.5,Social,Cash on Delivery
ORD-201709,2024-01-22,2024-01-26,CUST-3208,SKU-1019,3,24.38,0,73.14,33.0,40.14,Paid Search,PayPal
ORD-201709,2024-01-22,2024-01-26,CUST-3208,SKU-1004,4,31.81,15,108.15,70.0,38.15,Paid Search,PayPal
ORD-201814,2024-01-22,2024-01-29,CUST-3217,SKU-1019,5,23.88,0,119.4,55.0,64.4,Organic Search,PayPal
ORD-201814,2024-01-22,2024-01-29,CUST-3217,SKU-1019,3,25.06,0,75.18,33.0,42.18,Organic Search,PayPal
ORD-202022,2024-01-22,2024-01-24,CUST-3240,SKU-1020,5,81.38,10,366.21,220.0,146.21,Organic Search,PayPal
ORD-202022,2024-01-22,2024-01-24,CUST-3240,SKU-1006,3,10.37,0,31.11,14.4,16.71,Organic Search,PayPal
ORD-202022,2024-01-22,2024-01-24,CUST-3240,SKU-1004,3,31.54,0,94.62,52.5,42.12,Organic Search,PayPal
ORD-202635,2024-01-22,2024-01-25,CUST-3317,SKU-1019,4,25.17,15,85.58,44.0,41.58,Paid Search,Apple Pay
ORD-202725,2024-01-22,2024-01-24,CUST-3321,SKU-1004,3,32.15,5,91.63,52.5,39.13,Paid Search,Credit Card
ORD-202725,2024-01-22,2024-01-24,CUST-3321,SKU-1006,5,9.85,15,41.86,24.0,17.86,Paid Search,Credit Card
ORD-202849,2024-01-22,2024-01-28,CUST-3334,SKU-1001,5,14.86,0,74.3,41.0,33.3,Referral,Apple Pay
ORD-200100,2024-01-23,2024-01-29,CUST-3010,SKU-1015,1,9.46,15,8.04,3.2,4.84,Social,Credit Card
ORD-200100,2024-01-23,2024-01-29,CUST-3010,SKU-1010,1,44.19,0,44.19,19.5,24.69,Social,Credit Card
ORD-200100,2024-01-23,2024-01-29,CUST-3010,SKU-1014,1,12.12,10,10.91,4.1,6.81,Social,Credit Card
ORD-202909,2024-01-23,2024-01-29,CUST-3342,SKU-1012,3,18.89,0,56.67,19.5,37.17,Social,Apple Pay
ORD-202909,2024-01-23,2024-01-29,CUST-3342,SKU-1003,3,11.41,10,30.81,18.9,11.91,Social,Apple Pay
ORD-200058,2024-01-24,2024-01-25,CUST-3007,SKU-1019,3,24.46,0,73.38,33.0,40.38,Direct,Cash on Delivery
ORD-200058,2024-01-24,2024-01-25,CUST-3007,SKU-1019,4,24.12,0,96.48,44.0,52.48,Direct,Cash on Delivery
ORD-200058,2024-01-24,2024-01-25,CUST-3007,SKU-1003,4,11.37,5,43.21,25.2,18.01,Direct,Cash on Delivery
ORD-200755,2024-01-24,2024-01-30,CUST-3087,SKU-1020,1,81.79,0,81.79,44.0,37.79,Referral,Bank Transfer
ORD-200755,2024-01-24,2024-01-30,CUST-3087,SKU-1010,1,41.17,20,32.94,19.5,13.44,Referral,Bank Transfer
ORD-201721,2024-01-24,2024-01-29,CUST-3210,SKU-1020,4,78.74,0,314.96,176.0,138.96,Referral,Cash on Delivery
ORD-202388,2024-01-24,2024-01-30,CUST-3289,SKU-1004,3,32.05,10,86.53,52.5,34.03,Direct,Bank Transfer
ORD-202753,2024-01-24,2024-01-28,CUST-3322,SKU-1020,4,82.38,15,280.09,176.0,104.09,Social,PayPal
ORD-200292,2024-01-25,2024-01-31,CUST-3040,SKU-1019,2,24.69,10,44.44,22.0,22.44,Organic Search,Cash on Delivery
ORD-200292,2024-01-25,2024-01-31,CUST-3040,SKU-1003,3,11.94,15,30.45,18.9,11.55,Organic Search,Cash on Delivery
ORD-200528,2024-01-25,2024-01-31,CUST-3060,SKU-1002,2,13.77,0,27.54,14.8,12.74,Paid Search,Bank Transfer
ORD-202223,2024-01-25,2024-01-28,CUST-3260,SKU-1015,1,8.95,0,8.95,3.2,5.75,Social,Bank Transfer
ORD-201015,2024-01-26,2024-01-31,CUST-3118,SKU-1019,5,25.16,10,113.22,55.0,58.22,Email,Apple Pay
ORD-201015,2024-01-26,2024-01-31,CUST-3118,SKU-1006,5,9.7,10,43.65,24.0,19.65,Email,Apple Pay
ORD-202094,2024-01-26,2024-01-28,CUST-3244,SKU-1017,1,39.14,5,37.18,21.0,16.18,Direct,Cash on Delivery
ORD-202094,2024-01-26,2024-01-28,CUST-3244,SKU-1019,1,24.38,0,24.38,11.0,13.38,Direct,Cash on Delivery
ORD-202094,2024-01-26,2024-01-28,CUST-3244,SKU-1010,1,44.41,10,39.97,19.5,20.47,Direct,Cash on Delivery
ORD-200465,2024-01-27,2024-01-29,CUST-3054,SKU-1020,5,80.66,5,383.13,220.0,163.13,Paid Search,Bank Transfer
ORD-200465,2024-01-27,2024-01-29,CUST-3054,SKU-1019,4,25.22,0,100.88,44.0,56.88,Paid Search,Bank Transfer
ORD-200465,2024-01-27,2024-01-29,CUST-3054,SKU-1010,1,43.81,15,37.24,19.5,17.74,Paid Search,Bank Transfer
ORD-201016,2024-01-27,2024-01-31,CUST-3118,SKU-1020,3,78.32,0,234.96,132.0,102.96,Social,Cash on Delivery
ORD-201016,2024-01-27,2024-01-31,CUST-3118,SKU-1019,5,24.16,5,114.76,55.0,59.76,Social,Cash on Delivery
ORD-201181,2024-01-27,2024-02-03,CUST-3134,SKU-1016,2,8.88,0,17.76,6.0,11.76,Direct,Cash on Delivery
ORD-201474,2024-01-27,2024-01-28,CUST-3172,SKU-1009,1,35.0,5,33.25,15.0,18.25,Email,PayPal
ORD-201474,2024-01-27,2024-01-28,CUST-3172,SKU-1020,3,83.59,0,250.77,132.0,118.77,Email,PayPal
ORD-201549,2024-01-27,2024-02-03,CUST-3184,SKU-1018,3,27.22,10,73.49,40.5,32.99,Direct,PayPal
ORD-201992,2024-01-27,2024-01-29,CUST-3237,SKU-1019,4,24.87,0,99.48,44.0,55.48,Organic Search,Credit Card
ORD-201992,2024-01-27,2024-01-29,CUST-3237,SKU-1020,2,82.52,0,165.04,88.0,77.04,Organic Search,Credit Card
ORD-201992,2024-01-27,2024-01-29,CUST-3237,SKU-1008,1,126.59,10,113.93,74.0,39.93,Organic Search,Credit Card
ORD-200101,2024-01-28,2024-01-29,CUST-3010,SKU-1007,1,456.14,0,456.14,280.0,176.14,Referral,PayPal
ORD-200101,2024-01-28,2024-01-29,CUST-3010,SKU-1012,1,18.92,0,18.92,6.5,12.42,Referral,PayPal
ORD-200190,2024-01-28,2024-02-02,CUST-3023,SKU-1020,2,83.32,15,141.64,88.0,53.64,Email,PayPal
ORD-200756,2024-01-28,2024-01-31,CUST-3087,SKU-1008,1,133.16,0,133.16,74.0,59.16,Organic Search,Cash on Delivery
ORD-201134,2024-01-28,2024-01-30,CUST-3128,SKU-1006,2,10.33,0,20.66,9.6,11.06,Organic Search,Cash on Delivery
ORD-200178,2024-01-29,2024-02-01,CUST-3022,SKU-1020,2,80.91,0,161.82,88.0,73.82,Social,PayPal
ORD-200420,2024-01-29,2024-01-31,CUST-3053,SKU-1019,3,23.65,20,56.76,33.0,23.76,Paid Search,Apple Pay
ORD-200420,2024-01-29,2024-01-31,CUST-3053,SKU-1019,5,24.73,10,111.29,55.0,56.29,Paid Search,Apple Pay
ORD-200420,2024-01-29,2024-01-31,CUST-3053,SKU-1019,4,24.17,0,96.68,44.0,52.68,Paid Search,Apple Pay
ORD-200926,2024-01-29,2024-02-02,CUST-3108,SKU-1009,1,35.51,0,35.51,15.0,20.51,Referral,Credit Card
ORD-200926,2024-01-29,2024-02-02,CUST-3108,SKU-1001,4,14.51,0,58.04,32.8,25.24,Referral,Credit Card
ORD-201182,2024-01-29,2024-02-03,CUST-3134,SKU-1011,1,28.59,0,28.59,12.0,16.59,Social,Credit Card
ORD-201182,2024-01-29,2024-02-03,CUST-3134,SKU-1013,4,7.39,10,26.6,9.6,17.0,Social,Credit Card
ORD-202436,2024-01-29,2024-01-30,CUST-3295,SKU-1005,3,15.49,0,46.47,27.3,19.17,Organic Search,Apple Pay
ORD-202436,2024-01-29,2024-01-30,CUST-3295,SKU-1018,3,27.11,0,81.33,40.5,40.83,Organic Search,Apple Pay
ORD-202305,2024-01-30,2024-02-06,CUST-3278,SKU-1009,1,34.23,15,29.1,15.0,14.1,Referral,Cash on Delivery
ORD-202305,2024-01-30,2024-02-06,CUST-3278,SKU-1011,1,28.28,0,28.28,12.0,16.28,Referral,Cash on Delivery
ORD-202305,2024-01-30,2024-02-06,CUST-3278,SKU-1018,1,27.55,5,26.17,13.5,12.67,Referral,Cash on Delivery
ORD-202850,2024-01-30,2024-02-02,CUST-3334,SKU-1020,5,79.5,20,318.0,220.0,98.0,Social,Cash on Delivery
ORD-202980,2024-01-30,2024-02-05,CUST-3350,SKU-1014,4,12.52,0,50.08,16.4,33.68,Organic Search,Cash on Delivery
ORD-202980,2024-01-30,2024-02-05,CUST-3350,SKU-1014,2,12.69,0,25.38,8.2,17.18,Organic Search,Cash on Delivery
ORD-200586,2024-01-31,2024-02-01,CUST-3066,SKU-1001,3,14.82,15,37.79,24.6,13.19,Paid Search,Credit Card
ORD-200586,2024-01-31,2024-02-01,CUST-3066,SKU-1004,2,32.81,5,62.34,35.0,27.34,Paid Search,Credit Card
ORD-200586,2024-01-31,2024-02-01,CUST-3066,SKU-1003,4,12.01,0,48.04,25.2,22.84,Paid Search,Credit Card
ORD-201195,2024-01-31,2024-02-07,CUST-3137,SKU-1015,1,8.86,0,8.86,3.2,5.66,Referral,Bank Transfer
ORD-201195,2024-01-31,2024-02-07,CUST-3137,SKU-1011,1,27.59,0,27.59,12.0,15.59,Referral,Bank Transfer
ORD-201195,2024-01-31,2024-02-07,CUST-3137,SKU-1018,2,26.66,0,53.32,27.0,26.32,Referral,Bank Transfer
ORD-201458,2024-01-31,2024-02-07,CUST-3171,SKU-1003,3,11.48,0,34.44,18.9,15.54,Referral,Apple Pay
ORD-201459,2024-01-31,2024-02-02,CUST-3171,SKU-1019,3,23.6,10,63.72,33.0,30.72,Organic Search,Cash on Delivery
ORD-201459,2024-01-31,2024-02-02,CUST-3171,SKU-1007,1,453.86,0,453.86,280.0,173.86,Organic Search,Cash on Delivery
ORD-201578,2024-01-31,2024-02-02,CUST-3188,SKU-1020,4,82.14,10,295.7,176.0,119.7,Direct,Credit Card
ORD-201779,2024-01-31,2024-02-02,CUST-3216,SKU-1019,3,24.95,15,63.62,33.0,30.62,Referral,Cash on Delivery
ORD-201779,2024-01-31,2024-02-02,CUST-3216,SKU-1019,3,24.36,0,73.08,33.0,40.08,Referral,Cash on Delivery
ORD-202051,2024-01-31,2024-02-03,CUST-3241,SKU-1014,3,12.66,5,36.08,12.3,23.78,Email,Credit Card
ORD-202051,2024-01-31,2024-02-03,CUST-3241,SKU-1010,1,41.94,0,41.94,19.5,22.44,Email,Credit Card
ORD-200111,2024-02-01,2024-02-08,CUST-3012,SKU-1007,1,460.47,0,460.47,280.0,180.47,Organic Search,Credit Card
ORD-200774,2024-02-01,2024-02-06,CUST-3088,SKU-1012,5,18.82,15,79.98,32.5,47.48,Referral,Cash on Delivery
ORD-201280,2024-02-01,2024-02-08,CUST-3143,SKU-1003,3,11.69,0,35.07,18.9,16.17,Email,PayPal
ORD-201280,2024-02-01,2024-02-08,CUST-3143,SKU-1020,4,79.3,10,285.48,176.0,109.48,Email,PayPal
ORD-202359,2024-02-01,2024-02-06,CUST-3288,SKU-1008,1,130.11,10,117.1,74.0,43.1,Organic Search,Apple Pay
ORD-202359,2024-02-01,2024-02-06,CUST-3288,SKU-1020,2,82.61,20,132.18,88.0,44.18,Organic Search,Apple Pay
ORD-200312,2024-02-02,2024-02-09,CUST-3041,SKU-1009,1,34.13,0,34.13,15.0,19.13,Referral,Cash on Delivery
ORD-201499,2024-02-02,2024-02-07,CUST-3173,SKU-1020,3,79.28,20,190.27,132.0,58.27,Direct,Apple Pay
ORD-201961,2024-02-02,2024-02-05,CUST-3235,SKU-1001,3,14.66,0,43.98,24.6,19.38,Social,Apple Pay
ORD-201961,2024-02-02,2024-02-05,CUST-3235,SKU-1012,1,17.92,15,15.23,6.5,8.73,Social,Apple Pay
ORD-202493,2024-02-02,2024-02-06,CUST-3304,SKU-1009,1,34.46,0,34.46,15.0,19.46,Email,Cash on Delivery
ORD-202493,2024-02-02,2024-02-06,CUST-3304,SKU-1003,5,11.89,0,59.45,31.5,27.95,Email,Cash on Delivery
ORD-202703,2024-02-02,2024-02-04,CUST-3320,SKU-1011,1,29.54,20,23.63,12.0,11.63,Organic Search,Bank Transfer
ORD-200027,2024-02-03,2024-02-09,CUST-3004,SKU-1020,4,82.49,20,263.97,176.0,87.97,Social,PayPal
ORD-200421,2024-02-03,2024-02-10,CUST-3053,SKU-1020,4,83.3,10,299.88,176.0,123.88,Social,Apple Pay
ORD-200421,2024-02-03,2024-02-10,CUST-3053,SKU-1020,4,80.25,5,304.95,176.0,128.95,Social,Apple Pay
ORD-200581,2024-02-03,2024-02-08,CUST-3065,SKU-1001,2,15.29,20,24.46,16.4,8.06,Social,Credit Card
ORD-200685,2024-02-03,2024-02-10,CUST-3074,SKU-1020,3,83.25,0,249.75,132.0,117.75,Social,Cash on Delivery
ORD-200846,2024-02-03,2024-02-10,CUST-3094,SKU-1020,2,80.07,15,136.12,88.0,48.12,Referral,PayPal
ORD-201183,2024-02-03,2024-02-07,CUST-3134,SKU-1013,3,7.38,0,22.14,7.2,14.94,Organic Search,Cash on Delivery
ORD-201385,2024-02-03,2024-02-09,CUST-3160,SKU-1005,1,15.44,0,15.44,9.1,6.34,Social,Credit Card
ORD-201681,2024-02-03,2024-02-05,CUST-3203,SKU-1006,3,10.07,0,30.21,14.4,15.81,Email,Cash on Delivery
ORD-201681,2024-02-03,2024-02-05,CUST-3203,SKU-1004,3,32.09,20,77.02,52.5,24.52,Email,Cash on Delivery
ORD-201780,2024-02-03,2024-02-05,CUST-3216,SKU-1019,4,24.39,15,82.93,44.0,38.93,Referral,Bank Transfer
ORD-201780,2024-02-03,2024-02-05,CUST-3216,SKU-1020,4,81.93,5,311.33,176.0,135.33,Referral,Bank Transfer
ORD-202665,2024-02-03,2024-02-10,CUST-3318,SKU-1019,4,24.37,20,77.98,44.0,33.98,Paid Search,Cash on Delivery
ORD-202665,2024-02-03,2024-02-10,CUST-3318,SKU-1020,3,80.54,10,217.46,132.0,85.46,Paid Search,Cash on Delivery
ORD-202769,2024-02-03,2024-02-07,CUST-3325,SKU-1020,3,80.41,15,205.05,132.0,73.05,Referral,PayPal
ORD-200537,2024-02-04,2024-02-07,CUST-3061,SKU-1013,5,7.91,0,39.55,12.0,27.55,Email,PayPal
ORD-200537,2024-02-04,2024-02-07,CUST-3061,SKU-1020,3,82.78,0,248.34,132.0,116.34,Email,PayPal
ORD-200638,2024-02-04,2024-02-05,CUST-3070,SKU-1019,4,24.67,0,98.68,44.0,54.68,Referral,Credit Card
ORD-200664,2024-02-04,2024-02-11,CUST-3072,SKU-1018,4,26.63,10,95.87,54.0,41.87,Email,Credit Card
ORD-200839,2024-02-04,2024-02-06,CUST-3093,SKU-1008,1,128.65,0,128.65,74.0,54.65,Direct,Bank Transfer
ORD-200927,2024-02-05,2024-02-06,CUST-3108,SKU-1019,4,24.79,10,89.24,44.0,45.24,Paid Search,Bank Transfer
ORD-201436,2024-02-05,2024-02-06,CUST-3169,SKU-1019,3,23.58,15,60.13,33.0,27.13,Referral,Cash on Delivery
ORD-201781,2024-02-05,2024-02-12,CUST-3216,SKU-1020,5,82.37,0,411.85,220.0,191.85,Direct,Bank Transfer
ORD-201781,2024-02-05,2024-02-12,CUST-3216,SKU-1019,5,25.34,10,114.03,55.0,59.03,Direct,Bank Transfer
ORD-201781,2024-02-05,2024-02-12,CUST-3216,SKU-1019,5,24.03,0,120.15,55.0,65.15,Direct,Bank Transfer
ORD-201969,2024-02-05,2024-02-10,CUST-3236,SKU-1015,4,9.34,0,37.36,12.8,24.56,Paid Search,Credit Card
ORD-201381,2024-02-06,2024-02-10,CUST-3158,SKU-1006,3,10.04,20,24.1,14.4,9.7,Direct,PayPal
ORD-201381,2024-02-06,2024-02-10,CUST-3158,SKU-1008,1,127.95,0,127.95,74.0,53.95,Direct,PayPal
ORD-202389,2024-02-06,2024-02-13,CUST-3289,SKU-1018,4,28.17,5,107.05,54.0,53.05,Social,Cash on Delivery
ORD-202389,2024-02-06,2024-02-13,CUST-3289,SKU-1020,4,79.69,15,270.95,176.0,94.95,Social,Cash on Delivery
ORD-202956,2024-02-06,2024-02-07,CUST-3349,SKU-1006,4,10.39,15,35.33,19.2,16.13,Organic Search,Bank Transfer
ORD-202956,2024-02-06,2024-02-07,CUST-3349,SKU-1019,3,23.82,0,71.46,33.0,38.46,Organic Search,Bank Transfer
ORD-202956,2024-02-06,2024-02-07,CUST-3349,SKU-1020,3,82.23,10,222.02,132.0,90.02,Organic Search,Bank Transfer
ORD-200165,2024-02-07,2024-02-12,CUST-3020,SKU-1019,2,25.4,20,40.64,22.0,18.64,Referral,Credit Card
ORD-200165,2024-02-07,2024-02-12,CUST-3020,SKU-1015,4,9.22,15,31.35,12.8,18.55,Referral,Credit Card
ORD-200165,2024-02-07,2024-02-12,CUST-3020,SKU-1005,3,14.88,0,44.64,27.3,17.34,Referral,Credit Card
ORD-201460,2024-02-07,2024-02-12,CUST-3171,SKU-1008,1,134.86,0,134.86,74.0,60.86,Paid Search,Bank Transfer
ORD-200220,2024-02-08,2024-02-10,CUST-3030,SKU-1019,4,24.73,20,79.14,44.0,35.14,Direct,Bank Transfer
ORD-200362,2024-02-08,2024-02-11,CUST-3046,SKU-1019,1,24.68,0,24.68,11.0,13.68,Social,Cash on Delivery
ORD-200969,2024-02-08,2024-02-12,CUST-3113,SKU-1020,4,78.44,0,313.76,176.0,137.76,Social,PayPal
ORD-201890,2024-02-08,2024-02-11,CUST-3222,SKU-1001,2,14.93,10,26.87,16.4,10.47,Direct,Apple Pay
ORD-201890,2024-02-08,2024-02-11,CUST-3222,SKU-1013,4,7.4,20,23.68,9.6,14.08,Direct,Apple Pay
ORD-202023,2024-02-08,2024-02-11,CUST-3240,SKU-1004,4,31.79,0,127.16,70.0,57.16,Direct,Bank Transfer
ORD-202023,2024-02-08,2024-02-11,CUST-3240,SKU-1020,3,77.65,10,209.66,132.0,77.66,Direct,Bank Transfer
ORD-200422,2024-02-09,2024-02-12,CUST-3053,SKU-1016,4,8.51,0,34.04,12.0,22.04,Paid Search,Apple Pay
ORD-201130,2024-02-09,2024-02-16,CUST-3126,SKU-1006,3,10.19,0,30.57,14.4,16.17,Paid Search,PayPal
ORD-201130,2024-02-09,2024-02-16,CUST-3126,SKU-1019,1,23.61,0,23.61,11.0,12.61,Paid Search,PayPal
ORD-201281,2024-02-09,2024-02-13,CUST-3143,SKU-1008,1,130.22,10,117.2,74.0,43.2,Paid Search,Apple Pay
ORD-201281,2024-02-09,2024-02-13,CUST-3143,SKU-1019,3,24.31,0,72.93,33.0,39.93,Paid Search,Apple Pay
ORD-201570,2024-02-09,2024-02-14,CUST-3186,SKU-1011,1,27.47,10,24.72,12.0,12.72,Social,Bank Transfer
ORD-201570,2024-02-09,2024-02-14,CUST-3186,SKU-1018,1,26.64,15,22.64,13.5,9.14,Social,Bank Transfer
ORD-202266,2024-02-09,2024-02-15,CUST-3271,SKU-1020,2,80.18,0,160.36,88.0,72.36,Paid Search,Credit Card
ORD-202266,2024-02-09,2024-02-15,CUST-3271,SKU-1008,1,129.31,5,122.84,74.0,48.84,Paid Search,Credit Card
ORD-200393,2024-02-10,2024-02-13,CUST-3049,SKU-1001,4,15.19,0,60.76,32.8,27.96,Referral,Credit Card
ORD-200393,2024-02-10,2024-02-13,CUST-3049,SKU-1020,2,80.71,0,161.42,88.0,73.42,Referral,Credit Card
ORD-201159,2024-02-10,2024-02-13,CUST-3132,SKU-1010,1,44.25,10,39.83,19.5,20.33,Organic Search,PayPal
ORD-201159,2024-02-10,2024-02-13,CUST-3132,SKU-1020,4,80.1,15,272.34,176.0,96.34,Organic Search,PayPal
ORD-201159,2024-02-10,2024-02-13,CUST-3132,SKU-1020,4,77.99,5,296.36,176.0,120.36,Organic Search,PayPal
ORD-201184,2024-02-10,2024-02-16,CUST-3134,SKU-1020,3,83.09,10,224.34,132.0,92.34,Direct,Apple Pay
ORD-202571,2024-02-10,2024-02-17,CUST-3311,SKU-1019,4,24.36,20,77.95,44.0,33.95,Paid Search,Credit Card
ORD-200313,2024-02-11,2024-02-14,CUST-3041,SKU-1020,5,77.61,0,388.05,220.0,168.05,Direct,Apple Pay
ORD-200639,2024-02-11,2024-02-13,CUST-3070,SKU-1014,3,12.37,0,37.11,12.3,24.81,Paid Search,Bank Transfer
ORD-200775,2024-02-11,2024-02-15,CUST-3088,SKU-1011,1,27.93,10,25.14,12.0,13.14,Email,Bank Transfer
ORD-201602,2024-02-11,2024-02-18,CUST-3192,SKU-1020,4,80.72,0,322.88,176.0,146.88,Social,PayPal
ORD-201602,2024-02-11,2024-02-18,CUST-3192,SKU-1009,1,33.92,0,33.92,15.0,18.92,Social,PayPal
ORD-200587,2024-02-12,2024-02-15,CUST-3066,SKU-1005,4,15.39,10,55.4,36.4,19.0,Organic Search,Bank Transfer
ORD-200587,2024-02-12,2024-02-15,CUST-3066,SKU-1017,3,39.21,15,99.99,63.0,36.99,Organic Search,Bank Transfer
ORD-200587,2024-02-12,2024-02-15,CUST-3066,SKU-1004,3,31.8,20,76.32,52.5,23.82,Organic Search,Bank Transfer
ORD-201185,2024-02-12,2024-02-13,CUST-3134,SKU-1020,2,77.68,0,155.36,88.0,67.36,Direct,Bank Transfer
ORD-202243,2024-02-12,2024-02-17,CUST-3265,SKU-1005,1,15.63,0,15.63,9.1,6.53,Direct,Apple Pay
ORD-202243,2024-02-12,2024-02-17,CUST-3265,SKU-1015,1,8.87,15,7.54,3.2,4.34,Direct,Apple Pay
ORD-201935,2024-02-13,2024-02-14,CUST-3227,SKU-1003,4,11.62,20,37.18,25.2,11.98,Email,Bank Transfer
ORD-201935,2024-02-13,2024-02-14,CUST-3227,SKU-1013,2,7.79,10,14.02,4.8,9.22,Email,Bank Transfer
ORD-201500,2024-02-14,2024-02-21,CUST-3173,SKU-1016,3,8.82,5,25.14,9.0,16.14,Paid Search,Cash on Delivery
ORD-201500,2024-02-14,2024-02-21,CUST-3173,SKU-1014,3,12.6,0,37.8,12.3,25.5,Paid Search,Cash on Delivery
ORD-201603,2024-02-14,2024-02-16,CUST-3192,SKU-1007,1,459.3,0,459.3,280.0,179.3,Direct,Credit Card
ORD-201603,2024-02-14,2024-02-16,CUST-3192,SKU-1019,5,25.39,0,126.95,55.0,71.95,Direct,Credit Card
ORD-202100,2024-02-14,2024-02-15,CUST-3245,SKU-1006,3,10.16,0,30.48,14.4,16.08,Organic Search,Credit Card
ORD-202100,2024-02-14,2024-02-15,CUST-3245,SKU-1020,3,79.69,5,227.12,132.0,95.12,Organic Search,Credit Card
ORD-202390,2024-02-14,2024-02-18,CUST-3289,SKU-1010,1,41.36,0,41.36,19.5,21.86,Direct,Credit Card
ORD-202770,2024-02-15,2024-02-16,CUST-3325,SKU-1012,3,18.76,0,56.28,19.5,36.78,Organic Search,Bank Transfer
ORD-202770,2024-02-15,2024-02-16,CUST-3325,SKU-1004,4,31.84,0,127.36,70.0,57.36,Organic Search,Bank Transfer
ORD-200288,2024-02-16,2024-02-18,CUST-3039,SKU-1005,3,15.04,0,45.12,27.3,17.82,Social,PayPal
ORD-200486,2024-02-16,2024-02-21,CUST-3056,SKU-1020,3,78.09,0,234.27,132.0,102.27,Direct,Bank Transfer
ORD-201208,2024-02-16,2024-02-19,CUST-3138,SKU-1020,5,78.39,10,352.75,220.0,132.75,Organic Search,Bank Transfer
ORD-201208,2024-02-16,2024-02-19,CUST-3138,SKU-1016,4,8.81,0,35.24,12.0,23.24,Organic Search,Bank Transfer
ORD-201782,2024-02-16,2024-02-19,CUST-3216,SKU-1020,4,82.77,0,331.08,176.0,155.08,Social,PayPal
ORD-201782,2024-02-16,2024-02-19,CUST-3216,SKU-1020,3,78.84,10,212.87,132.0,80.87,Social,PayPal
ORD-201782,2024-02-16,2024-02-19,CUST-3216,SKU-1004,3,33.79,0,101.37,52.5,48.87,Social,PayPal
ORD-200423,2024-02-17,2024-02-18,CUST-3053,SKU-1019,5,23.73,10,106.79,55.0,51.79,Referral,Cash on Delivery
ORD-200423,2024-02-17,2024-02-18,CUST-3053,SKU-1019,3,24.75,20,59.4,33.0,26.4,Referral,Cash on Delivery
ORD-202443,2024-02-17,2024-02-21,CUST-3298,SKU-1006,3,9.93,0,29.79,14.4,15.39,Paid Search,Cash on Delivery
ORD-202538,2024-02-17,2024-02-24,CUST-3309,SKU-1003,2,11.9,0,23.8,12.6,11.2,Referral,Bank Transfer
ORD-202726,2024-02-17,2024-02-18,CUST-3321,SKU-1019,3,24.05,20,57.72,33.0,24.72,Direct,Apple Pay
ORD-202726,2024-02-17,2024-02-18,CUST-3321,SKU-1019,3,23.8,5,67.83,33.0,34.83,Direct,Apple Pay
ORD-202851,2024-02-17,2024-02-23,CUST-3334,SKU-1020,4,77.95,0,311.8,176.0,135.8,Paid Search,PayPal
ORD-202851,2024-02-17,2024-02-23,CUST-3334,SKU-1020,5,82.17,0,410.85,220.0,190.85,Paid Search,PayPal
ORD-202851,2024-02-17,2024-02-23,CUST-3334,SKU-1019,3,24.12,0,72.36,33.0,39.36,Paid Search,PayPal
ORD-202907,2024-02-17,2024-02-22,CUST-3340,SKU-1003,1,12.14,0,12.14,6.3,5.84,Email,Credit Card
ORD-202907,2024-02-17,2024-02-22,CUST-3340,SKU-1009,1,35.05,0,35.05,15.0,20.05,Email,Credit Card
ORD-202907,2024-02-17,2024-02-22,CUST-3340,SKU-1015,1,8.88,5,8.44,3.2,5.24,Email,Credit Card
ORD-200314,2024-02-18,2024-02-21,CUST-3041,SKU-1020,4,79.51,0,318.04,176.0,142.04,Paid Search,Apple Pay
ORD-200538,2024-02-18,2024-02-23,CUST-3061,SKU-1020,4,82.95,0,331.8,176.0,155.8,Paid Search,PayPal
ORD-200538,2024-02-18,2024-02-23,CUST-3061,SKU-1001,3,15.17,20,36.41,24.6,11.81,Paid Search,PayPal
ORD-201710,2024-02-18,2024-02-24,CUST-3208,SKU-1019,2,23.89,0,47.78,22.0,25.78,Email,PayPal
ORD-201710,2024-02-18,2024-02-24,CUST-3208,SKU-1011,1,27.57,10,24.81,12.0,12.81,Email,PayPal
ORD-202177,2024-02-18,2024-02-21,CUST-3257,SKU-1020,4,78.01,0,312.04,176.0,136.04,Paid Search,Credit Card
ORD-202177,2024-02-18,2024-02-21,CUST-3257,SKU-1013,3,7.75,10,20.93,7.2,13.73,Paid Search,Credit Card
ORD-202177,2024-02-18,2024-02-21,CUST-3257,SKU-1020,3,82.24,0,246.72,132.0,114.72,Paid Search,Credit Card
ORD-200424,2024-02-19,2024-02-21,CUST-3053,SKU-1019,4,23.77,15,80.82,44.0,36.82,Referral,Bank Transfer
ORD-200686,2024-02-19,2024-02-26,CUST-3074,SKU-1019,4,24.66,0,98.64,44.0,54.64,Referral,Apple Pay
ORD-202666,2024-02-19,2024-02-21,CUST-3318,SKU-1007,1,457.77,0,457.77,280.0,177.77,Email,Credit Card
ORD-201970,2024-02-20,2024-02-23,CUST-3236,SKU-1019,5,24.44,0,122.2,55.0,67.2,Paid Search,Bank Transfer
ORD-202981,2024-02-20,2024-02-27,CUST-3350,SKU-1019,3,23.72,15,60.49,33.0,27.49,Organic Search,Apple Pay
ORD-202981,2024-02-20,2024-02-27,CUST-3350,SKU-1019,3,23.6,20,56.64,33.0,23.64,Organic Search,Apple Pay
ORD-200059,2024-02-21,2024-02-26,CUST-3007,SKU-1019,4,24.82,0,99.28,44.0,55.28,Referral,Cash on Delivery
ORD-200102,2024-02-21,2024-02-28,CUST-3010,SKU-1003,1,11.33,0,11.33,6.3,5.03,Social,Credit Card
ORD-202852,2024-02-21,2024-02-24,CUST-3334,SKU-1019,3,24.62,0,73.86,33.0,40.86,Direct,Cash on Delivery
ORD-202852,2024-02-21,2024-02-24,CUST-3334,SKU-1005,4,15.42,0,61.68,36.4,25.28,Direct,Cash on Delivery
ORD-202852,2024-02-21,2024-02-24,CUST-3334,SKU-1019,4,23.59,15,80.21,44.0,36.21,Direct,Cash on Delivery
ORD-200060,2024-02-22,2024-02-25,CUST-3007,SKU-1013,5,7.74,10,34.83,12.0,22.83,Email,PayPal
ORD-200060,2024-02-22,2024-02-25,CUST-3007,SKU-1020,5,81.36,0,406.8,220.0,186.8,Email,PayPal
ORD-200060,2024-02-22,2024-02-25,CUST-3007,SKU-1019,5,24.84,0,124.2,55.0,69.2,Email,PayPal
ORD-202122,2024-02-22,2024-02-26,CUST-3246,SKU-1019,3,24.8,10,66.96,33.0,33.96,Paid Search,Credit Card
ORD-202122,2024-02-22,2024-02-26,CUST-3246,SKU-1020,5,82.0,0,410.0,220.0,190.0,Paid Search,Credit Card
ORD-202267,2024-02-22,2024-02-26,CUST-3271,SKU-1016,4,8.46,0,33.84,12.0,21.84,Direct,Cash on Delivery
ORD-202267,2024-02-22,2024-02-26,CUST-3271,SKU-1008,1,126.54,20,101.23,74.0,27.23,Direct,Cash on Delivery
ORD-201396,2024-02-23,2024-02-27,CUST-3164,SKU-1002,3,13.62,10,36.77,22.2,14.57,Paid Search,Cash on Delivery
ORD-201589,2024-02-23,2024-02-29,CUST-3191,SKU-1012,3,18.24,5,51.98,19.5,32.48,Referral,Bank Transfer
ORD-201589,2024-02-23,2024-02-29,CUST-3191,SKU-1018,3,26.69,0,80.07,40.5,39.57,Referral,Bank Transfer
ORD-201694,2024-02-23,2024-02-24,CUST-3207,SKU-1019,3,25.2,5,71.82,33.0,38.82,Referral,Cash on Delivery
ORD-202123,2024-02-23,2024-02-28,CUST-3246,SKU-1002,3,13.06,0,39.18,22.2,16.98,Direct,Cash on Delivery
ORD-202257,2024-02-23,2024-02-26,CUST-3269,SKU-1001,2,14.71,20,23.54,16.4,7.14,Paid Search,Credit Card
ORD-200166,2024-02-24,2024-02-25,CUST-3020,SKU-1019,3,25.06,0,75.18,33.0,42.18,Referral,Cash on Delivery
ORD-200166,2024-02-24,2024-02-25,CUST-3020,SKU-1012,3,18.52,0,55.56,19.5,36.06,Referral,Cash on Delivery
ORD-200166,2024-02-24,2024-02-25,CUST-3020,SKU-1020,3,78.08,0,234.24,132.0,102.24,Referral,Cash on Delivery
ORD-201067,2024-02-24,2024-02-25,CUST-3121,SKU-1003,4,11.39,0,45.56,25.2,20.36,Referral,Cash on Delivery
ORD-201067,2024-02-24,2024-02-25,CUST-3121,SKU-1020,5,80.41,0,402.05,220.0,182.05,Referral,Cash on Delivery
ORD-201243,2024-02-24,2024-02-26,CUST-3141,SKU-1014,2,12.23,20,19.57,8.2,11.37,Social,Cash on Delivery
ORD-201243,2024-02-24,2024-02-26,CUST-3141,SKU-1003,4,11.95,20,38.24,25.2,13.04,Social,Cash on Delivery
ORD-201437,2024-02-24,2024-02-26,CUST-3169,SKU-1020,4,82.95,0,331.8,176.0,155.8,Social,Apple Pay
ORD-201437,2024-02-24,2024-02-26,CUST-3169,SKU-1009,1,35.27,10,31.74,15.0,16.74,Social,Apple Pay
ORD-201604,2024-02-24,2024-02-26,CUST-3192,SKU-1019,4,24.34,0,97.36,44.0,53.36,Organic Search,Credit Card
ORD-201842,2024-02-24,2024-03-01,CUST-3219,SKU-1010,1,44.3,10,39.87,19.5,20.37,Social,Credit Card
ORD-200088,2024-02-25,2024-02-29,CUST-3008,SKU-1020,3,81.64,20,195.94,132.0,63.94,Email,Credit Card
ORD-200088,2024-02-25,2024-02-29,CUST-3008,SKU-1015,4,9.4,0,37.6,12.8,24.8,Email,Credit Card
ORD-200167,2024-02-25,2024-03-01,CUST-3020,SKU-1013,2,7.66,0,15.32,4.8,10.52,Referral,Bank Transfer
ORD-200847,2024-02-25,2024-02-28,CUST-3094,SKU-1020,4,79.05,15,268.77,176.0,92.77,Direct,Bank Transfer
ORD-200847,2024-02-25,2024-02-28,CUST-3094,SKU-1015,2,9.0,15,15.3,6.4,8.9,Direct,Bank Transfer
ORD-202009,2024-02-25,2024-02-27,CUST-3239,SKU-1017,3,40.06,15,102.15,63.0,39.15,Organic Search,PayPal
ORD-202009,2024-02-25,2024-02-27,CUST-3239,SKU-1016,4,8.51,0,34.04,12.0,22.04,Organic Search,PayPal
ORD-202009,2024-02-25,2024-02-27,CUST-3239,SKU-1004,2,32.31,0,64.62,35.0,29.62,Organic Search,PayPal
ORD-202312,2024-02-25,2024-03-03,CUST-3279,SKU-1014,3,11.82,0,35.46,12.3,23.16,Direct,Apple Pay
ORD-200970,2024-02-26,2024-02-28,CUST-3113,SKU-1020,3,78.63,20,188.71,132.0,56.71,Direct,PayPal
ORD-200970,2024-02-26,2024-02-28,CUST-3113,SKU-1019,3,24.24,15,61.81,33.0,28.81,Direct,PayPal
ORD-201116,2024-02-26,2024-03-03,CUST-3123,SKU-1013,4,7.57,15,25.74,9.6,16.14,Email,Cash on Delivery
ORD-201520,2024-02-26,2024-02-28,CUST-3176,SKU-1011,1,29.12,10,26.21,12.0,14.21,Referral,PayPal
ORD-202391,2024-02-26,2024-03-03,CUST-3289,SKU-1019,3,25.36,0,76.08,33.0,43.08,Referral,Cash on Delivery
ORD-202910,2024-02-27,2024-03-05,CUST-3342,SKU-1003,2,11.64,10,20.95,12.6,8.35,Direct,Bank Transfer
ORD-201656,2024-02-28,2024-03-01,CUST-3199,SKU-1014,3,11.9,10,32.13,12.3,19.83,Paid Search,Credit Card
ORD-201656,2024-02-28,2024-03-01,CUST-3199,SKU-1019,2,24.34,20,38.94,22.0,16.94,Paid Search,Credit Card
ORD-200625,2024-02-29,2024-03-01,CUST-3068,SKU-1005,4,15.84,15,53.86,36.4,17.46,Social,Bank Transfer
ORD-202095,2024-02-29,2024-03-04,CUST-3244,SKU-1009,1,35.12,0,35.12,15.0,20.12,Direct,Apple Pay
ORD-202095,2024-02-29,2024-03-04,CUST-3244,SKU-1010,1,41.39,0,41.39,19.5,21.89,Direct,Apple Pay
ORD-200414,2024-03-01,2024-03-04,CUST-3052,SKU-1010,1,43.47,10,39.12,19.5,19.62,Direct,Credit Card
ORD-200487,2024-03-01,2024-03-07,CUST-3056,SKU-1005,2,15.58,0,31.16,18.2,12.96,Organic Search,Cash on Delivery
ORD-200871,2024-03-01,2024-03-02,CUST-3099,SKU-1010,1,41.99,10,37.79,19.5,18.29,Direct,Bank Transfer
ORD-201579,2024-03-01,2024-03-05,CUST-3188,SKU-1015,3,8.89,20,21.34,9.6,11.74,Referral,Cash on Delivery
ORD-201579,2024-03-01,2024-03-05,CUST-3188,SKU-1016,4,8.94,10,32.18,12.0,20.18,Referral,Cash on Delivery
ORD-202010,2024-03-01,2024-03-08,CUST-3239,SKU-1009,1,34.54,0,34.54,15.0,19.54,Social,Credit Card
ORD-202010,2024-03-01,2024-03-08,CUST-3239,SKU-1019,3,23.7,5,67.54,33.0,34.54,Social,Credit Card
ORD-202461,2024-03-01,2024-03-03,CUST-3301,SKU-1019,3,23.76,0,71.28,33.0,38.28,Direct,Credit Card
ORD-202461,2024-03-01,2024-03-03,CUST-3301,SKU-1019,3,24.44,0,73.32,33.0,40.32,Direct,Credit Card
ORD-202572,2024-03-01,2024-03-07,CUST-3311,SKU-1009,1,35.0,0,35.0,15.0,20.0,Email,Bank Transfer
ORD-202572,2024-03-01,2024-03-07,CUST-3311,SKU-1006,5,9.85,0,49.25,24.0,25.25,Email,Bank Transfer
ORD-202572,2024-03-01,2024-03-07,CUST-3311,SKU-1002,4,13.72,5,52.14,29.6,22.54,Email,Bank Transfer
ORD-200089,2024-03-02,2024-03-03,CUST-3008,SKU-1001,3,14.66,5,41.78,24.6,17.18,Direct,Cash on Delivery
ORD-200089,2024-03-02,2024-03-03,CUST-3008,SKU-1020,3,83.01,5,236.58,132.0,104.58,Direct,Cash on Delivery
ORD-200089,2024-03-02,2024-03-03,CUST-3008,SKU-1001,2,15.28,10,27.5,16.4,11.1,Direct,Cash on Delivery
ORD-201590,2024-03-02,2024-03-04,CUST-3191,SKU-1018,2,27.18,10,48.92,27.0,21.92,Email,Cash on Delivery
ORD-202224,2024-03-02,2024-03-04,CUST-3260,SKU-1003,1,11.78,10,10.6,6.3,4.3,Organic Search,Bank Transfer
ORD-202957,2024-03-02,2024-03-08,CUST-3349,SKU-1015,5,8.87,20,35.48,16.0,19.48,Organic Search,PayPal
ORD-202957,2024-03-02,2024-03-08,CUST-3349,SKU-1017,4,40.95,15,139.23,84.0,55.23,Organic Search,PayPal
ORD-202982,2024-03-02,2024-03-04,CUST-3350,SKU-1004,3,33.21,0,99.63,52.5,47.13,Paid Search,Apple Pay
ORD-202982,2024-03-02,2024-03-04,CUST-3350,SKU-1001,4,14.79,0,59.16,32.8,26.36,Paid Search,Apple Pay
ORD-200003,2024-03-03,2024-03-09,CUST-3001,SKU-1001,3,15.25,0,45.75,24.6,21.15,Direct,Credit Card
ORD-200003,2024-03-03,2024-03-09,CUST-3001,SKU-1018,4,27.46,0,109.84,54.0,55.84,Direct,Credit Card
ORD-200003,2024-03-03,2024-03-09,CUST-3001,SKU-1008,1,130.03,15,110.53,74.0,36.53,Direct,Credit Card
ORD-200394,2024-03-03,2024-03-06,CUST-3049,SKU-1019,4,25.39,10,91.4,44.0,47.4,Social,Cash on Delivery
ORD-200687,2024-03-03,2024-03-04,CUST-3074,SKU-1016,3,8.83,5,25.17,9.0,16.17,Social,Bank Transfer
ORD-200997,2024-03-03,2024-03-10,CUST-3115,SKU-1010,1,43.19,10,38.87,19.5,19.37,Social,Bank Transfer
ORD-200997,2024-03-03,2024-03-10,CUST-3115,SKU-1002,3,13.23,0,39.69,22.2,17.49,Social,Bank Transfer
ORD-201397,2024-03-03,2024-03-05,CUST-3164,SKU-1019,4,24.38,15,82.89,44.0,38.89,Organic Search,PayPal
ORD-201397,2024-03-03,2024-03-05,CUST-3164,SKU-1017,4,40.93,5,155.53,84.0,71.53,Organic Search,PayPal
ORD-201397,2024-03-03,2024-03-05,CUST-3164,SKU-1016,4,8.99,10,32.36,12.0,20.36,Organic Search,PayPal
ORD-201918,2024-03-03,2024-03-10,CUST-3225,SKU-1019,3,24.94,0,74.82,33.0,41.82,Referral,Apple Pay
ORD-201918,2024-03-03,2024-03-10,CUST-3225,SKU-1020,4,79.03,0,316.12,176.0,140.12,Referral,Apple Pay
ORD-201931,2024-03-03,2024-03-07,CUST-3226,SKU-1020,1,78.71,10,70.84,44.0,26.84,Social,Apple Pay
ORD-201931,2024-03-03,2024-03-07,CUST-3226,SKU-1014,3,12.21,0,36.63,12.3,24.33,Social,Apple Pay
ORD-201931,2024-03-03,2024-03-07,CUST-3226,SKU-1005,2,15.71,10,28.28,18.2,10.08,Social,Apple Pay
ORD-200191,2024-03-04,2024-03-10,CUST-3023,SKU-1008,1,132.83,15,112.91,74.0,38.91,Referral,Apple Pay
ORD-200848,2024-03-04,2024-03-09,CUST-3094,SKU-1006,3,10.17,0,30.51,14.4,16.11,Social,PayPal
ORD-200848,2024-03-04,2024-03-09,CUST-3094,SKU-1020,4,79.02,5,300.28,176.0,124.28,Social,PayPal
ORD-201861,2024-03-04,2024-03-11,CUST-3220,SKU-1019,5,24.59,15,104.51,55.0,49.51,Social,Credit Card
ORD-202011,2024-03-04,2024-03-11,CUST-3239,SKU-1010,1,41.33,10,37.2,19.5,17.7,Referral,PayPal
ORD-202232,2024-03-04,2024-03-05,CUST-3264,SKU-1020,3,83.34,5,237.52,132.0,105.52,Social,Credit Card
ORD-202232,2024-03-04,2024-03-05,CUST-3264,SKU-1019,2,24.99,15,42.48,22.0,20.48,Social,Credit Card
ORD-202232,2024-03-04,2024-03-05,CUST-3264,SKU-1020,2,77.43,10,139.37,88.0,51.37,Social,Credit Card
ORD-202886,2024-03-04,2024-03-06,CUST-3335,SKU-1020,3,82.93,20,199.03,132.0,67.03,Paid Search,Apple Pay
ORD-202886,2024-03-04,2024-03-06,CUST-3335,SKU-1019,4,24.89,0,99.56,44.0,55.56,Paid Search,Apple Pay
ORD-202886,2024-03-04,2024-03-06,CUST-3335,SKU-1011,1,28.58,0,28.58,12.0,16.58,Paid Search,Apple Pay
ORD-200971,2024-03-05,2024-03-06,CUST-3113,SKU-1019,5,24.93,0,124.65,55.0,69.65,Referral,PayPal
ORD-201605,2024-03-05,2024-03-10,CUST-3192,SKU-1001,3,15.14,5,43.15,24.6,18.55,Direct,Bank Transfer
ORD-201605,2024-03-05,2024-03-10,CUST-3192,SKU-1019,5,24.44,10,109.98,55.0,54.98,Direct,Bank Transfer
ORD-201783,2024-03-05,2024-03-10,CUST-3216,SKU-1020,5,79.1,0,395.5,220.0,175.5,Social,Credit Card
ORD-201783,2024-03-05,2024-03-10,CUST-3216,SKU-1019,5,24.99,0,124.95,55.0,69.95,Social,Credit Card
ORD-202295,2024-03-05,2024-03-07,CUST-3276,SKU-1008,1,135.96,0,135.96,74.0,61.96,Social,Apple Pay
ORD-202853,2024-03-05,2024-03-08,CUST-3334,SKU-1019,5,25.25,0,126.25,55.0,71.25,Direct,Cash on Delivery
ORD-202853,2024-03-05,2024-03-08,CUST-3334,SKU-1019,4,23.83,5,90.55,44.0,46.55,Direct,Cash on Delivery
ORD-202313,2024-03-06,2024-03-13,CUST-3279,SKU-1013,3,7.43,5,21.18,7.2,13.98,Social,PayPal
ORD-202313,2024-03-06,2024-03-13,CUST-3279,SKU-1020,2,80.17,5,152.32,88.0,64.32,Social,PayPal
ORD-202341,2024-03-06,2024-03-13,CUST-3285,SKU-1009,1,33.88,5,32.19,15.0,17.19,Email,PayPal
ORD-202341,2024-03-06,2024-03-13,CUST-3285,SKU-1003,4,11.34,20,36.29,25.2,11.09,Email,PayPal
ORD-202415,2024-03-06,2024-03-09,CUST-3291,SKU-1007,1,449.29,15,381.9,280.0,101.9,Direct,Apple Pay
ORD-202494,2024-03-06,2024-03-11,CUST-3304,SKU-1019,4,25.15,10,90.54,44.0,46.54,Paid Search,PayPal
ORD-202494,2024-03-06,2024-03-11,CUST-3304,SKU-1019,4,24.83,0,99.32,44.0,55.32,Paid Search,PayPal
ORD-200149,2024-03-07,2024-03-11,CUST-3018,SKU-1019,2,25.29,20,40.46,22.0,18.46,Social,Apple Pay
ORD-200376,2024-03-07,2024-03-08,CUST-3048,SKU-1004,3,32.77,0,98.31,52.5,45.81,Referral,Bank Transfer
ORD-200607,2024-03-07,2024-03-09,CUST-3067,SKU-1019,3,25.13,0,75.39,33.0,42.39,Direct,PayPal
ORD-201117,2024-03-07,2024-03-08,CUST-3123,SKU-1016,4,8.98,20,28.74,12.0,16.74,Organic Search,Apple Pay
ORD-201117,2024-03-07,2024-03-08,CUST-3123,SKU-1019,3,24.87,0,74.61,33.0,41.61,Organic Search,Apple Pay
ORD-201606,2024-03-07,2024-03-14,CUST-3192,SKU-1014,4,11.77,0,47.08,16.4,30.68,Paid Search,PayPal
ORD-202854,2024-03-07,2024-03-11,CUST-3334,SKU-1020,3,81.39,5,231.96,132.0,99.96,Social,PayPal
ORD-202854,2024-03-07,2024-03-11,CUST-3334,SKU-1002,4,13.49,0,53.96,29.6,24.36,Social,PayPal
ORD-200061,2024-03-08,2024-03-14,CUST-3007,SKU-1013,4,7.9,0,31.6,9.6,22.0,Paid Search,Cash on Delivery
ORD-200061,2024-03-08,2024-03-14,CUST-3007,SKU-1010,1,42.76,0,42.76,19.5,23.26,Paid Search,Cash on Delivery
ORD-200928,2024-03-08,2024-03-10,CUST-3108,SKU-1007,1,444.28,20,355.42,280.0,75.42,Referral,PayPal
ORD-201338,2024-03-09,2024-03-15,CUST-3151,SKU-1015,2,9.05,10,16.29,6.4,9.89,Paid Search,Bank Transfer
ORD-201338,2024-03-09,2024-03-15,CUST-3151,SKU-1020,2,80.38,0,160.76,88.0,72.76,Paid Search,Bank Transfer
ORD-201971,2024-03-15,2024-03-21,CUST-3236,SKU-1020,3,78.73,0,236.19,132.0,104.19,Organic Search,Bank Transfer
ORD-201971,2024-03-15,2024-03-21,CUST-3236,SKU-1006,5,10.23,0,51.15,24.0,27.15,Organic Search,Bank Transfer
ORD-201971,2024-03-15,2024-03-21,CUST-3236,SKU-1018,5,27.69,15,117.68,67.5,50.18,Organic Search,Bank Transfer
ORD-201339,2024-03-16,2024-03-18,CUST-3151,SKU-1004,3,33.04,5,94.16,52.5,41.66,Referral,Apple Pay
ORD-201339,2024-03-16,2024-03-18,CUST-3151,SKU-1020,4,80.47,0,321.88,176.0,145.88,Referral,Apple Pay
ORD-200090,2024-03-17,2024-03-24,CUST-3008,SKU-1019,3,23.87,20,57.29,33.0,24.29,Organic Search,Cash on Delivery
ORD-200539,2024-03-17,2024-03-23,CUST-3061,SKU-1019,4,24.77,0,99.08,44.0,55.08,Direct,Bank Transfer
ORD-201209,2024-03-17,2024-03-24,CUST-3138,SKU-1002,4,12.74,0,50.96,29.6,21.36,Email,PayPal
ORD-202704,2024-03-17,2024-03-22,CUST-3320,SKU-1001,2,15.01,0,30.02,16.4,13.62,Email,Bank Transfer
ORD-202704,2024-03-17,2024-03-22,CUST-3320,SKU-1003,3,11.55,20,27.72,18.9,8.82,Email,Bank Transfer
ORD-200640,2024-03-18,2024-03-20,CUST-3070,SKU-1020,4,80.72,0,322.88,176.0,146.88,Direct,Bank Transfer
ORD-200640,2024-03-18,2024-03-20,CUST-3070,SKU-1012,3,18.92,5,53.92,19.5,34.42,Direct,Bank Transfer
ORD-201591,2024-03-18,2024-03-22,CUST-3191,SKU-1002,2,13.11,10,23.6,14.8,8.8,Direct,Bank Transfer
ORD-201607,2024-03-18,2024-03-19,CUST-3192,SKU-1019,5,23.53,5,111.77,55.0,56.77,Paid Search,Apple Pay
ORD-201607,2024-03-18,2024-03-19,CUST-3192,SKU-1008,1,130.21,10,117.19,74.0,43.19,Paid Search,Apple Pay
ORD-201607,2024-03-18,2024-03-19,CUST-3192,SKU-1020,5,77.87,0,389.35,220.0,169.35,Paid Search,Apple Pay
ORD-200377,2024-03-19,2024-03-22,CUST-3048,SKU-1019,3,24.26,0,72.78,33.0,39.78,Email,Bank Transfer
ORD-201993,2024-03-19,2024-03-23,CUST-3237,SKU-1012,2,18.9,10,34.02,13.0,21.02,Email,Cash on Delivery
ORD-201993,2024-03-19,2024-03-23,CUST-3237,SKU-1014,4,12.45,0,49.8,16.4,33.4,Email,Cash on Delivery
ORD-202143,2024-03-19,2024-03-21,CUST-3247,SKU-1020,3,81.99,0,245.97,132.0,113.97,Organic Search,Bank Transfer
ORD-202143,2024-03-19,2024-03-21,CUST-3247,SKU-1020,5,79.94,10,359.73,220.0,139.73,Organic Search,Bank Transfer
ORD-202143,2024-03-19,2024-03-21,CUST-3247,SKU-1006,4,10.25,15,34.85,19.2,15.65,Organic Search,Bank Transfer
ORD-202810,2024-03-19,2024-03-24,CUST-3330,SKU-1001,4,14.41,0,57.64,32.8,24.84,Referral,Apple Pay
ORD-202810,2024-03-19,2024-03-24,CUST-3330,SKU-1016,5,8.82,20,35.28,15.0,20.28,Referral,Apple Pay
ORD-200395,2024-03-20,2024-03-24,CUST-3049,SKU-1011,1,29.59,20,23.67,12.0,11.67,Referral,Apple Pay
ORD-200688,2024-03-20,2024-03-26,CUST-3074,SKU-1019,3,24.35,10,65.75,33.0,32.75,Email,PayPal
ORD-200840,2024-03-20,2024-03-22,CUST-3093,SKU-1007,1,469.16,0,469.16,280.0,189.16,Paid Search,PayPal
ORD-200840,2024-03-20,2024-03-22,CUST-3093,SKU-1004,2,33.57,0,67.14,35.0,32.14,Paid Search,PayPal
ORD-200856,2024-03-20,2024-03-22,CUST-3095,SKU-1014,3,11.81,20,28.34,12.3,16.04,Paid Search,Apple Pay
ORD-200856,2024-03-20,2024-03-22,CUST-3095,SKU-1006,2,9.74,15,16.56,9.6,6.96,Paid Search,Apple Pay
ORD-200856,2024-03-20,2024-03-22,CUST-3095,SKU-1010,1,42.4,10,38.16,19.5,18.66,Paid Search,Apple Pay
ORD-200942,2024-03-20,2024-03-23,CUST-3110,SKU-1018,4,27.08,5,102.9,54.0,48.9,Paid Search,Credit Card
ORD-200942,2024-03-20,2024-03-23,CUST-3110,SKU-1020,4,83.56,20,267.39,176.0,91.39,Paid Search,Credit Card
ORD-200150,2024-03-21,2024-03-25,CUST-3018,SKU-1002,3,12.9,0,38.7,22.2,16.5,Email,Cash on Delivery
ORD-200150,2024-03-21,2024-03-25,CUST-3018,SKU-1008,1,130.47,0,130.47,74.0,56.47,Email,Cash on Delivery
ORD-200540,2024-03-21,2024-03-26,CUST-3061,SKU-1020,5,79.2,10,356.4,220.0,136.4,Organic Search,Credit Card
ORD-200540,2024-03-21,2024-03-26,CUST-3061,SKU-1015,5,9.3,0,46.5,16.0,30.5,Organic Search,Credit Card
ORD-200540,2024-03-21,2024-03-26,CUST-3061,SKU-1020,3,77.45,20,185.88,132.0,53.88,Organic Search,Credit Card
ORD-200641,2024-03-21,2024-03-26,CUST-3070,SKU-1011,1,27.93,20,22.34,12.0,10.34,Email,Bank Transfer
ORD-201371,2024-03-21,2024-03-25,CUST-3156,SKU-1019,3,24.64,0,73.92,33.0,40.92,Social,PayPal
ORD-202052,2024-03-21,2024-03-27,CUST-3241,SKU-1019,4,23.84,15,81.06,44.0,37.06,Social,PayPal
ORD-202052,2024-03-21,2024-03-27,CUST-3241,SKU-1020,5,78.87,0,394.35,220.0,174.35,Social,PayPal
ORD-202052,2024-03-21,2024-03-27,CUST-3241,SKU-1017,3,39.96,0,119.88,63.0,56.88,Social,PayPal
ORD-202053,2024-03-21,2024-03-25,CUST-3241,SKU-1001,5,15.1,5,71.72,41.0,30.72,Organic Search,Bank Transfer
ORD-202053,2024-03-21,2024-03-25,CUST-3241,SKU-1007,1,465.39,10,418.85,280.0,138.85,Organic Search,Bank Transfer
ORD-200142,2024-03-22,2024-03-25,CUST-3017,SKU-1016,2,8.79,0,17.58,6.0,11.58,Direct,Bank Transfer
ORD-200142,2024-03-22,2024-03-25,CUST-3017,SKU-1001,2,14.56,0,29.12,16.4,12.72,Direct,Bank Transfer
ORD-200142,2024-03-22,2024-03-25,CUST-3017,SKU-1009,1,35.88,10,32.29,15.0,17.29,Direct,Bank Transfer
ORD-200168,2024-03-22,2024-03-25,CUST-3020,SKU-1011,1,27.91,10,25.12,12.0,13.12,Email,Bank Transfer
ORD-200168,2024-03-22,2024-03-25,CUST-3020,SKU-1013,3,7.81,0,23.43,7.2,16.23,Email,Bank Transfer
ORD-200588,2024-03-22,2024-03-23,CUST-3066,SKU-1020,3,80.71,0,242.13,132.0,110.13,Direct,PayPal
ORD-200721,2024-03-22,2024-03-24,CUST-3079,SKU-1020,2,78.81,5,149.74,88.0,61.74,Organic Search,Apple Pay
ORD-201461,2024-03-22,2024-03-27,CUST-3171,SKU-1005,4,15.88,5,60.34,36.4,23.94,Direct,Apple Pay
ORD-201461,2024-03-22,2024-03-27,CUST-3171,SKU-1010,1,43.3,0,43.3,19.5,23.8,Direct,Apple Pay
ORD-201722,2024-03-22,2024-03-24,CUST-3210,SKU-1018,3,26.63,0,79.89,40.5,39.39,Social,PayPal
ORD-201722,2024-03-22,2024-03-24,CUST-3210,SKU-1018,2,26.94,10,48.49,27.0,21.49,Social,PayPal
ORD-201722,2024-03-22,2024-03-24,CUST-3210,SKU-1006,4,9.74,20,31.17,19.2,11.97,Social,PayPal
ORD-201122,2024-03-23,2024-03-25,CUST-3124,SKU-1002,3,13.59,0,40.77,22.2,18.57,Social,Cash on Delivery
ORD-201753,2024-03-23,2024-03-29,CUST-3215,SKU-1009,1,34.0,15,28.9,15.0,13.9,Referral,Cash on Delivery
ORD-201753,2024-03-23,2024-03-29,CUST-3215,SKU-1006,2,9.71,0,19.42,9.6,9.82,Referral,Cash on Delivery
ORD-202604,2024-03-23,2024-03-25,CUST-3312,SKU-1008,1,126.8,0,126.8,74.0,52.8,Email,Apple Pay
ORD-201815,2024-03-25,2024-03-29,CUST-3217,SKU-1020,5,81.74,15,347.39,220.0,127.39,Social,Credit Card
ORD-201815,2024-03-25,2024-03-29,CUST-3217,SKU-1006,5,10.17,0,50.85,24.0,26.85,Social,Credit Card
ORD-202348,2024-03-25,2024-03-26,CUST-3286,SKU-1017,4,39.08,0,156.32,84.0,72.32,Referral,PayPal
ORD-200315,2024-03-26,2024-03-30,CUST-3041,SKU-1002,3,13.15,0,39.45,22.2,17.25,Referral,Cash on Delivery
ORD-200849,2024-03-26,2024-03-27,CUST-3094,SKU-1020,4,77.68,20,248.58,176.0,72.58,Social,Cash on Delivery
ORD-200849,2024-03-26,2024-03-27,CUST-3094,SKU-1019,2,24.61,5,46.76,22.0,24.76,Social,Cash on Delivery
ORD-200861,2024-03-26,2024-03-29,CUST-3096,SKU-1014,3,12.29,5,35.03,12.3,22.73,Referral,Cash on Delivery
ORD-200861,2024-03-26,2024-03-29,CUST-3096,SKU-1014,3,12.66,5,36.08,12.3,23.78,Referral,Cash on Delivery
ORD-200885,2024-03-26,2024-04-01,CUST-3100,SKU-1012,1,18.61,10,16.75,6.5,10.25,Paid Search,Credit Card
ORD-200885,2024-03-26,2024-04-01,CUST-3100,SKU-1005,3,15.0,0,45.0,27.3,17.7,Paid Search,Credit Card
ORD-200885,2024-03-26,2024-04-01,CUST-3100,SKU-1010,1,41.83,15,35.56,19.5,16.06,Paid Search,Credit Card
ORD-201282,2024-03-26,2024-03-27,CUST-3143,SKU-1014,3,12.22,0,36.66,12.3,24.36,Referral,Bank Transfer
ORD-201282,2024-03-26,2024-03-27,CUST-3143,SKU-1010,1,43.67,10,39.3,19.5,19.8,Referral,Bank Transfer
ORD-201282,2024-03-26,2024-03-27,CUST-3143,SKU-1015,3,8.99,0,26.97,9.6,17.37,Referral,Bank Transfer
ORD-201608,2024-03-26,2024-04-01,CUST-3192,SKU-1020,3,80.45,5,229.28,132.0,97.28,Referral,Cash on Delivery
ORD-201608,2024-03-26,2024-04-01,CUST-3192,SKU-1018,4,28.57,20,91.42,54.0,37.42,Referral,Cash on Delivery
ORD-201608,2024-03-26,2024-04-01,CUST-3192,SKU-1012,3,18.31,0,54.93,19.5,35.43,Referral,Cash on Delivery
ORD-200929,2024-03-27,2024-03-30,CUST-3108,SKU-1016,2,8.98,10,16.16,6.0,10.16,Referral,Bank Transfer
ORD-200929,2024-03-27,2024-03-30,CUST-3108,SKU-1013,4,7.77,0,31.08,9.6,21.48,Referral,Bank Transfer
ORD-201501,2024-03-27,2024-03-30,CUST-3173,SKU-1005,4,14.87,0,59.48,36.4,23.08,Organic Search,Apple Pay
ORD-201784,2024-03-27,2024-03-29,CUST-3216,SKU-1002,3,13.36,0,40.08,22.2,17.88,Paid Search,Apple Pay
ORD-201891,2024-03-27,2024-04-03,CUST-3222,SKU-1015,4,8.94,10,32.18,12.8,19.38,Direct,PayPal
ORD-201891,2024-03-27,2024-04-03,CUST-3222,SKU-1007,1,441.06,0,441.06,280.0,161.06,Direct,PayPal
ORD-202101,2024-03-27,2024-03-28,CUST-3245,SKU-1008,1,134.86,0,134.86,74.0,60.86,Email,PayPal
ORD-200207,2024-03-28,2024-04-02,CUST-3026,SKU-1020,3,82.9,0,248.7,132.0,116.7,Social,Apple Pay
ORD-200207,2024-03-28,2024-04-02,CUST-3026,SKU-1019,2,25.37,0,50.74,22.0,28.74,Social,Apple Pay
ORD-200207,2024-03-28,2024-04-02,CUST-3026,SKU-1018,4,27.02,0,108.08,54.0,54.08,Social,Apple Pay
ORD-200807,2024-03-28,2024-03-29,CUST-3089,SKU-1019,4,25.17,5,95.65,44.0,51.65,Paid Search,Cash on Delivery
ORD-202291,2024-03-28,2024-04-03,CUST-3275,SKU-1018,2,28.01,0,56.02,27.0,29.02,Paid Search,PayPal
ORD-202291,2024-03-28,2024-04-03,CUST-3275,SKU-1011,1,28.07,20,22.46,12.0,10.46,Paid Search,PayPal
ORD-202416,2024-03-29,2024-04-04,CUST-3291,SKU-1009,1,33.96,20,27.17,15.0,12.17,Referral,Credit Card
ORD-201017,2024-03-30,2024-04-05,CUST-3118,SKU-1006,3,10.29,0,30.87,14.4,16.47,Direct,Cash on Delivery
ORD-201017,2024-03-30,2024-04-05,CUST-3118,SKU-1017,3,39.5,10,106.65,63.0,43.65,Direct,Cash on Delivery
ORD-201017,2024-03-30,2024-04-05,CUST-3118,SKU-1019,3,24.94,15,63.6,33.0,30.6,Direct,Cash on Delivery
ORD-202178,2024-03-30,2024-04-03,CUST-3257,SKU-1020,2,80.45,0,160.9,88.0,72.9,Referral,Bank Transfer
ORD-202178,2024-03-30,2024-04-03,CUST-3257,SKU-1012,3,18.13,10,48.95,19.5,29.45,Referral,Bank Transfer
ORD-202233,2024-03-30,2024-04-03,CUST-3264,SKU-1001,4,14.88,20,47.62,32.8,14.82,Direct,Apple Pay
ORD-202233,2024-03-30,2024-04-03,CUST-3264,SKU-1002,3,13.59,0,40.77,22.2,18.57,Direct,Apple Pay
ORD-202444,2024-03-30,2024-04-05,CUST-3298,SKU-1019,2,23.66,0,47.32,22.0,25.32,Email,Cash on Delivery
ORD-202444,2024-03-30,2024-04-05,CUST-3298,SKU-1004,2,31.44,0,62.88,35.0,27.88,Email,Cash on Delivery
ORD-200757,2024-03-31,2024-04-02,CUST-3087,SKU-1007,1,461.51,0,461.51,280.0,181.51,Referral,Apple Pay
ORD-201609,2024-03-31,2024-04-05,CUST-3192,SKU-1019,3,23.82,10,64.31,33.0,31.31,Social,Cash on Delivery
ORD-202539,2024-03-31,2024-04-01,CUST-3309,SKU-1015,3,9.0,10,24.3,9.6,14.7,Paid Search,PayPal
ORD-202539,2024-03-31,2024-04-01,CUST-3309,SKU-1020,2,79.22,10,142.6,88.0,54.6,Paid Search,PayPal
ORD-202539,2024-03-31,2024-04-01,CUST-3309,SKU-1020,3,81.94,20,196.66,132.0,64.66,Paid Search,PayPal
ORD-200850,2024-04-01,2024-04-03,CUST-3094,SKU-1020,3,81.74,0,245.22,132.0,113.22,Referral,PayPal
ORD-202392,2024-04-01,2024-04-02,CUST-3289,SKU-1020,5,82.24,15,349.52,220.0,129.52,Email,Credit Card
ORD-200128,2024-04-02,2024-04-05,CUST-3015,SKU-1019,2,25.11,0,50.22,22.0,28.22,Email,Bank Transfer
ORD-201816,2024-04-02,2024-04-03,CUST-3217,SKU-1019,3,25.27,0,75.81,33.0,42.81,Direct,Credit Card
ORD-202727,2024-04-02,2024-04-06,CUST-3321,SKU-1020,3,82.65,15,210.76,132.0,78.76,Paid Search,Cash on Delivery
ORD-202727,2024-04-02,2024-04-06,CUST-3321,SKU-1017,5,38.5,0,192.5,105.0,87.5,Paid Search,Cash on Delivery
ORD-202727,2024-04-02,2024-04-06,CUST-3321,SKU-1019,5,25.08,0,125.4,55.0,70.4,Paid Search,Cash on Delivery
ORD-201340,2024-04-03,2024-04-04,CUST-3151,SKU-1020,2,78.4,10,141.12,88.0,53.12,Organic Search,PayPal
ORD-201340,2024-04-03,2024-04-04,CUST-3151,SKU-1011,1,29.62,15,25.18,12.0,13.18,Organic Search,PayPal
ORD-201340,2024-04-03,2024-04-04,CUST-3151,SKU-1018,3,28.1,10,75.87,40.5,35.37,Organic Search,PayPal
ORD-202144,2024-04-03,2024-04-04,CUST-3247,SKU-1017,4,40.51,0,162.04,84.0,78.04,Email,Credit Card
ORD-202144,2024-04-03,2024-04-04,CUST-3247,SKU-1019,4,25.19,10,90.68,44.0,46.68,Email,Credit Card
ORD-200425,2024-04-04,2024-04-09,CUST-3053,SKU-1019,5,23.74,0,118.7,55.0,63.7,Email,Credit Card
ORD-202054,2024-04-04,2024-04-07,CUST-3241,SKU-1019,3,25.37,0,76.11,33.0,43.11,Email,Cash on Delivery
ORD-202054,2024-04-04,2024-04-07,CUST-3241,SKU-1012,5,18.52,10,83.34,32.5,50.84,Email,Cash on Delivery
ORD-202054,2024-04-04,2024-04-07,CUST-3241,SKU-1008,1,133.68,5,127.0,74.0,53.0,Email,Cash on Delivery
ORD-200215,2024-04-05,2024-04-08,CUST-3029,SKU-1016,3,8.42,5,24.0,9.0,15.0,Paid Search,Apple Pay
ORD-200215,2024-04-05,2024-04-08,CUST-3029,SKU-1005,3,15.57,10,42.04,27.3,14.74,Paid Search,Apple Pay
ORD-201099,2024-04-05,2024-04-12,CUST-3122,SKU-1019,4,24.87,0,99.48,44.0,55.48,Paid Search,Bank Transfer
ORD-201099,2024-04-05,2024-04-12,CUST-3122,SKU-1019,3,24.77,0,74.31,33.0,41.31,Paid Search,Bank Transfer
ORD-201099,2024-04-05,2024-04-12,CUST-3122,SKU-1020,3,81.54,0,244.62,132.0,112.62,Paid Search,Bank Transfer
ORD-201972,2024-04-05,2024-04-10,CUST-3236,SKU-1016,4,8.55,0,34.2,12.0,22.2,Organic Search,Bank Transfer
ORD-201972,2024-04-05,2024-04-10,CUST-3236,SKU-1019,5,23.95,10,107.78,55.0,52.78,Organic Search,Bank Transfer
ORD-202855,2024-04-05,2024-04-08,CUST-3334,SKU-1011,1,29.55,20,23.64,12.0,11.64,Email,Bank Transfer
ORD-200488,2024-04-06,2024-04-09,CUST-3056,SKU-1020,3,79.3,0,237.9,132.0,105.9,Social,Cash on Delivery
ORD-200488,2024-04-06,2024-04-09,CUST-3056,SKU-1013,2,7.87,0,15.74,4.8,10.94,Social,Cash on Delivery
ORD-201068,2024-04-06,2024-04-12,CUST-3121,SKU-1014,5,12.67,15,53.85,20.5,33.35,Email,Cash on Delivery
ORD-201068,2024-04-06,2024-04-12,CUST-3121,SKU-1002,5,12.97,5,61.61,37.0,24.61,Email,Cash on Delivery
ORD-201135,2024-04-06,2024-04-07,CUST-3128,SKU-1019,2,24.43,0,48.86,22.0,26.86,Social,Credit Card
ORD-201135,2024-04-06,2024-04-07,CUST-3128,SKU-1019,4,23.84,5,90.59,44.0,46.59,Social,Credit Card
ORD-201438,2024-04-06,2024-04-10,CUST-3169,SKU-1009,1,34.53,15,29.35,15.0,14.35,Referral,Credit Card
ORD-201711,2024-04-06,2024-04-07,CUST-3208,SKU-1019,3,24.92,5,71.02,33.0,38.02,Organic Search,PayPal
ORD-201817,2024-04-06,2024-04-09,CUST-3217,SKU-1019,5,24.64,0,123.2,55.0,68.2,Direct,Credit Card
ORD-201817,2024-04-06,2024-04-09,CUST-3217,SKU-1019,3,24.59,20,59.02,33.0,26.02,Direct,Credit Card
ORD-202055,2024-04-06,2024-04-12,CUST-3241,SKU-1020,5,79.92,10,359.64,220.0,139.64,Organic Search,PayPal
ORD-202055,2024-04-06,2024-04-12,CUST-3241,SKU-1014,4,12.57,0,50.28,16.4,33.88,Organic Search,PayPal
ORD-202573,2024-04-06,2024-04-12,CUST-3311,SKU-1012,5,18.01,10,81.05,32.5,48.55,Organic Search,Credit Card
ORD-202573,2024-04-06,2024-04-12,CUST-3311,SKU-1019,3,24.46,0,73.38,33.0,40.38,Organic Search,Credit Card
ORD-202573,2024-04-06,2024-04-12,CUST-3311,SKU-1020,5,80.31,0,401.55,220.0,181.55,Organic Search,Credit Card
ORD-202920,2024-04-06,2024-04-13,CUST-3343,SKU-1020,2,82.53,10,148.55,88.0,60.55,Direct,Apple Pay
ORD-202958,2024-04-06,2024-04-11,CUST-3349,SKU-1011,1,27.95,0,27.95,12.0,15.95,Organic Search,PayPal
ORD-202959,2024-04-06,2024-04-11,CUST-3349,SKU-1010,1,42.86,0,42.86,19.5,23.36,Email,Bank Transfer
ORD-202959,2024-04-06,2024-04-11,CUST-3349,SKU-1007,1,455.33,10,409.8,280.0,129.8,Email,Bank Transfer
ORD-200112,2024-04-07,2024-04-10,CUST-3012,SKU-1016,4,8.88,20,28.42,12.0,16.42,Email,Bank Transfer
ORD-200112,2024-04-07,2024-04-10,CUST-3012,SKU-1019,3,23.69,0,71.07,33.0,38.07,Email,Bank Transfer
ORD-200112,2024-04-07,2024-04-10,CUST-3012,SKU-1001,3,14.37,20,34.49,24.6,9.89,Email,Bank Transfer
ORD-200608,2024-04-07,2024-04-11,CUST-3067,SKU-1020,5,79.74,0,398.7,220.0,178.7,Organic Search,Cash on Delivery
ORD-200972,2024-04-07,2024-04-08,CUST-3113,SKU-1019,3,23.99,0,71.97,33.0,38.97,Direct,Cash on Delivery
ORD-201671,2024-04-07,2024-04-14,CUST-3202,SKU-1014,4,11.86,15,40.32,16.4,23.92,Direct,Credit Card
ORD-201671,2024-04-07,2024-04-14,CUST-3202,SKU-1020,4,81.22,5,308.64,176.0,132.64,Direct,Credit Card
ORD-202426,2024-04-08,2024-04-11,CUST-3292,SKU-1019,4,24.06,5,91.43,44.0,47.43,Paid Search,Credit Card
ORD-200151,2024-04-09,2024-04-12,CUST-3018,SKU-1011,1,28.76,0,28.76,12.0,16.76,Email,Cash on Delivery
ORD-200642,2024-04-09,2024-04-14,CUST-3070,SKU-1020,5,78.18,0,390.9,220.0,170.9,Referral,Credit Card
ORD-200872,2024-04-09,2024-04-15,CUST-3099,SKU-1020,2,80.14,0,160.28,88.0,72.28,Social,Credit Card
ORD-200872,2024-04-09,2024-04-15,CUST-3099,SKU-1020,2,78.11,0,156.22,88.0,68.22,Social,Credit Card
ORD-200872,2024-04-09,2024-04-15,CUST-3099,SKU-1007,1,470.08,0,470.08,280.0,190.08,Social,Credit Card
ORD-201415,2024-04-09,2024-04-11,CUST-3166,SKU-1006,4,9.78,20,31.3,19.2,12.1,Paid Search,Bank Transfer
ORD-201415,2024-04-09,2024-04-11,CUST-3166,SKU-1001,4,14.33,0,57.32,32.8,24.52,Paid Search,Bank Transfer
ORD-201415,2024-04-09,2024-04-11,CUST-3166,SKU-1015,3,8.89,0,26.67,9.6,17.07,Paid Search,Bank Transfer
ORD-201712,2024-04-09,2024-04-14,CUST-3208,SKU-1002,3,13.0,0,39.0,22.2,16.8,Paid Search,Cash on Delivery
ORD-201712,2024-04-09,2024-04-14,CUST-3208,SKU-1019,4,25.18,10,90.65,44.0,46.65,Paid Search,Cash on Delivery
ORD-202960,2024-04-09,2024-04-13,CUST-3349,SKU-1019,3,25.06,0,75.18,33.0,42.18,Paid Search,PayPal
ORD-200873,2024-04-10,2024-04-16,CUST-3099,SKU-1020,4,82.11,0,328.44,176.0,152.44,Email,Cash on Delivery
ORD-201462,2024-04-10,2024-04-12,CUST-3171,SKU-1015,3,9.43,0,28.29,9.6,18.69,Direct,Cash on Delivery
ORD-201462,2024-04-10,2024-04-12,CUST-3171,SKU-1020,4,78.79,0,315.16,176.0,139.16,Direct,Cash on Delivery
ORD-202771,2024-04-10,2024-04-11,CUST-3325,SKU-1007,1,473.87,5,450.18,280.0,170.18,Paid Search,Apple Pay
ORD-202771,2024-04-10,2024-04-11,CUST-3325,SKU-1014,4,12.46,5,47.35,16.4,30.95,Paid Search,Apple Pay
ORD-200028,2024-04-11,2024-04-13,CUST-3004,SKU-1014,5,12.66,10,56.97,20.5,36.47,Referral,Bank Transfer
ORD-200192,2024-04-11,2024-04-18,CUST-3023,SKU-1016,4,8.99,5,34.16,12.0,22.16,Direct,PayPal
ORD-200192,2024-04-11,2024-04-18,CUST-3023,SKU-1008,1,135.63,15,115.29,74.0,41.29,Direct,PayPal
ORD-200192,2024-04-11,2024-04-18,CUST-3023,SKU-1020,3,78.04,0,234.12,132.0,102.12,Direct,PayPal
ORD-200363,2024-04-11,2024-04-14,CUST-3046,SKU-1020,2,78.52,15,133.48,88.0,45.48,Email,Bank Transfer
ORD-201018,2024-04-11,2024-04-12,CUST-3118,SKU-1020,4,81.47,10,293.29,176.0,117.29,Paid Search,Credit Card
ORD-201372,2024-04-11,2024-04-16,CUST-3156,SKU-1020,2,80.43,0,160.86,88.0,72.86,Paid Search,Credit Card
ORD-201372,2024-04-11,2024-04-16,CUST-3156,SKU-1009,1,34.08,0,34.08,15.0,19.08,Paid Search,Credit Card
ORD-201994,2024-04-11,2024-04-16,CUST-3237,SKU-1015,4,9.23,10,33.23,12.8,20.43,Referral,Apple Pay
ORD-201994,2024-04-11,2024-04-16,CUST-3237,SKU-1014,2,12.72,0,25.44,8.2,17.24,Referral,Apple Pay
ORD-201994,2024-04-11,2024-04-16,CUST-3237,SKU-1020,4,80.55,0,322.2,176.0,146.2,Referral,Apple Pay
ORD-202495,2024-04-11,2024-04-16,CUST-3304,SKU-1020,3,79.72,15,203.29,132.0,71.29,Direct,Credit Card
ORD-202495,2024-04-11,2024-04-16,CUST-3304,SKU-1002,3,13.41,0,40.23,22.2,18.03,Direct,Credit Card
ORD-202495,2024-04-11,2024-04-16,CUST-3304,SKU-1019,5,24.26,0,121.3,55.0,66.3,Direct,Credit Card
ORD-200169,2024-04-12,2024-04-17,CUST-3020,SKU-1006,3,10.15,0,30.45,14.4,16.05,Organic Search,Apple Pay
ORD-201136,2024-04-12,2024-04-16,CUST-3128,SKU-1008,1,130.89,0,130.89,74.0,56.89,Referral,Bank Transfer
ORD-201136,2024-04-12,2024-04-16,CUST-3128,SKU-1019,3,25.29,15,64.49,33.0,31.49,Referral,Bank Transfer
ORD-201862,2024-04-12,2024-04-15,CUST-3220,SKU-1020,5,81.18,10,365.31,220.0,145.31,Direct,Cash on Delivery
ORD-200193,2024-04-13,2024-04-19,CUST-3023,SKU-1017,4,39.23,10,141.23,84.0,57.23,Direct,PayPal
ORD-200316,2024-04-13,2024-04-19,CUST-3041,SKU-1002,4,12.86,0,51.44,29.6,21.84,Direct,Cash on Delivery
ORD-201898,2024-04-13,2024-04-15,CUST-3223,SKU-1004,4,32.97,0,131.88,70.0,61.88,Organic Search,Apple Pay
ORD-202234,2024-04-13,2024-04-16,CUST-3264,SKU-1019,4,24.57,10,88.45,44.0,44.45,Organic Search,Bank Transfer
ORD-202427,2024-04-13,2024-04-20,CUST-3292,SKU-1005,4,15.15,20,48.48,36.4,12.08,Organic Search,Cash on Delivery
ORD-201475,2024-04-14,2024-04-16,CUST-3172,SKU-1005,5,15.1,5,71.72,45.5,26.22,Paid Search,Credit Card
ORD-201475,2024-04-14,2024-04-16,CUST-3172,SKU-1020,3,81.08,0,243.24,132.0,111.24,Paid Search,Credit Card
ORD-201973,2024-04-14,2024-04-19,CUST-3236,SKU-1020,5,83.41,5,396.2,220.0,176.2,Paid Search,Cash on Delivery
ORD-201995,2024-04-14,2024-04-20,CUST-3237,SKU-1020,2,83.65,20,133.84,88.0,45.84,Social,Apple Pay
ORD-201995,2024-04-14,2024-04-20,CUST-3237,SKU-1003,2,11.78,0,23.56,12.6,10.96,Social,Apple Pay
ORD-202728,2024-04-14,2024-04-17,CUST-3321,SKU-1011,1,27.47,10,24.72,12.0,12.72,Social,Credit Card
ORD-202728,2024-04-14,2024-04-17,CUST-3321,SKU-1020,5,82.18,0,410.9,220.0,190.9,Social,Credit Card
ORD-200012,2024-04-15,2024-04-16,CUST-3003,SKU-1009,1,35.22,10,31.7,15.0,16.7,Paid Search,Bank Transfer
ORD-200012,2024-04-15,2024-04-16,CUST-3003,SKU-1007,1,464.56,5,441.33,280.0,161.33,Paid Search,Bank Transfer
ORD-200012,2024-04-15,2024-04-16,CUST-3003,SKU-1011,1,29.18,0,29.18,12.0,17.18,Paid Search,Bank Transfer
ORD-200541,2024-04-15,2024-04-22,CUST-3061,SKU-1019,3,24.74,0,74.22,33.0,41.22,Direct,Cash on Delivery
ORD-200541,2024-04-15,2024-04-22,CUST-3061,SKU-1002,4,12.77,0,51.08,29.6,21.48,Direct,Cash on Delivery
ORD-200541,2024-04-15,2024-04-22,CUST-3061,SKU-1019,5,24.77,0,123.85,55.0,68.85,Direct,Cash on Delivery
ORD-201899,2024-04-15,2024-04-19,CUST-3223,SKU-1011,1,29.33,5,27.86,12.0,15.86,Direct,Bank Transfer
ORD-201899,2024-04-15,2024-04-19,CUST-3223,SKU-1015,4,9.25,10,33.3,12.8,20.5,Direct,Bank Transfer
ORD-202349,2024-04-15,2024-04-20,CUST-3286,SKU-1020,4,79.01,0,316.04,176.0,140.04,Social,Apple Pay
ORD-200317,2024-04-16,2024-04-17,CUST-3041,SKU-1019,5,24.73,5,117.47,55.0,62.47,Paid Search,Apple Pay
ORD-200317,2024-04-16,2024-04-17,CUST-3041,SKU-1007,1,449.17,0,449.17,280.0,169.17,Paid Search,Apple Pay
ORD-200317,2024-04-16,2024-04-17,CUST-3041,SKU-1019,4,23.59,0,94.36,44.0,50.36,Paid Search,Apple Pay
ORD-200862,2024-04-16,2024-04-18,CUST-3096,SKU-1014,3,11.88,10,32.08,12.3,19.78,Direct,Bank Transfer
ORD-200973,2024-04-16,2024-04-19,CUST-3113,SKU-1020,5,81.45,20,325.8,220.0,105.8,Direct,Bank Transfer
ORD-201019,2024-04-17,2024-04-19,CUST-3118,SKU-1019,5,25.09,20,100.36,55.0,45.36,Referral,Apple Pay
ORD-201019,2024-04-17,2024-04-19,CUST-3118,SKU-1019,3,24.76,10,66.85,33.0,33.85,Referral,Apple Pay
ORD-201476,2024-04-17,2024-04-24,CUST-3172,SKU-1020,3,79.54,0,238.62,132.0,106.62,Email,Credit Card
ORD-201996,2024-04-17,2024-04-21,CUST-3237,SKU-1010,1,43.13,0,43.13,19.5,23.63,Referral,Credit Card
ORD-200943,2024-04-18,2024-04-20,CUST-3110,SKU-1005,3,15.35,10,41.45,27.3,14.15,Paid Search,Bank Transfer
ORD-201900,2024-04-18,2024-04-20,CUST-3223,SKU-1012,3,18.94,0,56.82,19.5,37.32,Direct,PayPal
ORD-202235,2024-04-18,2024-04-19,CUST-3264,SKU-1007,1,474.34,20,379.47,280.0,99.47,Direct,Credit Card
ORD-200909,2024-04-19,2024-04-21,CUST-3106,SKU-1019,4,24.87,0,99.48,44.0,55.48,Paid Search,Apple Pay
ORD-200909,2024-04-19,2024-04-21,CUST-3106,SKU-1009,1,35.16,10,31.64,15.0,16.64,Paid Search,Apple Pay
ORD-200909,2024-04-19,2024-04-21,CUST-3106,SKU-1019,5,24.16,0,120.8,55.0,65.8,Paid Search,Apple Pay
ORD-201069,2024-04-19,2024-04-23,CUST-3121,SKU-1006,4,9.77,10,35.17,19.2,15.97,Referral,Apple Pay
ORD-201463,2024-04-19,2024-04-20,CUST-3171,SKU-1015,3,8.95,5,25.51,9.6,15.91,Paid Search,PayPal
ORD-201463,2024-04-19,2024-04-20,CUST-3171,SKU-1012,2,18.91,15,32.15,13.0,19.15,Paid Search,PayPal
ORD-201463,2024-04-19,2024-04-20,CUST-3171,SKU-1007,1,458.69,0,458.69,280.0,178.69,Paid Search,PayPal
ORD-201592,2024-04-19,2024-04-22,CUST-3191,SKU-1017,3,40.26,0,120.78,63.0,57.78,Paid Search,Apple Pay
ORD-201818,2024-04-19,2024-04-23,CUST-3217,SKU-1009,1,35.8,0,35.8,15.0,20.8,Email,PayPal
ORD-201818,2024-04-19,2024-04-23,CUST-3217,SKU-1013,5,7.45,20,29.8,12.0,17.8,Email,PayPal
ORD-201997,2024-04-19,2024-04-23,CUST-3237,SKU-1011,1,27.67,0,27.67,12.0,15.67,Email,Bank Transfer
ORD-202417,2024-04-19,2024-04-24,CUST-3291,SKU-1007,1,444.53,15,377.85,280.0,97.85,Direct,Bank Transfer
ORD-202496,2024-04-19,2024-04-26,CUST-3304,SKU-1020,5,81.17,20,324.68,220.0,104.68,Paid Search,Cash on Delivery
ORD-200974,2024-04-20,2024-04-27,CUST-3113,SKU-1020,4,79.2,20,253.44,176.0,77.44,Social,Credit Card
ORD-201754,2024-04-20,2024-04-24,CUST-3215,SKU-1016,3,8.62,0,25.86,9.0,16.86,Organic Search,Credit Card
ORD-201754,2024-04-20,2024-04-24,CUST-3215,SKU-1002,3,13.48,0,40.44,22.2,18.24,Organic Search,Credit Card
ORD-202172,2024-04-20,2024-04-23,CUST-3255,SKU-1006,1,10.38,5,9.86,4.8,5.06,Organic Search,Cash on Delivery
ORD-202287,2024-04-20,2024-04-23,CUST-3273,SKU-1002,1,13.75,0,13.75,7.4,6.35,Email,Cash on Delivery
ORD-202287,2024-04-20,2024-04-23,CUST-3273,SKU-1012,3,18.28,5,52.1,19.5,32.6,Email,Cash on Delivery
ORD-202287,2024-04-20,2024-04-23,CUST-3273,SKU-1019,1,25.25,10,22.73,11.0,11.73,Email,Cash on Delivery
ORD-200841,2024-04-21,2024-04-28,CUST-3093,SKU-1004,2,33.86,0,67.72,35.0,32.72,Direct,Apple Pay
ORD-201196,2024-04-21,2024-04-22,CUST-3137,SKU-1009,1,34.16,0,34.16,15.0,19.16,Organic Search,Cash on Delivery
ORD-201196,2024-04-21,2024-04-22,CUST-3137,SKU-1017,1,39.88,20,31.9,21.0,10.9,Organic Search,Cash on Delivery
ORD-201785,2024-04-21,2024-04-28,CUST-3216,SKU-1008,1,130.83,0,130.83,74.0,56.83,Paid Search,Cash on Delivery
ORD-200152,2024-04-22,2024-04-24,CUST-3018,SKU-1011,1,28.31,0,28.31,12.0,16.31,Paid Search,Apple Pay
ORD-200346,2024-04-22,2024-04-23,CUST-3042,SKU-1016,4,8.41,0,33.64,12.0,21.64,Social,Bank Transfer
ORD-200346,2024-04-22,2024-04-23,CUST-3042,SKU-1019,2,24.07,10,43.33,22.0,21.33,Social,Bank Transfer
ORD-200346,2024-04-22,2024-04-23,CUST-3042,SKU-1011,1,28.52,0,28.52,12.0,16.52,Social,Bank Transfer
ORD-200466,2024-04-22,2024-04-27,CUST-3054,SKU-1014,3,11.88,10,32.08,12.3,19.78,Direct,Credit Card
ORD-201416,2024-04-22,2024-04-25,CUST-3166,SKU-1009,1,33.76,0,33.76,15.0,18.76,Paid Search,Cash on Delivery
ORD-201416,2024-04-22,2024-04-25,CUST-3166,SKU-1002,3,13.32,0,39.96,22.2,17.76,Paid Search,Cash on Delivery
ORD-201477,2024-04-22,2024-04-28,CUST-3172,SKU-1005,4,15.72,0,62.88,36.4,26.48,Email,Cash on Delivery
ORD-201730,2024-04-22,2024-04-27,CUST-3212,SKU-1014,2,12.45,0,24.9,8.2,16.7,Referral,PayPal
ORD-200103,2024-04-23,2024-04-30,CUST-3010,SKU-1016,2,8.7,0,17.4,6.0,11.4,Social,PayPal
ORD-200103,2024-04-23,2024-04-30,CUST-3010,SKU-1010,1,42.64,10,38.38,19.5,18.88,Social,PayPal
ORD-200103,2024-04-23,2024-04-30,CUST-3010,SKU-1018,1,26.88,0,26.88,13.5,13.38,Social,PayPal
ORD-200243,2024-04-23,2024-04-24,CUST-3033,SKU-1020,2,83.0,10,149.4,88.0,61.4,Referral,Cash on Delivery
ORD-200243,2024-04-23,2024-04-24,CUST-3033,SKU-1019,3,24.57,5,70.02,33.0,37.02,Referral,Cash on Delivery
ORD-200243,2024-04-23,2024-04-24,CUST-3033,SKU-1001,4,15.03,10,54.11,32.8,21.31,Referral,Cash on Delivery
ORD-200041,2024-04-24,2024-04-29,CUST-3005,SKU-1003,4,11.39,10,41.0,25.2,15.8,Paid Search,Cash on Delivery
ORD-200874,2024-04-24,2024-04-27,CUST-3099,SKU-1013,4,7.73,0,30.92,9.6,21.32,Direct,Bank Transfer
ORD-200874,2024-04-24,2024-04-27,CUST-3099,SKU-1007,1,472.9,0,472.9,280.0,192.9,Direct,Bank Transfer
ORD-200874,2024-04-24,2024-04-27,CUST-3099,SKU-1013,2,7.4,0,14.8,4.8,10.0,Direct,Bank Transfer
ORD-201464,2024-04-24,2024-04-29,CUST-3171,SKU-1006,2,10.41,5,19.78,9.6,10.18,Social,Bank Transfer
ORD-201974,2024-04-24,2024-05-01,CUST-3236,SKU-1018,4,27.0,0,108.0,54.0,54.0,Referral,Bank Transfer
ORD-201974,2024-04-24,2024-05-01,CUST-3236,SKU-1019,5,24.54,0,122.7,55.0,67.7,Referral,Bank Transfer
ORD-201974,2024-04-24,2024-05-01,CUST-3236,SKU-1015,5,8.85,10,39.83,16.0,23.83,Referral,Bank Transfer
ORD-202497,2024-04-24,2024-04-25,CUST-3304,SKU-1020,4,81.45,0,325.8,176.0,149.8,Paid Search,Cash on Delivery
ORD-201610,2024-04-25,2024-05-02,CUST-3192,SKU-1019,5,24.81,0,124.05,55.0,69.05,Social,Cash on Delivery
ORD-202145,2024-04-25,2024-04-28,CUST-3247,SKU-1013,5,7.71,0,38.55,12.0,26.55,Paid Search,Apple Pay
ORD-202636,2024-04-25,2024-04-28,CUST-3317,SKU-1004,3,32.11,20,77.06,52.5,24.56,Direct,Cash on Delivery
ORD-202636,2024-04-25,2024-04-28,CUST-3317,SKU-1017,3,38.77,0,116.31,63.0,53.31,Direct,Cash on Delivery
ORD-202636,2024-04-25,2024-04-28,CUST-3317,SKU-1020,4,78.65,5,298.87,176.0,122.87,Direct,Cash on Delivery
ORD-202667,2024-04-25,2024-05-01,CUST-3318,SKU-1020,3,78.86,0,236.58,132.0,104.58,Social,Credit Card
ORD-202667,2024-04-25,2024-05-01,CUST-3318,SKU-1011,1,28.95,10,26.05,12.0,14.05,Social,Credit Card
ORD-202772,2024-04-25,2024-04-30,CUST-3325,SKU-1003,3,11.6,10,31.32,18.9,12.42,Referral,PayPal
ORD-201398,2024-04-26,2024-04-30,CUST-3164,SKU-1019,3,25.43,0,76.29,33.0,43.29,Paid Search,Bank Transfer
ORD-201398,2024-04-26,2024-04-30,CUST-3164,SKU-1008,1,136.02,0,136.02,74.0,62.02,Paid Search,Bank Transfer
ORD-201478,2024-04-26,2024-05-01,CUST-3172,SKU-1020,5,79.72,0,398.6,220.0,178.6,Organic Search,Credit Card
ORD-201478,2024-04-26,2024-05-01,CUST-3172,SKU-1018,5,28.48,0,142.4,67.5,74.9,Organic Search,Credit Card
ORD-200013,2024-04-27,2024-05-03,CUST-3003,SKU-1019,3,25.37,0,76.11,33.0,43.11,Paid Search,PayPal
ORD-200378,2024-04-27,2024-05-04,CUST-3048,SKU-1019,4,24.32,5,92.42,44.0,48.42,Organic Search,Cash on Delivery
ORD-200378,2024-04-27,2024-05-04,CUST-3048,SKU-1004,5,32.52,0,162.6,87.5,75.1,Organic Search,Cash on Delivery
ORD-200378,2024-04-27,2024-05-04,CUST-3048,SKU-1005,5,15.76,15,66.98,45.5,21.48,Organic Search,Cash on Delivery
ORD-201574,2024-04-27,2024-05-02,CUST-3187,SKU-1005,2,14.73,0,29.46,18.2,11.26,Direct,Apple Pay
ORD-202124,2024-04-27,2024-05-02,CUST-3246,SKU-1020,3,82.59,0,247.77,132.0,115.77,Direct,Credit Card
ORD-202124,2024-04-27,2024-05-02,CUST-3246,SKU-1019,3,25.24,0,75.72,33.0,42.72,Direct,Credit Card
ORD-202124,2024-04-27,2024-05-02,CUST-3246,SKU-1005,5,14.75,10,66.38,45.5,20.88,Direct,Credit Card
ORD-200542,2024-04-28,2024-05-05,CUST-3061,SKU-1020,3,82.51,0,247.53,132.0,115.53,Direct,Bank Transfer
ORD-200542,2024-04-28,2024-05-05,CUST-3061,SKU-1003,3,11.91,15,30.37,18.9,11.47,Direct,Bank Transfer
ORD-200808,2024-04-28,2024-05-02,CUST-3089,SKU-1016,3,8.51,0,25.53,9.0,16.53,Organic Search,Cash on Delivery
ORD-200808,2024-04-28,2024-05-02,CUST-3089,SKU-1019,4,23.91,0,95.64,44.0,51.64,Organic Search,Cash on Delivery
ORD-200808,2024-04-28,2024-05-02,CUST-3089,SKU-1020,4,80.78,10,290.81,176.0,114.81,Organic Search,Cash on Delivery
ORD-201313,2024-04-28,2024-04-30,CUST-3145,SKU-1004,1,32.09,15,27.28,17.5,9.78,Social,Apple Pay
ORD-201313,2024-04-28,2024-04-30,CUST-3145,SKU-1017,3,40.65,10,109.75,63.0,46.75,Social,Apple Pay
ORD-201313,2024-04-28,2024-04-30,CUST-3145,SKU-1013,3,7.89,0,23.67,7.2,16.47,Social,Apple Pay
ORD-202102,2024-04-28,2024-04-30,CUST-3245,SKU-1019,2,24.08,0,48.16,22.0,26.16,Email,Credit Card
ORD-202102,2024-04-28,2024-04-30,CUST-3245,SKU-1006,4,10.46,0,41.84,19.2,22.64,Email,Credit Card
ORD-201919,2024-04-29,2024-05-02,CUST-3225,SKU-1020,3,81.19,10,219.21,132.0,87.21,Paid Search,Apple Pay
ORD-201919,2024-04-29,2024-05-02,CUST-3225,SKU-1002,4,13.11,15,44.57,29.6,14.97,Paid Search,Apple Pay
ORD-202236,2024-04-29,2024-05-05,CUST-3264,SKU-1004,4,32.28,0,129.12,70.0,59.12,Social,Bank Transfer
ORD-200318,2024-04-30,2024-05-01,CUST-3041,SKU-1009,1,33.77,0,33.77,15.0,18.77,Direct,Cash on Delivery
ORD-200318,2024-04-30,2024-05-01,CUST-3041,SKU-1007,1,475.3,0,475.3,280.0,195.3,Direct,Cash on Delivery
ORD-201575,2024-04-30,2024-05-06,CUST-3187,SKU-1018,2,27.52,15,46.78,27.0,19.78,Paid Search,Cash on Delivery
ORD-201575,2024-04-30,2024-05-06,CUST-3187,SKU-1006,2,10.04,0,20.08,9.6,10.48,Paid Search,Cash on Delivery
ORD-201755,2024-04-30,2024-05-04,CUST-3215,SKU-1010,1,44.13,20,35.3,19.5,15.8,Direct,Credit Card
ORD-201755,2024-04-30,2024-05-04,CUST-3215,SKU-1002,2,12.91,0,25.82,14.8,11.02,Direct,Credit Card
ORD-202292,2024-04-30,2024-05-03,CUST-3275,SKU-1004,2,32.59,5,61.92,35.0,26.92,Paid Search,Credit Card
ORD-202292,2024-04-30,2024-05-03,CUST-3275,SKU-1015,2,9.0,0,18.0,6.4,11.6,Paid Search,Credit Card
ORD-202292,2024-04-30,2024-05-03,CUST-3275,SKU-1014,2,11.95,10,21.51,8.2,13.31,Paid Search,Credit Card
ORD-202428,2024-04-30,2024-05-04,CUST-3292,SKU-1016,4,8.54,5,32.45,12.0,20.45,Paid Search,PayPal
ORD-202668,2024-04-30,2024-05-01,CUST-3318,SKU-1020,5,79.42,20,317.68,220.0,97.68,Paid Search,Apple Pay
ORD-202729,2024-04-30,2024-05-02,CUST-3321,SKU-1009,1,35.77,10,32.19,15.0,17.19,Organic Search,Bank Transfer
ORD-202730,2024-04-30,2024-05-06,CUST-3321,SKU-1019,4,25.1,0,100.4,44.0,56.4,Referral,Cash on Delivery
ORD-202730,2024-04-30,2024-05-06,CUST-3321,SKU-1020,3,81.12,10,219.02,132.0,87.02,Referral,Cash on Delivery
ORD-202730,2024-04-30,2024-05-06,CUST-3321,SKU-1020,4,81.89,0,327.56,176.0,151.56,Referral,Cash on Delivery
ORD-201100,2024-05-01,2024-05-05,CUST-3122,SKU-1020,4,77.86,5,295.87,176.0,119.87,Email,Credit Card
ORD-201100,2024-05-01,2024-05-05,CUST-3122,SKU-1019,4,24.26,10,87.34,44.0,43.34,Email,Credit Card
ORD-202237,2024-05-01,2024-05-08,CUST-3264,SKU-1018,2,26.71,10,48.08,27.0,21.08,Direct,Credit Card
ORD-202669,2024-05-01,2024-05-08,CUST-3318,SKU-1020,4,77.96,0,311.84,176.0,135.84,Social,Apple Pay
ORD-202669,2024-05-01,2024-05-08,CUST-3318,SKU-1018,5,28.3,10,127.35,67.5,59.85,Social,Apple Pay
ORD-202699,2024-05-01,2024-05-07,CUST-3319,SKU-1014,3,11.8,20,28.32,12.3,16.02,Referral,Apple Pay
ORD-202785,2024-05-01,2024-05-06,CUST-3328,SKU-1020,3,82.4,20,197.76,132.0,65.76,Social,Apple Pay
ORD-200396,2024-05-02,2024-05-03,CUST-3049,SKU-1016,4,8.85,0,35.4,12.0,23.4,Organic Search,Apple Pay
ORD-200505,2024-05-02,2024-05-06,CUST-3059,SKU-1011,1,28.01,10,25.21,12.0,13.21,Email,Cash on Delivery
ORD-202125,2024-05-02,2024-05-03,CUST-3246,SKU-1019,4,23.73,10,85.43,44.0,41.43,Organic Search,Apple Pay
ORD-202125,2024-05-02,2024-05-03,CUST-3246,SKU-1019,3,24.15,20,57.96,33.0,24.96,Organic Search,Apple Pay
ORD-202125,2024-05-02,2024-05-03,CUST-3246,SKU-1020,4,78.97,0,315.88,176.0,139.88,Organic Search,Apple Pay
ORD-200293,2024-05-03,2024-05-04,CUST-3040,SKU-1019,2,24.54,0,49.08,22.0,27.08,Direct,PayPal
ORD-200293,2024-05-03,2024-05-04,CUST-3040,SKU-1003,2,12.06,15,20.5,12.6,7.9,Direct,PayPal
ORD-200293,2024-05-03,2024-05-04,CUST-3040,SKU-1007,1,471.88,15,401.1,280.0,121.1,Direct,PayPal
ORD-200426,2024-05-03,2024-05-10,CUST-3053,SKU-1020,3,82.75,0,248.25,132.0,116.25,Direct,Credit Card
ORD-201003,2024-05-03,2024-05-05,CUST-3116,SKU-1017,4,41.28,10,148.61,84.0,64.61,Referral,Credit Card
ORD-201283,2024-05-03,2024-05-04,CUST-3143,SKU-1019,5,24.82,20,99.28,55.0,44.28,Organic Search,Credit Card
ORD-201409,2024-05-03,2024-05-07,CUST-3165,SKU-1003,3,11.37,5,32.4,18.9,13.5,Referral,PayPal
ORD-202418,2024-05-03,2024-05-08,CUST-3291,SKU-1001,3,14.8,0,44.4,24.6,19.8,Paid Search,Cash on Delivery
ORD-202418,2024-05-03,2024-05-08,CUST-3291,SKU-1007,1,456.9,20,365.52,280.0,85.52,Paid Search,Cash on Delivery
ORD-202418,2024-05-03,2024-05-08,CUST-3291,SKU-1020,3,78.05,0,234.15,132.0,102.15,Paid Search,Cash on Delivery
ORD-202462,2024-05-03,2024-05-08,CUST-3301,SKU-1013,5,7.94,0,39.7,12.0,27.7,Referral,Cash on Delivery
ORD-201210,2024-05-04,2024-05-10,CUST-3138,SKU-1019,3,24.95,0,74.85,33.0,41.85,Organic Search,Credit Card
ORD-201210,2024-05-04,2024-05-10,CUST-3138,SKU-1019,3,24.93,15,63.57,33.0,30.57,Organic Search,Credit Card
ORD-202393,2024-05-04,2024-05-08,CUST-3289,SKU-1019,4,24.09,10,86.72,44.0,42.72,Email,Apple Pay
ORD-202445,2024-05-04,2024-05-10,CUST-3298,SKU-1019,4,24.64,0,98.56,44.0,54.56,Organic Search,Credit Card
ORD-202445,2024-05-04,2024-05-10,CUST-3298,SKU-1018,2,27.32,5,51.91,27.0,24.91,Organic Search,Credit Card
ORD-202445,2024-05-04,2024-05-10,CUST-3298,SKU-1017,3,41.22,0,123.66,63.0,60.66,Organic Search,Credit Card
ORD-202786,2024-05-04,2024-05-09,CUST-3328,SKU-1020,2,78.57,10,141.43,88.0,53.43,Organic Search,PayPal
ORD-202786,2024-05-04,2024-05-09,CUST-3328,SKU-1020,3,78.65,0,235.95,132.0,103.95,Organic Search,PayPal
ORD-200029,2024-05-05,2024-05-07,CUST-3004,SKU-1020,5,78.71,15,334.52,220.0,114.52,Social,Credit Card
ORD-200029,2024-05-05,2024-05-07,CUST-3004,SKU-1019,3,23.61,10,63.75,33.0,30.75,Social,Credit Card
ORD-200347,2024-05-05,2024-05-09,CUST-3042,SKU-1010,1,41.69,0,41.69,19.5,22.19,Referral,Cash on Delivery
ORD-200347,2024-05-05,2024-05-09,CUST-3042,SKU-1014,3,12.2,10,32.94,12.3,20.64,Referral,Cash on Delivery
ORD-200809,2024-05-05,2024-05-10,CUST-3089,SKU-1020,3,83.42,0,250.26,132.0,118.26,Referral,Cash on Delivery
ORD-201211,2024-05-05,2024-05-08,CUST-3138,SKU-1003,4,11.36,20,36.35,25.2,11.15,Referral,Cash on Delivery
ORD-201373,2024-05-05,2024-05-10,CUST-3156,SKU-1001,2,14.39,0,28.78,16.4,12.38,Email,PayPal
ORD-201373,2024-05-05,2024-05-10,CUST-3156,SKU-1020,3,82.78,15,211.09,132.0,79.09,Email,PayPal
ORD-201502,2024-05-05,2024-05-08,CUST-3173,SKU-1019,3,24.17,10,65.26,33.0,32.26,Referral,Cash on Delivery
ORD-201532,2024-05-05,2024-05-10,CUST-3180,SKU-1007,1,446.02,0,446.02,280.0,166.02,Email,Credit Card
ORD-202429,2024-05-05,2024-05-09,CUST-3292,SKU-1011,1,29.01,15,24.66,12.0,12.66,Email,Cash on Delivery
ORD-202731,2024-05-05,2024-05-11,CUST-3321,SKU-1018,4,27.64,10,99.5,54.0,45.5,Direct,Bank Transfer
ORD-202731,2024-05-05,2024-05-11,CUST-3321,SKU-1015,3,9.47,0,28.41,9.6,18.81,Direct,Bank Transfer
ORD-200129,2024-05-06,2024-05-08,CUST-3015,SKU-1016,4,8.76,0,35.04,12.0,23.04,Social,Credit Card
ORD-200294,2024-05-06,2024-05-09,CUST-3040,SKU-1019,2,24.17,10,43.51,22.0,21.51,Email,Cash on Delivery
ORD-200887,2024-05-06,2024-05-12,CUST-3101,SKU-1014,3,12.63,15,32.21,12.3,19.91,Email,PayPal
ORD-201731,2024-05-06,2024-05-13,CUST-3212,SKU-1020,2,82.61,20,132.18,88.0,44.18,Organic Search,Credit Card
ORD-202360,2024-05-06,2024-05-12,CUST-3288,SKU-1019,3,25.0,0,75.0,33.0,42.0,Referral,Credit Card
ORD-202360,2024-05-06,2024-05-12,CUST-3288,SKU-1009,1,34.13,0,34.13,15.0,19.13,Referral,Credit Card
ORD-200004,2024-05-07,2024-05-11,CUST-3001,SKU-1008,1,131.24,0,131.24,74.0,57.24,Paid Search,Bank Transfer
ORD-201550,2024-05-07,2024-05-08,CUST-3184,SKU-1011,1,28.41,15,24.15,12.0,12.15,Direct,PayPal
ORD-201550,2024-05-07,2024-05-08,CUST-3184,SKU-1020,2,78.04,15,132.67,88.0,44.67,Direct,PayPal
ORD-201593,2024-05-07,2024-05-12,CUST-3191,SKU-1006,4,10.12,10,36.43,19.2,17.23,Social,Credit Card
ORD-201593,2024-05-07,2024-05-12,CUST-3191,SKU-1020,3,79.56,0,238.68,132.0,106.68,Social,Credit Card
ORD-201593,2024-05-07,2024-05-12,CUST-3191,SKU-1009,1,35.67,0,35.67,15.0,20.67,Social,Credit Card
ORD-201611,2024-05-07,2024-05-08,CUST-3192,SKU-1020,5,80.7,0,403.5,220.0,183.5,Email,PayPal
ORD-201998,2024-05-07,2024-05-08,CUST-3237,SKU-1013,2,7.37,0,14.74,4.8,9.94,Organic Search,Cash on Delivery
ORD-202773,2024-05-07,2024-05-11,CUST-3325,SKU-1020,4,82.69,0,330.76,176.0,154.76,Organic Search,Bank Transfer
ORD-200930,2024-05-08,2024-05-11,CUST-3108,SKU-1020,2,79.26,0,158.52,88.0,70.52,Paid Search,Credit Card
ORD-201430,2024-05-08,2024-05-09,CUST-3168,SKU-1005,3,15.06,0,45.18,27.3,17.88,Paid Search,Credit Card
ORD-201430,2024-05-08,2024-05-09,CUST-3168,SKU-1011,1,28.09,5,26.69,12.0,14.69,Paid Search,Credit Card
ORD-201479,2024-05-08,2024-05-09,CUST-3172,SKU-1015,5,9.36,10,42.12,16.0,26.12,Organic Search,Apple Pay
ORD-201479,2024-05-08,2024-05-09,CUST-3172,SKU-1019,3,24.02,5,68.46,33.0,35.46,Organic Search,Apple Pay
ORD-201479,2024-05-08,2024-05-09,CUST-3172,SKU-1020,4,78.81,0,315.24,176.0,139.24,Organic Search,Apple Pay
ORD-201744,2024-05-08,2024-05-14,CUST-3213,SKU-1019,3,23.69,0,71.07,33.0,38.07,Referral,PayPal
ORD-201744,2024-05-08,2024-05-14,CUST-3213,SKU-1019,2,24.0,0,48.0,22.0,26.0,Referral,PayPal
ORD-202179,2024-05-08,2024-05-12,CUST-3257,SKU-1005,4,14.73,0,58.92,36.4,22.52,Direct,Apple Pay
ORD-201020,2024-05-09,2024-05-15,CUST-3118,SKU-1019,4,25.11,10,90.4,44.0,46.4,Organic Search,Credit Card
ORD-201020,2024-05-09,2024-05-15,CUST-3118,SKU-1008,1,126.92,20,101.54,74.0,27.54,Organic Search,Credit Card
ORD-201244,2024-05-09,2024-05-10,CUST-3141,SKU-1019,3,25.36,10,68.47,33.0,35.47,Email,PayPal
ORD-201244,2024-05-09,2024-05-10,CUST-3141,SKU-1020,3,82.82,0,248.46,132.0,116.46,Email,PayPal
ORD-202574,2024-05-09,2024-05-12,CUST-3311,SKU-1019,3,23.78,0,71.34,33.0,38.34,Referral,Bank Transfer
ORD-202574,2024-05-09,2024-05-12,CUST-3311,SKU-1019,3,25.14,20,60.34,33.0,27.34,Referral,Bank Transfer
ORD-202574,2024-05-09,2024-05-12,CUST-3311,SKU-1002,3,13.36,0,40.08,22.2,17.88,Referral,Bank Transfer
ORD-202637,2024-05-09,2024-05-11,CUST-3317,SKU-1008,1,135.11,0,135.11,74.0,61.11,Social,Apple Pay
ORD-202637,2024-05-09,2024-05-11,CUST-3317,SKU-1005,5,15.1,0,75.5,45.5,30.0,Social,Apple Pay
ORD-200506,2024-05-10,2024-05-13,CUST-3059,SKU-1011,1,28.61,20,22.89,12.0,10.89,Direct,Bank Transfer
ORD-200714,2024-05-10,2024-05-17,CUST-3076,SKU-1015,1,8.87,10,7.98,3.2,4.78,Referral,Cash on Delivery
ORD-200714,2024-05-10,2024-05-17,CUST-3076,SKU-1017,3,40.88,0,122.64,63.0,59.64,Referral,Cash on Delivery
ORD-200714,2024-05-10,2024-05-17,CUST-3076,SKU-1018,1,27.6,0,27.6,13.5,14.1,Referral,Cash on Delivery
ORD-200888,2024-05-10,2024-05-11,CUST-3101,SKU-1019,2,23.93,10,43.07,22.0,21.07,Email,Cash on Delivery
ORD-200888,2024-05-10,2024-05-11,CUST-3101,SKU-1006,2,10.13,10,18.23,9.6,8.63,Email,Cash on Delivery
ORD-200944,2024-05-10,2024-05-13,CUST-3110,SKU-1013,4,7.65,0,30.6,9.6,21.0,Referral,Credit Card
ORD-200944,2024-05-10,2024-05-13,CUST-3110,SKU-1005,4,15.43,5,58.63,36.4,22.23,Referral,Credit Card
ORD-200944,2024-05-10,2024-05-13,CUST-3110,SKU-1019,3,24.87,10,67.15,33.0,34.15,Referral,Credit Card
ORD-201399,2024-05-10,2024-05-16,CUST-3164,SKU-1017,4,38.63,0,154.52,84.0,70.52,Email,Cash on Delivery
ORD-202983,2024-05-10,2024-05-17,CUST-3350,SKU-1015,2,9.03,0,18.06,6.4,11.66,Paid Search,Bank Transfer
ORD-202983,2024-05-10,2024-05-17,CUST-3350,SKU-1005,2,15.64,0,31.28,18.2,13.08,Paid Search,Bank Transfer
ORD-200998,2024-05-11,2024-05-15,CUST-3115,SKU-1014,2,12.63,0,25.26,8.2,17.06,Paid Search,Apple Pay
ORD-200998,2024-05-11,2024-05-15,CUST-3115,SKU-1013,1,7.4,10,6.66,2.4,4.26,Paid Search,Apple Pay
ORD-200998,2024-05-11,2024-05-15,CUST-3115,SKU-1012,3,18.01,10,48.63,19.5,29.13,Paid Search,Apple Pay
ORD-200689,2024-05-12,2024-05-18,CUST-3074,SKU-1020,3,78.78,0,236.34,132.0,104.34,Paid Search,Cash on Delivery
ORD-201118,2024-05-12,2024-05-17,CUST-3123,SKU-1012,4,18.09,10,65.12,26.0,39.12,Direct,Bank Transfer
ORD-201863,2024-05-12,2024-05-16,CUST-3220,SKU-1017,4,39.5,20,126.4,84.0,42.4,Organic Search,Apple Pay
ORD-201863,2024-05-12,2024-05-16,CUST-3220,SKU-1017,5,38.54,0,192.7,105.0,87.7,Organic Search,Apple Pay
ORD-201863,2024-05-12,2024-05-16,CUST-3220,SKU-1020,3,80.89,20,194.14,132.0,62.14,Organic Search,Apple Pay
ORD-201197,2024-05-13,2024-05-15,CUST-3137,SKU-1004,1,31.91,15,27.12,17.5,9.62,Social,PayPal
ORD-202012,2024-05-13,2024-05-19,CUST-3239,SKU-1018,3,28.2,15,71.91,40.5,31.41,Referral,PayPal
ORD-202012,2024-05-13,2024-05-19,CUST-3239,SKU-1020,3,78.4,0,235.2,132.0,103.2,Referral,PayPal
ORD-202013,2024-05-13,2024-05-17,CUST-3239,SKU-1004,2,33.55,0,67.1,35.0,32.1,Referral,Cash on Delivery
ORD-202180,2024-05-13,2024-05-18,CUST-3257,SKU-1019,4,24.39,20,78.05,44.0,34.05,Direct,Bank Transfer
ORD-202180,2024-05-13,2024-05-18,CUST-3257,SKU-1005,3,15.38,15,39.22,27.3,11.92,Direct,Bank Transfer
ORD-202180,2024-05-13,2024-05-18,CUST-3257,SKU-1020,2,78.17,0,156.34,88.0,68.34,Direct,Bank Transfer
ORD-202430,2024-05-14,2024-05-15,CUST-3292,SKU-1017,3,39.89,0,119.67,63.0,56.67,Organic Search,PayPal
ORD-202430,2024-05-14,2024-05-15,CUST-3292,SKU-1004,3,33.44,10,90.29,52.5,37.79,Organic Search,PayPal
ORD-202430,2024-05-14,2024-05-15,CUST-3292,SKU-1018,2,27.65,0,55.3,27.0,28.3,Organic Search,PayPal
ORD-202856,2024-05-14,2024-05-21,CUST-3334,SKU-1020,5,82.01,0,410.05,220.0,190.05,Referral,Cash on Delivery
ORD-202856,2024-05-14,2024-05-21,CUST-3334,SKU-1019,4,25.0,10,90.0,44.0,46.0,Referral,Cash on Delivery
ORD-202856,2024-05-14,2024-05-21,CUST-3334,SKU-1012,5,18.95,0,94.75,32.5,62.25,Referral,Cash on Delivery
ORD-202984,2024-05-14,2024-05-17,CUST-3350,SKU-1012,2,18.67,10,33.61,13.0,20.61,Social,Apple Pay
ORD-202984,2024-05-14,2024-05-17,CUST-3350,SKU-1020,3,81.25,10,219.38,132.0,87.38,Social,Apple Pay
ORD-201245,2024-05-15,2024-05-21,CUST-3141,SKU-1020,2,80.57,0,161.14,88.0,73.14,Paid Search,Credit Card
ORD-201245,2024-05-15,2024-05-21,CUST-3141,SKU-1020,4,81.18,0,324.72,176.0,148.72,Paid Search,Credit Card
ORD-202350,2024-05-15,2024-05-16,CUST-3286,SKU-1008,1,132.44,0,132.44,74.0,58.44,Direct,Bank Transfer
ORD-202350,2024-05-15,2024-05-16,CUST-3286,SKU-1017,2,38.61,10,69.5,42.0,27.5,Direct,Bank Transfer
ORD-202350,2024-05-15,2024-05-16,CUST-3286,SKU-1014,4,12.38,0,49.52,16.4,33.12,Direct,Bank Transfer
ORD-202732,2024-05-15,2024-05-21,CUST-3321,SKU-1020,5,82.73,0,413.65,220.0,193.65,Social,Credit Card
ORD-202811,2024-05-15,2024-05-19,CUST-3330,SKU-1019,5,25.37,0,126.85,55.0,71.85,Social,Cash on Delivery
ORD-202811,2024-05-15,2024-05-19,CUST-3330,SKU-1009,1,34.71,15,29.5,15.0,14.5,Social,Cash on Delivery
ORD-200975,2024-05-16,2024-05-20,CUST-3113,SKU-1017,3,38.7,0,116.1,63.0,53.1,Email,Apple Pay
ORD-200975,2024-05-16,2024-05-20,CUST-3113,SKU-1020,4,80.41,15,273.39,176.0,97.39,Email,Apple Pay
ORD-202085,2024-05-16,2024-05-23,CUST-3242,SKU-1011,1,28.49,0,28.49,12.0,16.49,Referral,Credit Card
ORD-202911,2024-05-16,2024-05-18,CUST-3342,SKU-1009,1,35.08,10,31.57,15.0,16.57,Paid Search,Apple Pay
ORD-200857,2024-05-17,2024-05-20,CUST-3095,SKU-1011,1,28.27,10,25.44,12.0,13.44,Organic Search,PayPal
ORD-201037,2024-05-17,2024-05-20,CUST-3119,SKU-1017,4,40.23,0,160.92,84.0,76.92,Paid Search,Credit Card
ORD-201341,2024-05-17,2024-05-19,CUST-3151,SKU-1002,3,13.07,0,39.21,22.2,17.01,Direct,PayPal
ORD-201695,2024-05-17,2024-05-24,CUST-3207,SKU-1004,4,33.26,10,119.74,70.0,49.74,Social,Apple Pay
ORD-201864,2024-05-17,2024-05-22,CUST-3220,SKU-1007,1,472.24,0,472.24,280.0,192.24,Paid Search,Cash on Delivery
ORD-201864,2024-05-17,2024-05-22,CUST-3220,SKU-1019,4,25.35,10,91.26,44.0,47.26,Paid Search,Cash on Delivery
ORD-201864,2024-05-17,2024-05-22,CUST-3220,SKU-1020,3,77.6,0,232.8,132.0,100.8,Paid Search,Cash on Delivery
ORD-201932,2024-05-17,2024-05-24,CUST-3226,SKU-1009,1,34.81,5,33.07,15.0,18.07,Social,Cash on Delivery
ORD-202857,2024-05-17,2024-05-20,CUST-3334,SKU-1005,5,15.38,0,76.9,45.5,31.4,Organic Search,Credit Card
ORD-202857,2024-05-17,2024-05-20,CUST-3334,SKU-1008,1,128.22,0,128.22,74.0,54.22,Organic Search,Credit Card
ORD-201892,2024-05-18,2024-05-22,CUST-3222,SKU-1020,3,82.73,10,223.37,132.0,91.37,Paid Search,Bank Transfer
ORD-202900,2024-05-18,2024-05-22,CUST-3337,SKU-1006,3,9.99,20,23.98,14.4,9.58,Paid Search,Credit Card
ORD-202900,2024-05-18,2024-05-22,CUST-3337,SKU-1015,1,9.39,10,8.45,3.2,5.25,Paid Search,Credit Card
ORD-202900,2024-05-18,2024-05-22,CUST-3337,SKU-1020,1,83.29,15,70.8,44.0,26.8,Paid Search,Credit Card
ORD-202961,2024-05-18,2024-05-19,CUST-3349,SKU-1020,3,79.59,0,238.77,132.0,106.77,Direct,Bank Transfer
ORD-200810,2024-05-19,2024-05-26,CUST-3089,SKU-1005,5,14.82,0,74.1,45.5,28.6,Direct,PayPal
ORD-200810,2024-05-19,2024-05-26,CUST-3089,SKU-1005,4,15.01,0,60.04,36.4,23.64,Direct,PayPal
ORD-200810,2024-05-19,2024-05-26,CUST-3089,SKU-1019,3,25.3,0,75.9,33.0,42.9,Direct,PayPal
ORD-201521,2024-05-19,2024-05-23,CUST-3176,SKU-1017,2,39.75,0,79.5,42.0,37.5,Social,PayPal
ORD-201521,2024-05-19,2024-05-23,CUST-3176,SKU-1007,1,448.62,10,403.76,280.0,123.76,Social,PayPal
ORD-201580,2024-05-19,2024-05-22,CUST-3188,SKU-1012,2,18.48,0,36.96,13.0,23.96,Email,Credit Card
ORD-201580,2024-05-19,2024-05-22,CUST-3188,SKU-1020,3,78.91,10,213.06,132.0,81.06,Email,Credit Card
ORD-201901,2024-05-19,2024-05-23,CUST-3223,SKU-1019,2,24.13,20,38.61,22.0,16.61,Direct,Apple Pay
ORD-202056,2024-05-19,2024-05-22,CUST-3241,SKU-1019,3,24.84,0,74.52,33.0,41.52,Organic Search,Apple Pay
ORD-202056,2024-05-19,2024-05-22,CUST-3241,SKU-1020,5,80.33,5,381.57,220.0,161.57,Organic Search,Apple Pay
ORD-202196,2024-05-19,2024-05-22,CUST-3258,SKU-1004,2,31.53,0,63.06,35.0,28.06,Email,Credit Card
ORD-202196,2024-05-19,2024-05-22,CUST-3258,SKU-1005,3,15.84,15,40.39,27.3,13.09,Email,Credit Card
ORD-202196,2024-05-19,2024-05-22,CUST-3258,SKU-1020,4,83.64,0,334.56,176.0,158.56,Email,Credit Card
ORD-202086,2024-05-20,2024-05-23,CUST-3242,SKU-1011,1,29.42,0,29.42,12.0,17.42,Social,Apple Pay
ORD-202086,2024-05-20,2024-05-23,CUST-3242,SKU-1009,1,33.83,0,33.83,15.0,18.83,Social,Apple Pay
ORD-202545,2024-05-20,2024-05-27,CUST-3310,SKU-1018,4,28.44,0,113.76,54.0,59.76,Email,PayPal
ORD-202545,2024-05-20,2024-05-27,CUST-3310,SKU-1007,1,473.79,5,450.1,280.0,170.1,Email,PayPal
ORD-202540,2024-05-21,2024-05-22,CUST-3309,SKU-1003,2,11.64,0,23.28,12.6,10.68,Email,Cash on Delivery
ORD-202540,2024-05-21,2024-05-22,CUST-3309,SKU-1017,3,41.01,5,116.88,63.0,53.88,Email,Cash on Delivery
ORD-202638,2024-05-21,2024-05-28,CUST-3317,SKU-1019,3,23.63,15,60.26,33.0,27.26,Referral,Cash on Delivery
ORD-200062,2024-05-22,2024-05-24,CUST-3007,SKU-1020,5,78.12,15,332.01,220.0,112.01,Email,Apple Pay
ORD-200062,2024-05-22,2024-05-24,CUST-3007,SKU-1019,3,23.87,5,68.03,33.0,35.03,Email,Apple Pay
ORD-200062,2024-05-22,2024-05-24,CUST-3007,SKU-1020,3,82.93,10,223.91,132.0,91.91,Email,Apple Pay
ORD-200113,2024-05-22,2024-05-26,CUST-3012,SKU-1007,1,465.34,15,395.54,280.0,115.54,Paid Search,PayPal
ORD-200976,2024-05-22,2024-05-29,CUST-3113,SKU-1020,3,81.78,20,196.27,132.0,64.27,Organic Search,PayPal
ORD-200976,2024-05-22,2024-05-29,CUST-3113,SKU-1014,3,12.49,10,33.72,12.3,21.42,Organic Search,PayPal
ORD-202197,2024-05-22,2024-05-28,CUST-3258,SKU-1019,4,23.6,5,89.68,44.0,45.68,Organic Search,Bank Transfer
ORD-202197,2024-05-22,2024-05-28,CUST-3258,SKU-1020,3,81.21,0,243.63,132.0,111.63,Organic Search,Bank Transfer
ORD-200194,2024-05-23,2024-05-27,CUST-3023,SKU-1011,1,28.46,5,27.04,12.0,15.04,Email,Cash on Delivery
ORD-200319,2024-05-23,2024-05-26,CUST-3041,SKU-1014,5,12.1,0,60.5,20.5,40.0,Direct,PayPal
ORD-200427,2024-05-23,2024-05-24,CUST-3053,SKU-1011,1,27.91,0,27.91,12.0,15.91,Paid Search,Bank Transfer
ORD-200690,2024-05-23,2024-05-25,CUST-3074,SKU-1020,5,83.37,15,354.32,220.0,134.32,Referral,Cash on Delivery
ORD-200690,2024-05-23,2024-05-25,CUST-3074,SKU-1019,4,24.01,15,81.63,44.0,37.63,Referral,Cash on Delivery
ORD-200690,2024-05-23,2024-05-25,CUST-3074,SKU-1019,4,24.15,15,82.11,44.0,38.11,Referral,Cash on Delivery
ORD-202670,2024-05-23,2024-05-30,CUST-3318,SKU-1009,1,35.46,0,35.46,15.0,20.46,Referral,PayPal
ORD-202705,2024-05-23,2024-05-30,CUST-3320,SKU-1013,3,7.41,10,20.01,7.2,12.81,Paid Search,Apple Pay
ORD-202774,2024-05-23,2024-05-29,CUST-3325,SKU-1006,2,9.83,0,19.66,9.6,10.06,Email,Cash on Delivery
ORD-202774,2024-05-23,2024-05-29,CUST-3325,SKU-1020,3,78.93,0,236.79,132.0,104.79,Email,Cash on Delivery
ORD-202774,2024-05-23,2024-05-29,CUST-3325,SKU-1004,2,33.62,0,67.24,35.0,32.24,Email,Cash on Delivery
ORD-200643,2024-05-24,2024-05-31,CUST-3070,SKU-1019,3,23.87,20,57.29,33.0,24.29,Organic Search,Credit Card
ORD-200643,2024-05-24,2024-05-31,CUST-3070,SKU-1019,5,24.29,0,121.45,55.0,66.45,Organic Search,Credit Card
ORD-200643,2024-05-24,2024-05-31,CUST-3070,SKU-1020,3,82.56,5,235.3,132.0,103.3,Organic Search,Credit Card
ORD-201070,2024-05-24,2024-05-31,CUST-3121,SKU-1019,5,25.4,0,127.0,55.0,72.0,Paid Search,Apple Pay
ORD-201137,2024-05-24,2024-05-28,CUST-3128,SKU-1008,1,135.32,0,135.32,74.0,61.32,Direct,Bank Transfer
ORD-201171,2024-05-24,2024-05-29,CUST-3133,SKU-1009,1,33.93,5,32.23,15.0,17.23,Social,Apple Pay
ORD-201171,2024-05-24,2024-05-29,CUST-3133,SKU-1012,2,18.02,0,36.04,13.0,23.04,Social,Apple Pay
ORD-201533,2024-05-24,2024-05-28,CUST-3180,SKU-1012,1,18.68,5,17.75,6.5,11.25,Organic Search,Apple Pay
ORD-201533,2024-05-24,2024-05-28,CUST-3180,SKU-1016,3,8.57,0,25.71,9.0,16.71,Organic Search,Apple Pay
ORD-201533,2024-05-24,2024-05-28,CUST-3180,SKU-1004,1,33.09,10,29.78,17.5,12.28,Organic Search,Apple Pay
ORD-201543,2024-05-24,2024-05-29,CUST-3182,SKU-1019,1,23.68,5,22.5,11.0,11.5,Email,PayPal
ORD-201543,2024-05-24,2024-05-29,CUST-3182,SKU-1007,1,445.44,5,423.17,280.0,143.17,Email,PayPal
ORD-201745,2024-05-24,2024-05-27,CUST-3213,SKU-1002,4,13.11,0,52.44,29.6,22.84,Referral,Bank Transfer
ORD-201745,2024-05-24,2024-05-27,CUST-3213,SKU-1020,3,81.18,0,243.54,132.0,111.54,Referral,Bank Transfer
ORD-201745,2024-05-24,2024-05-27,CUST-3213,SKU-1020,3,83.15,20,199.56,132.0,67.56,Referral,Bank Transfer
ORD-201902,2024-05-24,2024-05-27,CUST-3223,SKU-1008,1,133.83,0,133.83,74.0,59.83,Referral,Bank Transfer
ORD-201902,2024-05-24,2024-05-27,CUST-3223,SKU-1012,4,17.72,0,70.88,26.0,44.88,Referral,Bank Transfer
ORD-201902,2024-05-24,2024-05-27,CUST-3223,SKU-1019,2,24.46,20,39.14,22.0,17.14,Referral,Bank Transfer
ORD-202126,2024-05-24,2024-05-26,CUST-3246,SKU-1004,4,33.11,15,112.57,70.0,42.57,Paid Search,Apple Pay
ORD-202126,2024-05-24,2024-05-26,CUST-3246,SKU-1020,3,78.9,15,201.2,132.0,69.2,Paid Search,Apple Pay
ORD-202887,2024-05-24,2024-05-28,CUST-3335,SKU-1009,1,33.89,0,33.89,15.0,18.89,Email,Bank Transfer
ORD-201417,2024-05-25,2024-05-26,CUST-3166,SKU-1020,2,80.65,10,145.17,88.0,57.17,Direct,Bank Transfer
ORD-201417,2024-05-25,2024-05-26,CUST-3166,SKU-1020,4,80.46,15,273.56,176.0,97.56,Direct,Bank Transfer
ORD-201960,2024-05-25,2024-05-27,CUST-3234,SKU-1005,1,14.76,0,14.76,9.1,5.66,Paid Search,Bank Transfer
ORD-202198,2024-05-25,2024-05-28,CUST-3258,SKU-1013,2,7.75,0,15.5,4.8,10.7,Direct,Credit Card
ORD-202435,2024-05-25,2024-05-27,CUST-3294,SKU-1004,3,33.6,10,90.72,52.5,38.22,Organic Search,Credit Card
ORD-202435,2024-05-25,2024-05-27,CUST-3294,SKU-1016,3,8.88,0,26.64,9.0,17.64,Organic Search,Credit Card
ORD-202888,2024-05-25,2024-05-29,CUST-3335,SKU-1018,3,26.94,10,72.74,40.5,32.24,Paid Search,Credit Card
ORD-202888,2024-05-25,2024-05-29,CUST-3335,SKU-1003,3,12.09,15,30.83,18.9,11.93,Paid Search,Credit Card
ORD-200364,2024-05-26,2024-05-30,CUST-3046,SKU-1003,1,11.8,0,11.8,6.3,5.5,Paid Search,Credit Card
ORD-200364,2024-05-26,2024-05-30,CUST-3046,SKU-1020,3,78.34,5,223.27,132.0,91.27,Paid Search,Credit Card
ORD-200489,2024-05-26,2024-05-31,CUST-3056,SKU-1016,2,8.82,5,16.76,6.0,10.76,Direct,Cash on Delivery
ORD-200776,2024-05-26,2024-06-02,CUST-3088,SKU-1020,5,81.46,0,407.3,220.0,187.3,Organic Search,Credit Card
ORD-201071,2024-05-26,2024-05-31,CUST-3121,SKU-1020,4,81.54,0,326.16,176.0,150.16,Referral,Bank Transfer
ORD-201071,2024-05-26,2024-05-31,CUST-3121,SKU-1020,4,82.95,15,282.03,176.0,106.03,Referral,Bank Transfer
ORD-201071,2024-05-26,2024-05-31,CUST-3121,SKU-1019,5,24.92,0,124.6,55.0,69.6,Referral,Bank Transfer
ORD-201284,2024-05-26,2024-05-30,CUST-3143,SKU-1016,3,8.45,15,21.55,9.0,12.55,Referral,PayPal
ORD-201386,2024-05-26,2024-06-02,CUST-3160,SKU-1019,2,23.95,0,47.9,22.0,25.9,Email,Bank Transfer
ORD-202057,2024-05-26,2024-05-28,CUST-3241,SKU-1019,4,24.38,5,92.64,44.0,48.64,Referral,Cash on Delivery
ORD-202498,2024-05-26,2024-05-30,CUST-3304,SKU-1020,4,79.37,5,301.61,176.0,125.61,Social,PayPal
ORD-202775,2024-05-26,2024-05-28,CUST-3325,SKU-1019,3,24.32,10,65.66,33.0,32.66,Paid Search,Bank Transfer
ORD-202775,2024-05-26,2024-05-28,CUST-3325,SKU-1011,1,28.72,0,28.72,12.0,16.72,Paid Search,Bank Transfer
ORD-202795,2024-05-26,2024-05-29,CUST-3329,SKU-1003,4,11.56,0,46.24,25.2,21.04,Organic Search,Credit Card
ORD-200644,2024-05-27,2024-05-31,CUST-3070,SKU-1003,3,11.41,0,34.23,18.9,15.33,Referral,PayPal
ORD-200644,2024-05-27,2024-05-31,CUST-3070,SKU-1001,4,15.12,10,54.43,32.8,21.63,Referral,PayPal
ORD-201212,2024-05-27,2024-06-03,CUST-3138,SKU-1020,5,79.74,0,398.7,220.0,178.7,Paid Search,Bank Transfer
ORD-201246,2024-05-27,2024-05-28,CUST-3141,SKU-1007,1,455.23,20,364.18,280.0,84.18,Social,Apple Pay
ORD-201975,2024-05-27,2024-06-02,CUST-3236,SKU-1020,4,77.79,5,295.6,176.0,119.6,Organic Search,Credit Card
ORD-201975,2024-05-27,2024-06-02,CUST-3236,SKU-1019,5,23.71,10,106.7,55.0,51.7,Organic Search,Credit Card
ORD-201975,2024-05-27,2024-06-02,CUST-3236,SKU-1020,3,81.33,0,243.99,132.0,111.99,Organic Search,Credit Card
ORD-202754,2024-05-27,2024-06-02,CUST-3322,SKU-1004,4,32.07,20,102.62,70.0,32.62,Social,Credit Card
ORD-200543,2024-05-28,2024-06-03,CUST-3061,SKU-1019,3,24.07,0,72.21,33.0,39.21,Organic Search,Cash on Delivery
ORD-201576,2024-05-28,2024-05-30,CUST-3187,SKU-1020,2,82.69,0,165.38,88.0,77.38,Social,Cash on Delivery
ORD-201576,2024-05-28,2024-05-30,CUST-3187,SKU-1008,1,134.06,5,127.36,74.0,53.36,Social,Cash on Delivery
ORD-202103,2024-05-28,2024-05-29,CUST-3245,SKU-1015,3,9.27,10,25.03,9.6,15.43,Referral,Bank Transfer
ORD-202103,2024-05-28,2024-05-29,CUST-3245,SKU-1017,2,38.99,0,77.98,42.0,35.98,Referral,Bank Transfer
ORD-202706,2024-05-28,2024-06-02,CUST-3320,SKU-1016,2,8.85,10,15.93,6.0,9.93,Organic Search,PayPal
ORD-202706,2024-05-28,2024-06-02,CUST-3320,SKU-1007,1,451.82,0,451.82,280.0,171.82,Organic Search,PayPal
ORD-202706,2024-05-28,2024-06-02,CUST-3320,SKU-1020,4,82.92,15,281.93,176.0,105.93,Organic Search,PayPal
ORD-200609,2024-05-29,2024-06-02,CUST-3067,SKU-1019,5,23.94,5,113.72,55.0,58.72,Direct,Apple Pay
ORD-200609,2024-05-29,2024-06-02,CUST-3067,SKU-1019,3,24.47,0,73.41,33.0,40.41,Direct,Apple Pay
ORD-201819,2024-05-29,2024-06-01,CUST-3217,SKU-1016,4,8.48,5,32.22,12.0,20.22,Referral,Apple Pay
ORD-201819,2024-05-29,2024-06-01,CUST-3217,SKU-1019,3,24.42,0,73.26,33.0,40.26,Referral,Apple Pay
ORD-201819,2024-05-29,2024-06-01,CUST-3217,SKU-1020,4,77.58,0,310.32,176.0,134.32,Referral,Apple Pay
ORD-200014,2024-05-30,2024-06-03,CUST-3003,SKU-1020,3,82.76,20,198.62,132.0,66.62,Paid Search,Cash on Delivery
ORD-200153,2024-05-30,2024-06-04,CUST-3018,SKU-1016,3,8.37,15,21.34,9.0,12.34,Email,Credit Card
ORD-200195,2024-05-30,2024-06-01,CUST-3023,SKU-1002,2,13.22,10,23.8,14.8,9.0,Email,Cash on Delivery
ORD-200195,2024-05-30,2024-06-01,CUST-3023,SKU-1001,2,14.55,0,29.1,16.4,12.7,Email,Cash on Delivery
ORD-200277,2024-05-30,2024-06-06,CUST-3037,SKU-1004,3,31.65,0,94.95,52.5,42.45,Paid Search,Bank Transfer
ORD-200379,2024-05-30,2024-06-02,CUST-3048,SKU-1019,5,24.14,0,120.7,55.0,65.7,Organic Search,Apple Pay
ORD-201342,2024-05-30,2024-06-06,CUST-3151,SKU-1016,2,8.93,0,17.86,6.0,11.86,Paid Search,Credit Card
ORD-201342,2024-05-30,2024-06-06,CUST-3151,SKU-1016,3,8.77,0,26.31,9.0,17.31,Paid Search,Credit Card
ORD-202394,2024-05-30,2024-05-31,CUST-3289,SKU-1009,1,35.04,0,35.04,15.0,20.04,Referral,Cash on Delivery
ORD-202394,2024-05-30,2024-05-31,CUST-3289,SKU-1020,5,77.75,10,349.88,220.0,129.88,Referral,Cash on Delivery
ORD-202787,2024-05-30,2024-06-03,CUST-3328,SKU-1016,3,8.4,10,22.68,9.0,13.68,Social,Cash on Delivery
ORD-200320,2024-05-31,2024-06-01,CUST-3041,SKU-1019,5,23.69,15,100.68,55.0,45.68,Organic Search,PayPal
ORD-200320,2024-05-31,2024-06-01,CUST-3041,SKU-1019,4,23.73,0,94.92,44.0,50.92,Organic Search,PayPal
ORD-200715,2024-05-31,2024-06-01,CUST-3076,SKU-1013,2,7.58,0,15.16,4.8,10.36,Direct,Bank Transfer
ORD-201365,2024-05-31,2024-06-02,CUST-3155,SKU-1002,2,12.88,0,25.76,14.8,10.96,Organic Search,Apple Pay
ORD-201365,2024-05-31,2024-06-02,CUST-3155,SKU-1013,3,7.41,0,22.23,7.2,15.03,Organic Search,Apple Pay
ORD-201612,2024-05-31,2024-06-06,CUST-3192,SKU-1020,4,79.63,0,318.52,176.0,142.52,Paid Search,Apple Pay
ORD-201612,2024-05-31,2024-06-06,CUST-3192,SKU-1019,4,24.33,0,97.32,44.0,53.32,Paid Search,Apple Pay
ORD-202446,2024-05-31,2024-06-06,CUST-3298,SKU-1016,4,8.52,5,32.38,12.0,20.38,Paid Search,Bank Transfer
ORD-202889,2024-05-31,2024-06-05,CUST-3335,SKU-1005,3,15.74,5,44.86,27.3,17.56,Referral,Apple Pay
ORD-200170,2024-06-01,2024-06-05,CUST-3020,SKU-1007,1,470.61,20,376.49,280.0,96.49,Direct,Cash on Delivery
ORD-200348,2024-06-01,2024-06-02,CUST-3042,SKU-1003,4,11.52,20,36.86,25.2,11.66,Social,Credit Card
ORD-200348,2024-06-01,2024-06-02,CUST-3042,SKU-1016,3,8.74,20,20.98,9.0,11.98,Social,Credit Card
ORD-200348,2024-06-01,2024-06-02,CUST-3042,SKU-1020,4,79.29,0,317.16,176.0,141.16,Social,Credit Card
ORD-201375,2024-06-01,2024-06-07,CUST-3157,SKU-1005,3,15.68,0,47.04,27.3,19.74,Paid Search,PayPal
ORD-201375,2024-06-01,2024-06-07,CUST-3157,SKU-1009,1,33.88,15,28.8,15.0,13.8,Paid Search,PayPal
ORD-201613,2024-06-01,2024-06-05,CUST-3192,SKU-1019,3,23.69,10,63.96,33.0,30.96,Referral,PayPal
ORD-202024,2024-06-01,2024-06-07,CUST-3240,SKU-1019,4,24.57,10,88.45,44.0,44.45,Email,Cash on Delivery
ORD-202024,2024-06-01,2024-06-07,CUST-3240,SKU-1011,1,28.36,0,28.36,12.0,16.36,Email,Cash on Delivery
ORD-202024,2024-06-01,2024-06-07,CUST-3240,SKU-1011,1,28.4,15,24.14,12.0,12.14,Email,Cash on Delivery
ORD-202104,2024-06-01,2024-06-05,CUST-3245,SKU-1010,1,41.85,0,41.85,19.5,22.35,Email,PayPal
ORD-202146,2024-06-01,2024-06-03,CUST-3247,SKU-1020,4,78.58,0,314.32,176.0,138.32,Paid Search,Credit Card
ORD-202146,2024-06-01,2024-06-03,CUST-3247,SKU-1020,3,83.18,10,224.59,132.0,92.59,Paid Search,Credit Card
ORD-202482,2024-06-01,2024-06-08,CUST-3303,SKU-1016,3,8.77,15,22.36,9.0,13.36,Direct,Credit Card
ORD-202482,2024-06-01,2024-06-08,CUST-3303,SKU-1019,3,24.65,15,62.86,33.0,29.86,Direct,Credit Card
ORD-202482,2024-06-01,2024-06-08,CUST-3303,SKU-1010,1,44.44,5,42.22,19.5,22.72,Direct,Credit Card
ORD-202615,2024-06-01,2024-06-05,CUST-3313,SKU-1019,3,24.44,5,69.65,33.0,36.65,Social,PayPal
ORD-202615,2024-06-01,2024-06-05,CUST-3313,SKU-1020,3,82.63,0,247.89,132.0,115.89,Social,PayPal
ORD-202985,2024-06-01,2024-06-08,CUST-3350,SKU-1017,4,38.85,0,155.4,84.0,71.4,Social,Cash on Delivery
ORD-200208,2024-06-02,2024-06-08,CUST-3026,SKU-1017,3,39.64,0,118.92,63.0,55.92,Referral,Credit Card
ORD-200179,2024-06-03,2024-06-09,CUST-3022,SKU-1012,2,18.06,0,36.12,13.0,23.12,Social,Apple Pay
ORD-201746,2024-06-03,2024-06-04,CUST-3213,SKU-1008,1,136.03,15,115.63,74.0,41.63,Direct,Credit Card
ORD-202618,2024-06-03,2024-06-08,CUST-3314,SKU-1005,3,15.03,15,38.33,27.3,11.03,Paid Search,PayPal
ORD-201366,2024-06-04,2024-06-09,CUST-3155,SKU-1019,3,23.65,20,56.76,33.0,23.76,Referral,Apple Pay
ORD-202296,2024-06-04,2024-06-06,CUST-3276,SKU-1006,4,10.1,10,36.36,19.2,17.16,Organic Search,Bank Transfer
ORD-200015,2024-06-05,2024-06-12,CUST-3003,SKU-1009,1,34.14,20,27.31,15.0,12.31,Direct,Apple Pay
ORD-200811,2024-06-06,2024-06-08,CUST-3089,SKU-1008,1,134.47,0,134.47,74.0,60.47,Organic Search,Credit Card
ORD-202499,2024-06-06,2024-06-08,CUST-3304,SKU-1016,5,8.73,0,43.65,15.0,28.65,Email,PayPal
ORD-202499,2024-06-06,2024-06-08,CUST-3304,SKU-1019,5,24.73,0,123.65,55.0,68.65,Email,PayPal
ORD-202499,2024-06-06,2024-06-08,CUST-3304,SKU-1020,5,83.06,10,373.77,220.0,153.77,Email,PayPal
ORD-200244,2024-06-07,2024-06-11,CUST-3033,SKU-1002,3,13.35,0,40.05,22.2,17.85,Social,Apple Pay
ORD-200244,2024-06-07,2024-06-11,CUST-3033,SKU-1006,4,10.09,0,40.36,19.2,21.16,Social,Apple Pay
ORD-200244,2024-06-07,2024-06-11,CUST-3033,SKU-1019,2,24.07,10,43.33,22.0,21.33,Social,Apple Pay
ORD-200397,2024-06-07,2024-06-10,CUST-3049,SKU-1001,3,15.3,0,45.9,24.6,21.3,Direct,PayPal
ORD-200645,2024-06-07,2024-06-12,CUST-3070,SKU-1019,5,24.48,0,122.4,55.0,67.4,Social,Credit Card
ORD-200645,2024-06-07,2024-06-12,CUST-3070,SKU-1019,4,25.13,20,80.42,44.0,36.42,Social,Credit Card
ORD-200645,2024-06-07,2024-06-12,CUST-3070,SKU-1019,5,23.89,10,107.51,55.0,52.51,Social,Credit Card
ORD-200812,2024-06-07,2024-06-10,CUST-3089,SKU-1020,5,81.91,0,409.55,220.0,189.55,Organic Search,Cash on Delivery
ORD-200812,2024-06-07,2024-06-10,CUST-3089,SKU-1020,3,80.71,0,242.13,132.0,110.13,Organic Search,Cash on Delivery
ORD-200977,2024-06-07,2024-06-11,CUST-3113,SKU-1020,4,79.36,10,285.7,176.0,109.7,Email,PayPal
ORD-201367,2024-06-07,2024-06-10,CUST-3155,SKU-1010,1,41.34,20,33.07,19.5,13.57,Referral,PayPal
ORD-201551,2024-06-07,2024-06-13,CUST-3184,SKU-1020,4,77.87,0,311.48,176.0,135.48,Referral,Credit Card
ORD-201551,2024-06-07,2024-06-13,CUST-3184,SKU-1019,2,23.99,15,40.78,22.0,18.78,Referral,Credit Card
ORD-202297,2024-06-07,2024-06-11,CUST-3276,SKU-1017,3,39.59,10,106.89,63.0,43.89,Social,Credit Card
ORD-202297,2024-06-07,2024-06-11,CUST-3276,SKU-1018,4,26.5,10,95.4,54.0,41.4,Social,Credit Card
ORD-202314,2024-06-07,2024-06-11,CUST-3279,SKU-1020,3,80.46,0,241.38,132.0,109.38,Direct,Bank Transfer
ORD-202858,2024-06-07,2024-06-11,CUST-3334,SKU-1019,3,24.61,10,66.45,33.0,33.45,Referral,Bank Transfer
ORD-200467,2024-06-08,2024-06-15,CUST-3054,SKU-1020,3,80.53,15,205.35,132.0,73.35,Email,Apple Pay
ORD-200707,2024-06-08,2024-06-13,CUST-3075,SKU-1003,3,11.69,10,31.56,18.9,12.66,Social,Apple Pay
ORD-201072,2024-06-08,2024-06-14,CUST-3121,SKU-1006,5,9.71,10,43.7,24.0,19.7,Direct,Credit Card
ORD-201072,2024-06-08,2024-06-14,CUST-3121,SKU-1020,4,80.78,0,323.12,176.0,147.12,Direct,Credit Card
ORD-202463,2024-06-08,2024-06-13,CUST-3301,SKU-1020,3,81.33,0,243.99,132.0,111.99,Social,Apple Pay
ORD-202463,2024-06-08,2024-06-13,CUST-3301,SKU-1019,5,25.18,15,107.02,55.0,52.02,Social,Apple Pay
ORD-202575,2024-06-08,2024-06-14,CUST-3311,SKU-1019,5,24.24,0,121.2,55.0,66.2,Referral,Bank Transfer
ORD-202575,2024-06-08,2024-06-14,CUST-3311,SKU-1020,4,82.76,0,331.04,176.0,155.04,Referral,Bank Transfer
ORD-200671,2024-06-09,2024-06-14,CUST-3073,SKU-1012,3,18.16,0,54.48,19.5,34.98,Direct,Bank Transfer
ORD-200671,2024-06-09,2024-06-14,CUST-3073,SKU-1016,2,8.54,0,17.08,6.0,11.08,Direct,Bank Transfer
ORD-200671,2024-06-09,2024-06-14,CUST-3073,SKU-1013,2,7.75,20,12.4,4.8,7.6,Direct,Bank Transfer
ORD-200722,2024-06-09,2024-06-13,CUST-3079,SKU-1020,3,78.81,0,236.43,132.0,104.43,Social,PayPal
ORD-200732,2024-06-09,2024-06-11,CUST-3081,SKU-1008,1,134.4,0,134.4,74.0,60.4,Paid Search,Credit Card
ORD-200732,2024-06-09,2024-06-11,CUST-3081,SKU-1016,3,8.45,0,25.35,9.0,16.35,Paid Search,Credit Card
ORD-200826,2024-06-09,2024-06-12,CUST-3091,SKU-1018,4,27.91,0,111.64,54.0,57.64,Paid Search,PayPal
ORD-201640,2024-06-09,2024-06-16,CUST-3193,SKU-1012,3,18.84,0,56.52,19.5,37.02,Direct,PayPal
ORD-201640,2024-06-09,2024-06-16,CUST-3193,SKU-1003,4,11.62,0,46.48,25.2,21.28,Direct,PayPal
ORD-200691,2024-06-10,2024-06-12,CUST-3074,SKU-1016,4,8.65,0,34.6,12.0,22.6,Referral,Credit Card
ORD-200691,2024-06-10,2024-06-12,CUST-3074,SKU-1007,1,444.78,0,444.78,280.0,164.78,Referral,Credit Card
ORD-201247,2024-06-10,2024-06-15,CUST-3141,SKU-1019,4,23.85,10,85.86,44.0,41.86,Referral,PayPal
ORD-201343,2024-06-10,2024-06-16,CUST-3151,SKU-1006,4,10.46,0,41.84,19.2,22.64,Organic Search,Bank Transfer
ORD-202812,2024-06-10,2024-06-15,CUST-3330,SKU-1019,4,23.91,0,95.64,44.0,51.64,Paid Search,PayPal
ORD-201503,2024-06-11,2024-06-13,CUST-3173,SKU-1007,1,445.3,0,445.3,280.0,165.3,Paid Search,Bank Transfer
ORD-201672,2024-06-11,2024-06-18,CUST-3202,SKU-1013,3,7.51,0,22.53,7.2,15.33,Email,PayPal
ORD-202605,2024-06-11,2024-06-13,CUST-3312,SKU-1008,1,126.56,0,126.56,74.0,52.56,Direct,Apple Pay
ORD-200267,2024-06-12,2024-06-14,CUST-3036,SKU-1012,4,18.88,0,75.52,26.0,49.52,Social,PayPal
ORD-201903,2024-06-12,2024-06-15,CUST-3223,SKU-1003,3,12.06,5,34.37,18.9,15.47,Social,PayPal
ORD-202546,2024-06-12,2024-06-17,CUST-3310,SKU-1016,4,8.36,0,33.44,12.0,21.44,Referral,PayPal
ORD-202546,2024-06-12,2024-06-17,CUST-3310,SKU-1007,1,455.87,20,364.7,280.0,84.7,Referral,PayPal
ORD-202707,2024-06-12,2024-06-19,CUST-3320,SKU-1005,2,15.79,10,28.42,18.2,10.22,Paid Search,Apple Pay
ORD-200692,2024-06-13,2024-06-14,CUST-3074,SKU-1019,4,24.94,10,89.78,44.0,45.78,Direct,PayPal
ORD-202181,2024-06-13,2024-06-15,CUST-3257,SKU-1001,4,14.3,0,57.2,32.8,24.4,Paid Search,Credit Card
ORD-202576,2024-06-13,2024-06-15,CUST-3311,SKU-1019,4,24.61,0,98.44,44.0,54.44,Email,Cash on Delivery
ORD-202616,2024-06-13,2024-06-17,CUST-3313,SKU-1003,3,11.36,0,34.08,18.9,15.18,Organic Search,Apple Pay
ORD-202616,2024-06-13,2024-06-17,CUST-3313,SKU-1010,1,43.64,15,37.09,19.5,17.59,Organic Search,Apple Pay
ORD-202616,2024-06-13,2024-06-17,CUST-3313,SKU-1019,2,24.34,0,48.68,22.0,26.68,Organic Search,Apple Pay
ORD-202796,2024-06-13,2024-06-18,CUST-3329,SKU-1018,3,28.49,15,72.65,40.5,32.15,Organic Search,Bank Transfer
ORD-202796,2024-06-13,2024-06-18,CUST-3329,SKU-1001,4,15.18,0,60.72,32.8,27.92,Organic Search,Bank Transfer
ORD-202796,2024-06-13,2024-06-18,CUST-3329,SKU-1012,4,17.76,5,67.49,26.0,41.49,Organic Search,Bank Transfer
ORD-202859,2024-06-13,2024-06-18,CUST-3334,SKU-1019,3,24.28,0,72.84,33.0,39.84,Paid Search,Credit Card
ORD-200321,2024-06-14,2024-06-20,CUST-3041,SKU-1020,4,79.8,10,287.28,176.0,111.28,Direct,Bank Transfer
ORD-200321,2024-06-14,2024-06-20,CUST-3041,SKU-1012,4,18.17,10,65.41,26.0,39.41,Direct,Bank Transfer
ORD-200365,2024-06-14,2024-06-18,CUST-3047,SKU-1004,4,33.82,20,108.22,70.0,38.22,Paid Search,Cash on Delivery
ORD-200672,2024-06-14,2024-06-20,CUST-3073,SKU-1019,4,23.7,10,85.32,44.0,41.32,Organic Search,PayPal
ORD-200672,2024-06-14,2024-06-20,CUST-3073,SKU-1019,4,24.83,15,84.42,44.0,40.42,Organic Search,PayPal
ORD-200672,2024-06-14,2024-06-20,CUST-3073,SKU-1015,3,9.52,10,25.7,9.6,16.1,Organic Search,PayPal
ORD-200777,2024-06-14,2024-06-16,CUST-3088,SKU-1001,4,14.54,5,55.25,32.8,22.45,Email,Apple Pay
ORD-200777,2024-06-14,2024-06-16,CUST-3088,SKU-1008,1,131.86,0,131.86,74.0,57.86,Email,Apple Pay
ORD-201904,2024-06-14,2024-06-20,CUST-3223,SKU-1008,1,130.07,0,130.07,74.0,56.07,Referral,Apple Pay
ORD-200693,2024-06-15,2024-06-20,CUST-3074,SKU-1019,4,25.07,20,80.22,44.0,36.22,Direct,Apple Pay
ORD-200693,2024-06-15,2024-06-20,CUST-3074,SKU-1015,4,9.01,0,36.04,12.8,23.24,Direct,Apple Pay
ORD-200693,2024-06-15,2024-06-20,CUST-3074,SKU-1019,5,24.44,10,109.98,55.0,54.98,Direct,Apple Pay
ORD-201374,2024-06-15,2024-06-18,CUST-3156,SKU-1020,4,81.94,10,294.98,176.0,118.98,Referral,Apple Pay
ORD-201374,2024-06-15,2024-06-18,CUST-3156,SKU-1018,4,27.45,5,104.31,54.0,50.31,Referral,Apple Pay
ORD-201614,2024-06-15,2024-06-18,CUST-3192,SKU-1017,3,39.92,15,101.8,63.0,38.8,Organic Search,PayPal
ORD-201614,2024-06-15,2024-06-18,CUST-3192,SKU-1019,3,24.78,0,74.34,33.0,41.34,Organic Search,PayPal
ORD-201614,2024-06-15,2024-06-18,CUST-3192,SKU-1004,4,31.89,10,114.8,70.0,44.8,Organic Search,PayPal
ORD-201657,2024-06-15,2024-06-18,CUST-3199,SKU-1019,4,25.16,10,90.58,44.0,46.58,Organic Search,Apple Pay
ORD-201893,2024-06-15,2024-06-21,CUST-3222,SKU-1006,3,10.44,15,26.62,14.4,12.22,Referral,Apple Pay
ORD-201893,2024-06-15,2024-06-21,CUST-3222,SKU-1013,3,7.65,0,22.95,7.2,15.75,Referral,Apple Pay
ORD-202058,2024-06-15,2024-06-22,CUST-3241,SKU-1019,4,25.2,0,100.8,44.0,56.8,Social,Cash on Delivery
ORD-202361,2024-06-15,2024-06-16,CUST-3288,SKU-1020,2,78.5,10,141.3,88.0,53.3,Direct,PayPal
ORD-202890,2024-06-15,2024-06-17,CUST-3335,SKU-1006,3,9.85,0,29.55,14.4,15.15,Organic Search,Credit Card
ORD-200322,2024-06-16,2024-06-20,CUST-3041,SKU-1006,3,10.38,0,31.14,14.4,16.74,Direct,Credit Card
ORD-200322,2024-06-16,2024-06-20,CUST-3041,SKU-1003,3,11.31,0,33.93,18.9,15.03,Direct,Credit Card
ORD-200428,2024-06-16,2024-06-19,CUST-3053,SKU-1006,5,10.46,10,47.07,24.0,23.07,Email,Cash on Delivery
ORD-200428,2024-06-16,2024-06-19,CUST-3053,SKU-1019,3,24.12,0,72.36,33.0,39.36,Email,Cash on Delivery
ORD-200428,2024-06-16,2024-06-19,CUST-3053,SKU-1019,5,23.64,0,118.2,55.0,63.2,Email,Cash on Delivery
ORD-202395,2024-06-16,2024-06-21,CUST-3289,SKU-1020,3,78.15,0,234.45,132.0,102.45,Social,Apple Pay
ORD-202395,2024-06-16,2024-06-21,CUST-3289,SKU-1020,3,82.45,0,247.35,132.0,115.35,Social,Apple Pay
ORD-202500,2024-06-16,2024-06-22,CUST-3304,SKU-1020,5,82.09,0,410.45,220.0,190.45,Social,Credit Card
ORD-202025,2024-06-17,2024-06-21,CUST-3240,SKU-1020,3,82.37,15,210.04,132.0,78.04,Paid Search,Bank Transfer
ORD-202606,2024-06-17,2024-06-19,CUST-3312,SKU-1004,2,33.49,20,53.58,35.0,18.58,Social,Credit Card
ORD-201213,2024-06-18,2024-06-24,CUST-3138,SKU-1020,4,79.87,15,271.56,176.0,95.56,Direct,Cash on Delivery
ORD-202891,2024-06-18,2024-06-25,CUST-3335,SKU-1006,3,10.2,0,30.6,14.4,16.2,Direct,Credit Card
ORD-202891,2024-06-18,2024-06-25,CUST-3335,SKU-1020,4,80.93,0,323.72,176.0,147.72,Direct,Credit Card
ORD-200196,2024-06-19,2024-06-24,CUST-3023,SKU-1020,3,77.91,5,222.04,132.0,90.04,Paid Search,Cash on Delivery
ORD-200196,2024-06-19,2024-06-24,CUST-3023,SKU-1019,4,24.12,0,96.48,44.0,52.48,Paid Search,Cash on Delivery
ORD-200196,2024-06-19,2024-06-24,CUST-3023,SKU-1010,1,42.33,10,38.1,19.5,18.6,Paid Search,Cash on Delivery
ORD-200507,2024-06-19,2024-06-25,CUST-3059,SKU-1004,2,31.53,0,63.06,35.0,28.06,Referral,PayPal
ORD-201138,2024-06-19,2024-06-24,CUST-3128,SKU-1002,2,13.11,10,23.6,14.8,8.8,Direct,Apple Pay
ORD-202182,2024-06-19,2024-06-22,CUST-3257,SKU-1020,2,80.47,10,144.85,88.0,56.85,Referral,PayPal
ORD-202419,2024-06-19,2024-06-21,CUST-3291,SKU-1006,2,9.99,15,16.98,9.6,7.38,Social,Apple Pay
ORD-200197,2024-06-20,2024-06-27,CUST-3023,SKU-1015,3,9.09,10,24.54,9.6,14.94,Referral,Apple Pay
ORD-200197,2024-06-20,2024-06-27,CUST-3023,SKU-1014,2,12.69,0,25.38,8.2,17.18,Referral,Apple Pay
ORD-200398,2024-06-20,2024-06-21,CUST-3049,SKU-1001,3,14.94,5,42.58,24.6,17.98,Paid Search,Credit Card
ORD-200398,2024-06-20,2024-06-21,CUST-3049,SKU-1013,2,7.5,0,15.0,4.8,10.2,Paid Search,Credit Card
ORD-200398,2024-06-20,2024-06-21,CUST-3049,SKU-1018,2,28.1,0,56.2,27.0,29.2,Paid Search,Credit Card
ORD-200496,2024-06-20,2024-06-23,CUST-3058,SKU-1020,2,81.63,10,146.93,88.0,58.93,Organic Search,Credit Card
ORD-200496,2024-06-20,2024-06-23,CUST-3058,SKU-1015,4,8.91,20,28.51,12.8,15.71,Organic Search,Credit Card
ORD-200813,2024-06-20,2024-06-25,CUST-3089,SKU-1020,5,83.4,15,354.45,220.0,134.45,Social,Bank Transfer
ORD-201214,2024-06-20,2024-06-26,CUST-3138,SKU-1020,5,80.25,10,361.12,220.0,141.12,Social,Apple Pay
ORD-201214,2024-06-20,2024-06-26,CUST-3138,SKU-1020,4,79.8,10,287.28,176.0,111.28,Social,Apple Pay
ORD-201214,2024-06-20,2024-06-26,CUST-3138,SKU-1019,5,25.06,0,125.3,55.0,70.3,Social,Apple Pay
ORD-201215,2024-06-20,2024-06-24,CUST-3138,SKU-1020,5,80.08,10,360.36,220.0,140.36,Email,Cash on Delivery
ORD-202250,2024-06-20,2024-06-25,CUST-3268,SKU-1012,4,17.79,5,67.6,26.0,41.6,Referral,Cash on Delivery
ORD-202577,2024-06-20,2024-06-23,CUST-3311,SKU-1020,3,80.09,5,228.26,132.0,96.26,Social,Credit Card
ORD-200468,2024-06-21,2024-06-22,CUST-3054,SKU-1020,4,81.15,0,324.6,176.0,148.6,Referral,Apple Pay
ORD-201101,2024-06-21,2024-06-24,CUST-3122,SKU-1019,3,24.78,20,59.47,33.0,26.47,Organic Search,Cash on Delivery
ORD-201101,2024-06-21,2024-06-24,CUST-3122,SKU-1003,4,11.52,15,39.17,25.2,13.97,Organic Search,Cash on Delivery
ORD-201976,2024-06-21,2024-06-27,CUST-3236,SKU-1006,3,10.3,0,30.9,14.4,16.5,Paid Search,Cash on Delivery
ORD-202547,2024-06-21,2024-06-28,CUST-3310,SKU-1005,3,15.82,5,45.09,27.3,17.79,Email,Apple Pay
ORD-202912,2024-06-21,2024-06-23,CUST-3342,SKU-1005,3,15.31,20,36.74,27.3,9.44,Paid Search,Apple Pay
ORD-202912,2024-06-21,2024-06-23,CUST-3342,SKU-1007,1,445.12,15,378.35,280.0,98.35,Paid Search,Apple Pay
ORD-200030,2024-06-22,2024-06-29,CUST-3004,SKU-1019,3,25.0,0,75.0,33.0,42.0,Social,Apple Pay
ORD-200030,2024-06-22,2024-06-29,CUST-3004,SKU-1020,3,83.68,0,251.04,132.0,119.04,Social,Apple Pay
ORD-200122,2024-06-22,2024-06-23,CUST-3014,SKU-1003,3,12.03,0,36.09,18.9,17.19,Social,Apple Pay
ORD-200626,2024-06-22,2024-06-25,CUST-3068,SKU-1019,4,24.59,15,83.61,44.0,39.61,Direct,Cash on Delivery
ORD-201119,2024-06-22,2024-06-26,CUST-3123,SKU-1020,3,77.75,0,233.25,132.0,101.25,Social,Credit Card
ORD-202183,2024-06-22,2024-06-27,CUST-3257,SKU-1020,3,79.07,10,213.49,132.0,81.49,Social,Cash on Delivery
ORD-202183,2024-06-22,2024-06-27,CUST-3257,SKU-1002,4,13.73,0,54.92,29.6,25.32,Social,Cash on Delivery
ORD-202671,2024-06-22,2024-06-28,CUST-3318,SKU-1019,3,24.66,15,62.88,33.0,29.88,Direct,Cash on Delivery
ORD-202671,2024-06-22,2024-06-28,CUST-3318,SKU-1013,5,7.53,0,37.65,12.0,25.65,Direct,Cash on Delivery
ORD-202671,2024-06-22,2024-06-28,CUST-3318,SKU-1020,3,78.42,0,235.26,132.0,103.26,Direct,Cash on Delivery
ORD-200016,2024-06-23,2024-06-29,CUST-3003,SKU-1011,1,29.19,5,27.73,12.0,15.73,Paid Search,Credit Card
ORD-200016,2024-06-23,2024-06-29,CUST-3003,SKU-1019,2,25.44,0,50.88,22.0,28.88,Paid Search,Credit Card
ORD-200814,2024-06-23,2024-06-28,CUST-3089,SKU-1006,5,10.25,0,51.25,24.0,27.25,Organic Search,Apple Pay
ORD-200814,2024-06-23,2024-06-28,CUST-3089,SKU-1020,3,82.11,15,209.38,132.0,77.38,Organic Search,Apple Pay
ORD-201073,2024-06-23,2024-06-28,CUST-3121,SKU-1020,3,80.38,0,241.14,132.0,109.14,Referral,Credit Card
ORD-201504,2024-06-23,2024-06-24,CUST-3173,SKU-1011,1,29.55,10,26.6,12.0,14.6,Organic Search,Bank Transfer
ORD-201504,2024-06-23,2024-06-24,CUST-3173,SKU-1018,3,27.81,10,75.09,40.5,34.59,Organic Search,Bank Transfer
ORD-201504,2024-06-23,2024-06-24,CUST-3173,SKU-1006,4,9.72,10,34.99,19.2,15.79,Organic Search,Bank Transfer
ORD-200268,2024-06-24,2024-06-26,CUST-3036,SKU-1013,2,7.52,0,15.04,4.8,10.24,Paid Search,PayPal
ORD-200268,2024-06-24,2024-06-26,CUST-3036,SKU-1009,1,33.36,0,33.36,15.0,18.36,Paid Search,PayPal
ORD-201418,2024-06-24,2024-06-29,CUST-3166,SKU-1013,4,7.51,0,30.04,9.6,20.44,Social,Credit Card
ORD-201418,2024-06-24,2024-06-29,CUST-3166,SKU-1012,3,18.57,0,55.71,19.5,36.21,Social,Credit Card
ORD-201505,2024-06-24,2024-06-28,CUST-3173,SKU-1016,2,8.64,0,17.28,6.0,11.28,Direct,Bank Transfer
ORD-201505,2024-06-24,2024-06-28,CUST-3173,SKU-1020,4,79.49,0,317.96,176.0,141.96,Direct,Bank Transfer
ORD-202105,2024-06-24,2024-07-01,CUST-3245,SKU-1020,4,80.17,20,256.54,176.0,80.54,Organic Search,PayPal
ORD-202105,2024-06-24,2024-07-01,CUST-3245,SKU-1020,3,78.97,0,236.91,132.0,104.91,Organic Search,PayPal
ORD-202607,2024-06-24,2024-06-30,CUST-3312,SKU-1012,4,17.97,5,68.29,26.0,42.29,Direct,Apple Pay
ORD-202607,2024-06-24,2024-06-30,CUST-3312,SKU-1019,2,24.78,0,49.56,22.0,27.56,Direct,Apple Pay
ORD-202607,2024-06-24,2024-06-30,CUST-3312,SKU-1004,4,33.09,10,119.12,70.0,49.12,Direct,Apple Pay
ORD-200508,2024-06-25,2024-06-26,CUST-3059,SKU-1020,4,78.27,20,250.46,176.0,74.46,Referral,PayPal
ORD-202276,2024-06-25,2024-06-29,CUST-3272,SKU-1018,3,27.13,5,77.32,40.5,36.82,Direct,Apple Pay
ORD-202026,2024-06-26,2024-06-27,CUST-3240,SKU-1014,3,12.35,0,37.05,12.3,24.75,Social,Credit Card
ORD-200323,2024-06-27,2024-06-30,CUST-3041,SKU-1020,3,81.12,0,243.36,132.0,111.36,Email,Credit Card
ORD-200323,2024-06-27,2024-06-30,CUST-3041,SKU-1018,5,26.89,15,114.28,67.5,46.78,Email,Credit Card
ORD-200323,2024-06-27,2024-06-30,CUST-3041,SKU-1020,3,81.83,0,245.49,132.0,113.49,Email,Credit Card
ORD-201186,2024-06-27,2024-07-02,CUST-3134,SKU-1008,1,132.6,15,112.71,74.0,38.71,Organic Search,Bank Transfer
ORD-201186,2024-06-27,2024-07-02,CUST-3134,SKU-1005,4,15.75,5,59.85,36.4,23.45,Organic Search,Bank Transfer
ORD-201186,2024-06-27,2024-07-02,CUST-3134,SKU-1016,2,8.75,15,14.88,6.0,8.88,Organic Search,Bank Transfer
ORD-201387,2024-06-27,2024-07-04,CUST-3161,SKU-1004,2,33.66,10,60.59,35.0,25.59,Organic Search,PayPal
ORD-201723,2024-06-27,2024-06-30,CUST-3210,SKU-1013,2,7.6,0,15.2,4.8,10.4,Email,Bank Transfer
ORD-201723,2024-06-27,2024-06-30,CUST-3210,SKU-1010,1,43.08,0,43.08,19.5,23.58,Email,Bank Transfer
ORD-202672,2024-06-27,2024-07-03,CUST-3318,SKU-1010,1,44.45,15,37.78,19.5,18.28,Paid Search,Credit Card
ORD-200130,2024-06-28,2024-07-02,CUST-3015,SKU-1020,2,79.28,10,142.7,88.0,54.7,Referral,Cash on Delivery
ORD-200130,2024-06-28,2024-07-02,CUST-3015,SKU-1010,1,42.65,10,38.38,19.5,18.88,Referral,Cash on Delivery
ORD-200931,2024-06-28,2024-06-29,CUST-3108,SKU-1018,4,27.97,0,111.88,54.0,57.88,Paid Search,PayPal
ORD-200931,2024-06-28,2024-06-29,CUST-3108,SKU-1020,2,82.5,0,165.0,88.0,77.0,Paid Search,PayPal
ORD-201045,2024-06-28,2024-07-02,CUST-3120,SKU-1013,2,7.91,5,15.03,4.8,10.23,Referral,Apple Pay
ORD-201045,2024-06-28,2024-07-02,CUST-3120,SKU-1015,3,9.35,15,23.84,9.6,14.24,Referral,Apple Pay
ORD-201045,2024-06-28,2024-07-02,CUST-3120,SKU-1008,1,130.37,0,130.37,74.0,56.37,Referral,Apple Pay
ORD-201150,2024-06-28,2024-06-30,CUST-3129,SKU-1003,3,11.89,0,35.67,18.9,16.77,Referral,Cash on Delivery
ORD-201150,2024-06-28,2024-06-30,CUST-3129,SKU-1007,1,444.95,0,444.95,280.0,164.95,Referral,Cash on Delivery
ORD-202184,2024-06-28,2024-07-02,CUST-3257,SKU-1012,3,17.83,0,53.49,19.5,33.99,Paid Search,Credit Card
ORD-201216,2024-06-29,2024-07-04,CUST-3138,SKU-1019,5,24.23,0,121.15,55.0,66.15,Social,Credit Card
ORD-201216,2024-06-29,2024-07-04,CUST-3138,SKU-1001,5,14.66,0,73.3,41.0,32.3,Social,Credit Card
ORD-201658,2024-06-29,2024-07-05,CUST-3199,SKU-1011,1,28.34,0,28.34,12.0,16.34,Email,Cash on Delivery
ORD-201658,2024-06-29,2024-07-05,CUST-3199,SKU-1020,4,82.14,15,279.28,176.0,103.28,Email,Cash on Delivery
ORD-202059,2024-06-29,2024-07-04,CUST-3241,SKU-1020,5,81.46,10,366.57,220.0,146.57,Organic Search,PayPal
ORD-202059,2024-06-29,2024-07-04,CUST-3241,SKU-1019,3,24.87,10,67.15,33.0,34.15,Organic Search,PayPal
ORD-202776,2024-06-29,2024-07-05,CUST-3325,SKU-1011,1,27.7,0,27.7,12.0,15.7,Email,Bank Transfer
ORD-202776,2024-06-29,2024-07-05,CUST-3325,SKU-1008,1,126.59,0,126.59,74.0,52.59,Email,Bank Transfer
ORD-200910,2024-06-30,2024-07-07,CUST-3106,SKU-1002,5,13.11,20,52.44,37.0,15.44,Email,Credit Card
ORD-200910,2024-06-30,2024-07-07,CUST-3106,SKU-1016,3,8.96,10,24.19,9.0,15.19,Email,Credit Card
ORD-202060,2024-06-30,2024-07-07,CUST-3241,SKU-1019,4,24.83,5,94.35,44.0,50.35,Direct,Cash on Delivery
ORD-202060,2024-06-30,2024-07-07,CUST-3241,SKU-1019,4,23.89,0,95.56,44.0,51.56,Direct,Cash on Delivery
ORD-202060,2024-06-30,2024-07-07,CUST-3241,SKU-1008,1,130.89,15,111.26,74.0,37.26,Direct,Cash on Delivery
ORD-202396,2024-06-30,2024-07-02,CUST-3289,SKU-1019,3,24.06,5,68.57,33.0,35.57,Direct,Apple Pay
ORD-202396,2024-06-30,2024-07-02,CUST-3289,SKU-1020,4,81.36,5,309.17,176.0,133.17,Direct,Apple Pay
ORD-202617,2024-06-30,2024-07-07,CUST-3313,SKU-1003,2,12.0,0,24.0,12.6,11.4,Email,Bank Transfer
ORD-202617,2024-06-30,2024-07-07,CUST-3313,SKU-1019,2,23.67,20,37.87,22.0,15.87,Email,Bank Transfer
ORD-202617,2024-06-30,2024-07-07,CUST-3313,SKU-1009,1,34.71,15,29.5,15.0,14.5,Email,Bank Transfer
ORD-202639,2024-06-30,2024-07-03,CUST-3317,SKU-1001,3,14.89,0,44.67,24.6,20.07,Social,Cash on Delivery
ORD-201524,2024-07-01,2024-07-02,CUST-3179,SKU-1010,1,42.69,0,42.69,19.5,23.19,Organic Search,Cash on Delivery
ORD-201524,2024-07-01,2024-07-02,CUST-3179,SKU-1005,4,15.59,0,62.36,36.4,25.96,Organic Search,Cash on Delivery
ORD-201524,2024-07-01,2024-07-02,CUST-3179,SKU-1002,2,13.36,20,21.38,14.8,6.58,Organic Search,Cash on Delivery
ORD-202640,2024-07-01,2024-07-03,CUST-3317,SKU-1013,4,7.51,0,30.04,9.6,20.44,Referral,PayPal
ORD-202708,2024-07-01,2024-07-06,CUST-3320,SKU-1008,1,127.96,15,108.77,74.0,34.77,Organic Search,PayPal
ORD-202708,2024-07-01,2024-07-06,CUST-3320,SKU-1012,3,17.76,15,45.29,19.5,25.79,Organic Search,PayPal
ORD-200491,2024-07-02,2024-07-08,CUST-3057,SKU-1013,3,7.82,15,19.94,7.2,12.74,Referral,Credit Card
ORD-200491,2024-07-02,2024-07-08,CUST-3057,SKU-1009,1,35.8,15,30.43,15.0,15.43,Referral,Credit Card
ORD-200491,2024-07-02,2024-07-08,CUST-3057,SKU-1004,2,33.11,0,66.22,35.0,31.22,Referral,Credit Card
ORD-200851,2024-07-02,2024-07-07,CUST-3094,SKU-1005,4,15.84,5,60.19,36.4,23.79,Social,Cash on Delivery
ORD-200851,2024-07-02,2024-07-07,CUST-3094,SKU-1014,2,12.47,10,22.45,8.2,14.25,Social,Cash on Delivery
ORD-201217,2024-07-02,2024-07-04,CUST-3138,SKU-1007,1,453.81,0,453.81,280.0,173.81,Direct,Cash on Delivery
ORD-201217,2024-07-02,2024-07-04,CUST-3138,SKU-1001,3,14.74,5,42.01,24.6,17.41,Direct,Cash on Delivery
ORD-202127,2024-07-02,2024-07-07,CUST-3246,SKU-1019,5,23.86,0,119.3,55.0,64.3,Organic Search,PayPal
ORD-202673,2024-07-02,2024-07-09,CUST-3318,SKU-1020,3,81.44,0,244.32,132.0,112.32,Referral,Apple Pay
ORD-202673,2024-07-02,2024-07-09,CUST-3318,SKU-1013,4,7.69,5,29.22,9.6,19.62,Referral,Apple Pay
ORD-202936,2024-07-02,2024-07-03,CUST-3348,SKU-1004,4,32.54,10,117.14,70.0,47.14,Referral,PayPal
ORD-202936,2024-07-02,2024-07-03,CUST-3348,SKU-1020,4,79.87,10,287.53,176.0,111.53,Referral,PayPal
ORD-202962,2024-07-02,2024-07-05,CUST-3349,SKU-1020,3,79.71,0,239.13,132.0,107.13,Organic Search,Cash on Delivery
ORD-202962,2024-07-02,2024-07-05,CUST-3349,SKU-1020,5,81.8,10,368.1,220.0,148.1,Organic Search,Cash on Delivery
ORD-202962,2024-07-02,2024-07-05,CUST-3349,SKU-1020,4,83.41,20,266.91,176.0,90.91,Organic Search,Cash on Delivery
ORD-202397,2024-07-03,2024-07-05,CUST-3289,SKU-1002,3,12.99,0,38.97,22.2,16.77,Organic Search,PayPal
ORD-202397,2024-07-03,2024-07-05,CUST-3289,SKU-1020,3,78.34,15,199.77,132.0,67.77,Organic Search,PayPal
ORD-202397,2024-07-03,2024-07-05,CUST-3289,SKU-1020,5,78.82,0,394.1,220.0,174.1,Organic Search,PayPal
ORD-200114,2024-07-04,2024-07-11,CUST-3012,SKU-1017,3,40.55,0,121.65,63.0,58.65,Email,Apple Pay
ORD-200114,2024-07-04,2024-07-11,CUST-3012,SKU-1019,4,25.28,10,91.01,44.0,47.01,Email,Apple Pay
ORD-200114,2024-07-04,2024-07-11,CUST-3012,SKU-1007,1,451.12,20,360.9,280.0,80.9,Email,Apple Pay
ORD-200429,2024-07-04,2024-07-10,CUST-3053,SKU-1010,1,41.48,0,41.48,19.5,21.98,Organic Search,Bank Transfer
ORD-200627,2024-07-04,2024-07-10,CUST-3068,SKU-1012,3,18.45,0,55.35,19.5,35.85,Paid Search,PayPal
ORD-200627,2024-07-04,2024-07-10,CUST-3068,SKU-1019,2,24.61,20,39.38,22.0,17.38,Paid Search,PayPal
ORD-200627,2024-07-04,2024-07-10,CUST-3068,SKU-1020,3,79.63,10,215.0,132.0,83.0,Paid Search,PayPal
ORD-200741,2024-07-04,2024-07-11,CUST-3084,SKU-1003,3,11.95,0,35.85,18.9,16.95,Referral,Apple Pay
ORD-200741,2024-07-04,2024-07-11,CUST-3084,SKU-1006,2,10.23,20,16.37,9.6,6.77,Referral,Apple Pay
ORD-200283,2024-07-05,2024-07-09,CUST-3038,SKU-1012,4,18.98,10,68.33,26.0,42.33,Organic Search,Credit Card
ORD-200283,2024-07-05,2024-07-09,CUST-3038,SKU-1020,3,78.83,0,236.49,132.0,104.49,Organic Search,Credit Card
ORD-200469,2024-07-05,2024-07-08,CUST-3054,SKU-1017,5,39.23,0,196.15,105.0,91.15,Organic Search,PayPal
ORD-201139,2024-07-05,2024-07-06,CUST-3128,SKU-1001,4,14.93,0,59.72,32.8,26.92,Direct,Apple Pay
ORD-201139,2024-07-05,2024-07-06,CUST-3128,SKU-1019,4,24.76,0,99.04,44.0,55.04,Direct,Apple Pay
ORD-201139,2024-07-05,2024-07-06,CUST-3128,SKU-1014,3,12.16,20,29.18,12.3,16.88,Direct,Apple Pay
ORD-202351,2024-07-05,2024-07-07,CUST-3286,SKU-1001,3,15.36,0,46.08,24.6,21.48,Social,Apple Pay
ORD-202351,2024-07-05,2024-07-07,CUST-3286,SKU-1010,1,41.2,20,32.96,19.5,13.46,Social,Apple Pay
ORD-200470,2024-07-06,2024-07-12,CUST-3054,SKU-1003,3,12.01,15,30.63,18.9,11.73,Paid Search,Cash on Delivery
ORD-200470,2024-07-06,2024-07-12,CUST-3054,SKU-1002,5,12.97,0,64.85,37.0,27.85,Paid Search,Cash on Delivery
ORD-200945,2024-07-06,2024-07-11,CUST-3110,SKU-1001,4,14.89,0,59.56,32.8,26.76,Paid Search,Credit Card
ORD-201285,2024-07-06,2024-07-08,CUST-3143,SKU-1020,4,78.15,10,281.34,176.0,105.34,Organic Search,Cash on Delivery
ORD-201285,2024-07-06,2024-07-08,CUST-3143,SKU-1010,1,41.79,0,41.79,19.5,22.29,Organic Search,Cash on Delivery
ORD-201326,2024-07-06,2024-07-13,CUST-3150,SKU-1018,2,27.23,15,46.29,27.0,19.29,Organic Search,Apple Pay
ORD-201326,2024-07-06,2024-07-13,CUST-3150,SKU-1008,1,126.68,20,101.34,74.0,27.34,Organic Search,Apple Pay
ORD-202608,2024-07-06,2024-07-10,CUST-3312,SKU-1003,2,11.57,0,23.14,12.6,10.54,Direct,Credit Card
ORD-202608,2024-07-06,2024-07-10,CUST-3312,SKU-1012,3,18.97,10,51.22,19.5,31.72,Direct,Credit Card
ORD-202608,2024-07-06,2024-07-10,CUST-3312,SKU-1019,2,23.61,0,47.22,22.0,25.22,Direct,Credit Card
ORD-200646,2024-07-07,2024-07-14,CUST-3070,SKU-1016,5,8.61,15,36.59,15.0,21.59,Organic Search,Bank Transfer
ORD-200646,2024-07-07,2024-07-14,CUST-3070,SKU-1016,3,8.83,0,26.49,9.0,17.49,Organic Search,Bank Transfer
ORD-200727,2024-07-07,2024-07-14,CUST-3080,SKU-1015,2,9.52,20,15.23,6.4,8.83,Direct,Apple Pay
ORD-201400,2024-07-07,2024-07-14,CUST-3164,SKU-1012,3,17.77,10,47.98,19.5,28.48,Organic Search,PayPal
ORD-201400,2024-07-07,2024-07-14,CUST-3164,SKU-1008,1,133.16,15,113.19,74.0,39.19,Organic Search,PayPal
ORD-202277,2024-07-07,2024-07-14,CUST-3272,SKU-1014,3,12.09,20,29.02,12.3,16.72,Organic Search,Cash on Delivery
ORD-202709,2024-07-07,2024-07-08,CUST-3320,SKU-1020,2,81.1,0,162.2,88.0,74.2,Paid Search,Credit Card
ORD-202709,2024-07-07,2024-07-08,CUST-3320,SKU-1019,3,25.11,5,71.56,33.0,38.56,Paid Search,Credit Card
ORD-200544,2024-07-08,2024-07-09,CUST-3061,SKU-1018,3,26.58,10,71.77,40.5,31.27,Social,Apple Pay
ORD-201820,2024-07-08,2024-07-12,CUST-3217,SKU-1019,3,24.21,15,61.74,33.0,28.74,Paid Search,Apple Pay
ORD-200932,2024-07-09,2024-07-14,CUST-3108,SKU-1020,4,79.97,0,319.88,176.0,143.88,Referral,Credit Card
ORD-200932,2024-07-09,2024-07-14,CUST-3108,SKU-1020,2,78.44,20,125.5,88.0,37.5,Referral,Credit Card
ORD-200932,2024-07-09,2024-07-14,CUST-3108,SKU-1019,3,25.32,10,68.36,33.0,35.36,Referral,Credit Card
ORD-202860,2024-07-09,2024-07-13,CUST-3334,SKU-1019,3,23.79,10,64.23,33.0,31.23,Social,Apple Pay
ORD-202860,2024-07-09,2024-07-13,CUST-3334,SKU-1007,1,457.77,10,411.99,280.0,131.99,Social,Apple Pay
ORD-200778,2024-07-10,2024-07-17,CUST-3088,SKU-1019,5,25.43,15,108.08,55.0,53.08,Paid Search,PayPal
ORD-200946,2024-07-10,2024-07-17,CUST-3110,SKU-1020,4,78.5,0,314.0,176.0,138.0,Direct,Apple Pay
ORD-200946,2024-07-10,2024-07-17,CUST-3110,SKU-1004,2,31.49,15,53.53,35.0,18.53,Direct,Apple Pay
ORD-200946,2024-07-10,2024-07-17,CUST-3110,SKU-1019,2,23.69,0,47.38,22.0,25.38,Direct,Apple Pay
ORD-201140,2024-07-10,2024-07-13,CUST-3128,SKU-1007,1,454.2,0,454.2,280.0,174.2,Direct,Credit Card
ORD-201286,2024-07-10,2024-07-15,CUST-3143,SKU-1011,1,28.6,10,25.74,12.0,13.74,Paid Search,Bank Transfer
ORD-201286,2024-07-10,2024-07-15,CUST-3143,SKU-1020,3,80.13,0,240.39,132.0,108.39,Paid Search,Bank Transfer
ORD-201936,2024-07-10,2024-07-12,CUST-3227,SKU-1015,2,8.96,0,17.92,6.4,11.52,Email,Bank Transfer
ORD-201936,2024-07-10,2024-07-12,CUST-3227,SKU-1007,1,455.72,15,387.36,280.0,107.36,Email,Bank Transfer
ORD-200852,2024-07-11,2024-07-14,CUST-3094,SKU-1003,4,11.9,0,47.6,25.2,22.4,Direct,Bank Transfer
ORD-201102,2024-07-11,2024-07-15,CUST-3122,SKU-1018,4,28.34,0,113.36,54.0,59.36,Organic Search,Cash on Delivery
ORD-201102,2024-07-11,2024-07-15,CUST-3122,SKU-1020,4,82.93,5,315.13,176.0,139.13,Organic Search,Cash on Delivery
ORD-201977,2024-07-11,2024-07-13,CUST-3236,SKU-1019,3,24.95,0,74.85,33.0,41.85,Direct,Bank Transfer
ORD-201038,2024-07-12,2024-07-18,CUST-3119,SKU-1019,3,24.9,5,70.96,33.0,37.96,Paid Search,Bank Transfer
ORD-201038,2024-07-12,2024-07-18,CUST-3119,SKU-1019,3,23.86,5,68.0,33.0,35.0,Paid Search,Bank Transfer
ORD-201151,2024-07-12,2024-07-17,CUST-3129,SKU-1015,2,8.91,0,17.82,6.4,11.42,Direct,Cash on Delivery
ORD-200978,2024-07-13,2024-07-19,CUST-3113,SKU-1007,1,469.09,10,422.18,280.0,142.18,Organic Search,Apple Pay
ORD-200978,2024-07-13,2024-07-19,CUST-3113,SKU-1020,3,77.5,0,232.5,132.0,100.5,Organic Search,Apple Pay
ORD-201074,2024-07-13,2024-07-17,CUST-3121,SKU-1017,5,39.57,5,187.96,105.0,82.96,Referral,Apple Pay
ORD-201821,2024-07-13,2024-07-17,CUST-3217,SKU-1019,3,24.4,10,65.88,33.0,32.88,Social,Bank Transfer
ORD-202298,2024-07-13,2024-07-18,CUST-3276,SKU-1013,3,7.51,10,20.28,7.2,13.08,Social,Bank Transfer
ORD-202674,2024-07-13,2024-07-15,CUST-3318,SKU-1019,4,24.86,5,94.47,44.0,50.47,Email,Apple Pay
ORD-202813,2024-07-13,2024-07-16,CUST-3330,SKU-1019,3,25.0,10,67.5,33.0,34.5,Paid Search,Credit Card
ORD-202813,2024-07-13,2024-07-16,CUST-3330,SKU-1020,5,82.25,20,329.0,220.0,109.0,Paid Search,Credit Card
ORD-202813,2024-07-13,2024-07-16,CUST-3330,SKU-1013,3,7.44,0,22.32,7.2,15.12,Paid Search,Credit Card
ORD-202835,2024-07-13,2024-07-19,CUST-3332,SKU-1001,2,14.62,0,29.24,16.4,12.84,Social,PayPal
ORD-202835,2024-07-13,2024-07-19,CUST-3332,SKU-1010,1,43.75,0,43.75,19.5,24.25,Social,PayPal
ORD-201419,2024-07-14,2024-07-16,CUST-3166,SKU-1002,2,13.61,0,27.22,14.8,12.42,Email,PayPal
ORD-201419,2024-07-14,2024-07-16,CUST-3166,SKU-1019,3,23.8,0,71.4,33.0,38.4,Email,PayPal
ORD-202675,2024-07-14,2024-07-18,CUST-3318,SKU-1019,5,23.97,0,119.85,55.0,64.85,Social,PayPal
ORD-202464,2024-07-15,2024-07-21,CUST-3301,SKU-1020,5,82.25,20,329.0,220.0,109.0,Email,PayPal
ORD-202464,2024-07-15,2024-07-21,CUST-3301,SKU-1019,4,24.45,0,97.8,44.0,53.8,Email,PayPal
ORD-202464,2024-07-15,2024-07-21,CUST-3301,SKU-1011,1,28.38,0,28.38,12.0,16.38,Email,PayPal
ORD-202578,2024-07-15,2024-07-21,CUST-3311,SKU-1020,3,79.76,0,239.28,132.0,107.28,Social,Apple Pay
ORD-202578,2024-07-15,2024-07-21,CUST-3311,SKU-1019,5,23.74,5,112.76,55.0,57.76,Social,Apple Pay
ORD-202578,2024-07-15,2024-07-21,CUST-3311,SKU-1004,4,33.43,0,133.72,70.0,63.72,Social,Apple Pay
ORD-201465,2024-07-16,2024-07-19,CUST-3171,SKU-1003,3,11.72,0,35.16,18.9,16.26,Email,Credit Card
ORD-201865,2024-07-16,2024-07-22,CUST-3220,SKU-1011,1,28.92,0,28.92,12.0,16.92,Direct,Apple Pay
ORD-201865,2024-07-16,2024-07-22,CUST-3220,SKU-1019,3,23.84,10,64.37,33.0,31.37,Direct,Apple Pay
ORD-201581,2024-07-18,2024-07-22,CUST-3188,SKU-1020,2,81.75,20,130.8,88.0,42.8,Direct,Cash on Delivery
ORD-201581,2024-07-18,2024-07-22,CUST-3188,SKU-1007,1,467.68,0,467.68,280.0,187.68,Direct,Cash on Delivery
ORD-201666,2024-07-18,2024-07-20,CUST-3200,SKU-1015,1,9.39,20,7.51,3.2,4.31,Social,Bank Transfer
ORD-201822,2024-07-18,2024-07-20,CUST-3217,SKU-1020,5,82.93,20,331.72,220.0,111.72,Email,Bank Transfer
ORD-202420,2024-07-18,2024-07-25,CUST-3291,SKU-1007,1,474.92,0,474.92,280.0,194.92,Direct,Bank Transfer
ORD-202420,2024-07-18,2024-07-25,CUST-3291,SKU-1020,4,79.87,0,319.48,176.0,143.48,Direct,Bank Transfer
ORD-202420,2024-07-18,2024-07-25,CUST-3291,SKU-1001,4,14.33,15,48.72,32.8,15.92,Direct,Bank Transfer
ORD-200610,2024-07-19,2024-07-22,CUST-3067,SKU-1019,5,24.27,10,109.22,55.0,54.22,Referral,Apple Pay
ORD-202199,2024-07-19,2024-07-21,CUST-3258,SKU-1009,1,35.29,0,35.29,15.0,20.29,Email,Credit Card
ORD-202199,2024-07-19,2024-07-21,CUST-3258,SKU-1020,4,80.05,10,288.18,176.0,112.18,Email,Credit Card
ORD-200497,2024-07-20,2024-07-27,CUST-3058,SKU-1007,1,470.44,0,470.44,280.0,190.44,Organic Search,Credit Card
ORD-201401,2024-07-20,2024-07-24,CUST-3164,SKU-1003,3,11.57,20,27.77,18.9,8.87,Referral,Credit Card
ORD-201401,2024-07-20,2024-07-24,CUST-3164,SKU-1015,3,9.5,0,28.5,9.6,18.9,Referral,Credit Card
ORD-201480,2024-07-20,2024-07-22,CUST-3172,SKU-1020,5,78.35,0,391.75,220.0,171.75,Email,Bank Transfer
ORD-201480,2024-07-20,2024-07-22,CUST-3172,SKU-1016,3,8.44,5,24.05,9.0,15.05,Email,Bank Transfer
ORD-201594,2024-07-20,2024-07-21,CUST-3191,SKU-1020,4,82.56,10,297.22,176.0,121.22,Organic Search,Credit Card
ORD-201594,2024-07-20,2024-07-21,CUST-3191,SKU-1012,4,18.95,10,68.22,26.0,42.22,Organic Search,Credit Card
ORD-200232,2024-07-21,2024-07-28,CUST-3032,SKU-1004,3,33.28,15,84.86,52.5,32.36,Paid Search,PayPal
ORD-200232,2024-07-21,2024-07-28,CUST-3032,SKU-1016,4,8.88,0,35.52,12.0,23.52,Paid Search,PayPal
ORD-202777,2024-07-21,2024-07-28,CUST-3325,SKU-1002,2,13.15,0,26.3,14.8,11.5,Organic Search,Credit Card
ORD-202777,2024-07-21,2024-07-28,CUST-3325,SKU-1011,1,28.1,0,28.1,12.0,16.1,Organic Search,Credit Card
ORD-200694,2024-07-22,2024-07-23,CUST-3074,SKU-1019,3,24.63,15,62.81,33.0,29.81,Direct,Cash on Delivery
ORD-202700,2024-07-22,2024-07-27,CUST-3319,SKU-1018,3,27.58,5,78.6,40.5,38.1,Paid Search,Bank Transfer
ORD-202700,2024-07-22,2024-07-27,CUST-3319,SKU-1006,3,10.17,15,25.93,14.4,11.53,Paid Search,Bank Transfer
ORD-201187,2024-07-24,2024-07-30,CUST-3134,SKU-1020,3,78.03,0,234.09,132.0,102.09,Email,Credit Card
ORD-201582,2024-07-24,2024-07-27,CUST-3188,SKU-1015,4,8.89,15,30.23,12.8,17.43,Email,Apple Pay
ORD-201682,2024-07-24,2024-07-25,CUST-3203,SKU-1015,3,9.47,0,28.41,9.6,18.81,Referral,Bank Transfer
ORD-201318,2024-07-25,2024-08-01,CUST-3148,SKU-1019,3,24.49,0,73.47,33.0,40.47,Referral,Credit Card
ORD-201448,2024-07-25,2024-07-30,CUST-3170,SKU-1008,1,134.29,10,120.86,74.0,46.86,Organic Search,Apple Pay
ORD-201696,2024-07-25,2024-07-26,CUST-3207,SKU-1019,4,25.24,15,85.82,44.0,41.82,Email,Apple Pay
ORD-201696,2024-07-25,2024-07-26,CUST-3207,SKU-1001,4,14.91,10,53.68,32.8,20.88,Email,Apple Pay
ORD-200471,2024-07-26,2024-07-29,CUST-3054,SKU-1019,5,23.91,20,95.64,55.0,40.64,Social,Bank Transfer
ORD-200779,2024-07-26,2024-08-01,CUST-3088,SKU-1018,5,26.93,0,134.65,67.5,67.15,Referral,Apple Pay
ORD-201218,2024-07-26,2024-07-30,CUST-3138,SKU-1004,3,33.24,10,89.75,52.5,37.25,Email,Bank Transfer
ORD-201218,2024-07-26,2024-07-30,CUST-3138,SKU-1019,3,25.35,0,76.05,33.0,43.05,Email,Bank Transfer
ORD-201583,2024-07-26,2024-07-28,CUST-3188,SKU-1019,3,24.35,20,58.44,33.0,25.44,Referral,Bank Transfer
ORD-201583,2024-07-26,2024-07-28,CUST-3188,SKU-1002,2,12.79,10,23.02,14.8,8.22,Referral,Bank Transfer
ORD-201786,2024-07-26,2024-07-27,CUST-3216,SKU-1004,4,32.12,10,115.63,70.0,45.63,Direct,Bank Transfer
ORD-201786,2024-07-26,2024-07-27,CUST-3216,SKU-1019,5,24.0,0,120.0,55.0,65.0,Direct,Bank Transfer
ORD-201823,2024-07-26,2024-08-02,CUST-3217,SKU-1019,5,24.72,0,123.6,55.0,68.6,Organic Search,Apple Pay
ORD-201823,2024-07-26,2024-08-02,CUST-3217,SKU-1007,1,451.5,0,451.5,280.0,171.5,Organic Search,Apple Pay
ORD-201823,2024-07-26,2024-08-02,CUST-3217,SKU-1019,3,23.74,10,64.1,33.0,31.1,Organic Search,Apple Pay
ORD-202147,2024-07-26,2024-07-29,CUST-3247,SKU-1019,5,23.87,0,119.35,55.0,64.35,Direct,Bank Transfer
ORD-202147,2024-07-26,2024-07-29,CUST-3247,SKU-1008,1,131.74,0,131.74,74.0,57.74,Direct,Bank Transfer
ORD-202251,2024-07-26,2024-07-30,CUST-3268,SKU-1019,3,25.42,0,76.26,33.0,43.26,Social,Bank Transfer
ORD-202251,2024-07-26,2024-07-30,CUST-3268,SKU-1014,2,11.79,15,20.04,8.2,11.84,Social,Bank Transfer
ORD-202913,2024-07-26,2024-07-29,CUST-3342,SKU-1006,3,9.79,5,27.9,14.4,13.5,Paid Search,Credit Card
ORD-200380,2024-07-27,2024-07-31,CUST-3048,SKU-1018,5,28.6,5,135.85,67.5,68.35,Paid Search,Credit Card
ORD-200380,2024-07-27,2024-07-31,CUST-3048,SKU-1020,5,77.63,0,388.15,220.0,168.15,Paid Search,Credit Card
ORD-200380,2024-07-27,2024-07-31,CUST-3048,SKU-1019,5,25.14,0,125.7,55.0,70.7,Paid Search,Credit Card
ORD-200490,2024-07-27,2024-07-28,CUST-3056,SKU-1014,2,12.38,5,23.52,8.2,15.32,Paid Search,Cash on Delivery
ORD-200509,2024-07-27,2024-07-31,CUST-3059,SKU-1020,2,82.51,0,165.02,88.0,77.02,Social,Apple Pay
ORD-200509,2024-07-27,2024-07-31,CUST-3059,SKU-1004,4,31.4,0,125.6,70.0,55.6,Social,Apple Pay
ORD-200509,2024-07-27,2024-07-31,CUST-3059,SKU-1016,3,8.4,10,22.68,9.0,13.68,Social,Apple Pay
ORD-201103,2024-07-27,2024-07-30,CUST-3122,SKU-1019,4,24.65,0,98.6,44.0,54.6,Email,Cash on Delivery
ORD-201732,2024-07-27,2024-07-29,CUST-3212,SKU-1019,3,23.79,20,57.1,33.0,24.1,Paid Search,Bank Transfer
ORD-202501,2024-07-27,2024-07-28,CUST-3304,SKU-1020,3,78.14,20,187.54,132.0,55.54,Email,Apple Pay
ORD-202128,2024-07-28,2024-07-30,CUST-3246,SKU-1019,3,24.77,0,74.31,33.0,41.31,Email,Cash on Delivery
ORD-202128,2024-07-28,2024-07-30,CUST-3246,SKU-1020,4,78.17,0,312.68,176.0,136.68,Email,Cash on Delivery
ORD-200131,2024-07-29,2024-08-03,CUST-3015,SKU-1007,1,451.75,10,406.57,280.0,126.57,Social,Credit Card
ORD-200131,2024-07-29,2024-08-03,CUST-3015,SKU-1004,2,33.14,0,66.28,35.0,31.28,Social,Credit Card
ORD-201552,2024-07-29,2024-08-02,CUST-3184,SKU-1012,3,18.79,0,56.37,19.5,36.87,Referral,Apple Pay
ORD-201552,2024-07-29,2024-08-02,CUST-3184,SKU-1019,4,24.53,20,78.5,44.0,34.5,Referral,Apple Pay
ORD-201552,2024-07-29,2024-08-02,CUST-3184,SKU-1016,2,8.65,0,17.3,6.0,11.3,Referral,Apple Pay
ORD-201787,2024-07-29,2024-08-03,CUST-3216,SKU-1011,1,27.6,5,26.22,12.0,14.22,Paid Search,Cash on Delivery
ORD-201553,2024-07-30,2024-07-31,CUST-3184,SKU-1020,2,78.17,5,148.52,88.0,60.52,Referral,Cash on Delivery
ORD-201978,2024-07-30,2024-07-31,CUST-3236,SKU-1010,1,42.3,5,40.18,19.5,20.68,Referral,Apple Pay
ORD-201978,2024-07-30,2024-07-31,CUST-3236,SKU-1002,4,12.99,0,51.96,29.6,22.36,Referral,Apple Pay
ORD-201978,2024-07-30,2024-07-31,CUST-3236,SKU-1019,5,25.3,10,113.85,55.0,58.85,Referral,Apple Pay
ORD-200295,2024-07-31,2024-08-01,CUST-3040,SKU-1019,2,25.21,0,50.42,22.0,28.42,Social,Bank Transfer
ORD-200295,2024-07-31,2024-08-01,CUST-3040,SKU-1020,3,82.34,0,247.02,132.0,115.02,Social,Bank Transfer
ORD-200324,2024-07-31,2024-08-03,CUST-3041,SKU-1005,3,15.89,15,40.52,27.3,13.22,Email,Bank Transfer
ORD-201248,2024-07-31,2024-08-04,CUST-3141,SKU-1020,3,83.27,0,249.81,132.0,117.81,Organic Search,Bank Transfer
ORD-201248,2024-07-31,2024-08-04,CUST-3141,SKU-1019,4,24.56,5,93.33,44.0,49.33,Organic Search,Bank Transfer
ORD-201683,2024-07-31,2024-08-05,CUST-3203,SKU-1013,2,7.6,0,15.2,4.8,10.4,Paid Search,Apple Pay
ORD-202129,2024-07-31,2024-08-07,CUST-3246,SKU-1009,1,34.76,0,34.76,15.0,19.76,Organic Search,Apple Pay
ORD-200780,2024-08-01,2024-08-04,CUST-3088,SKU-1008,1,134.63,0,134.63,74.0,60.63,Paid Search,Apple Pay
ORD-200780,2024-08-01,2024-08-04,CUST-3088,SKU-1012,5,18.6,0,93.0,32.5,60.5,Paid Search,Apple Pay
ORD-200780,2024-08-01,2024-08-04,CUST-3088,SKU-1019,4,23.56,20,75.39,44.0,31.39,Paid Search,Apple Pay
ORD-201449,2024-08-01,2024-08-04,CUST-3170,SKU-1002,2,13.08,10,23.54,14.8,8.74,Direct,Cash on Delivery
ORD-201866,2024-08-01,2024-08-04,CUST-3220,SKU-1014,4,11.99,0,47.96,16.4,31.56,Direct,Bank Transfer
ORD-201866,2024-08-01,2024-08-04,CUST-3220,SKU-1019,3,24.59,10,66.39,33.0,33.39,Direct,Bank Transfer
ORD-202431,2024-08-02,2024-08-04,CUST-3292,SKU-1004,2,32.7,10,58.86,35.0,23.86,Email,Credit Card
ORD-202431,2024-08-02,2024-08-04,CUST-3292,SKU-1020,2,77.67,15,132.04,88.0,44.04,Email,Credit Card
ORD-202788,2024-08-02,2024-08-05,CUST-3328,SKU-1020,3,80.2,0,240.6,132.0,108.6,Paid Search,Bank Transfer
ORD-202788,2024-08-02,2024-08-05,CUST-3328,SKU-1003,4,12.17,5,46.25,25.2,21.05,Paid Search,Bank Transfer
ORD-201039,2024-08-03,2024-08-07,CUST-3119,SKU-1019,4,24.7,5,93.86,44.0,49.86,Email,Cash on Delivery
ORD-201249,2024-08-03,2024-08-06,CUST-3141,SKU-1013,3,7.76,0,23.28,7.2,16.08,Direct,PayPal
ORD-201249,2024-08-03,2024-08-06,CUST-3141,SKU-1010,1,44.44,5,42.22,19.5,22.72,Direct,PayPal
ORD-202061,2024-08-03,2024-08-07,CUST-3241,SKU-1020,5,81.26,0,406.3,220.0,186.3,Paid Search,Credit Card
ORD-202061,2024-08-03,2024-08-07,CUST-3241,SKU-1019,5,24.01,10,108.05,55.0,53.05,Paid Search,Credit Card
ORD-202252,2024-08-03,2024-08-04,CUST-3268,SKU-1009,1,35.12,10,31.61,15.0,16.61,Email,Credit Card
ORD-202778,2024-08-03,2024-08-06,CUST-3325,SKU-1020,2,78.19,0,156.38,88.0,68.38,Paid Search,PayPal
ORD-202502,2024-08-04,2024-08-06,CUST-3304,SKU-1019,4,24.42,15,83.03,44.0,39.03,Social,Bank Transfer
ORD-202861,2024-08-04,2024-08-10,CUST-3334,SKU-1017,3,41.1,0,123.3,63.0,60.3,Email,Credit Card
ORD-200296,2024-08-05,2024-08-10,CUST-3040,SKU-1004,4,33.38,0,133.52,70.0,63.52,Email,Apple Pay
ORD-200947,2024-08-05,2024-08-12,CUST-3110,SKU-1001,4,15.09,20,48.29,32.8,15.49,Organic Search,Bank Transfer
ORD-200430,2024-08-06,2024-08-10,CUST-3053,SKU-1015,5,9.0,0,45.0,16.0,29.0,Email,Credit Card
ORD-200430,2024-08-06,2024-08-10,CUST-3053,SKU-1020,5,81.14,0,405.7,220.0,185.7,Email,Credit Card
ORD-200472,2024-08-06,2024-08-13,CUST-3054,SKU-1019,4,24.43,10,87.95,44.0,43.95,Organic Search,Cash on Delivery
ORD-200510,2024-08-06,2024-08-08,CUST-3059,SKU-1012,2,18.42,15,31.31,13.0,18.31,Direct,Bank Transfer
ORD-201219,2024-08-06,2024-08-11,CUST-3138,SKU-1019,3,25.11,0,75.33,33.0,42.33,Social,Apple Pay
ORD-201219,2024-08-06,2024-08-11,CUST-3138,SKU-1019,3,23.92,0,71.76,33.0,38.76,Social,Apple Pay
ORD-201219,2024-08-06,2024-08-11,CUST-3138,SKU-1013,5,7.74,15,32.9,12.0,20.9,Social,Apple Pay
ORD-201420,2024-08-06,2024-08-13,CUST-3166,SKU-1016,2,8.61,0,17.22,6.0,11.22,Email,Credit Card
ORD-202027,2024-08-06,2024-08-09,CUST-3240,SKU-1019,5,24.14,15,102.59,55.0,47.59,Social,Cash on Delivery
ORD-202733,2024-08-06,2024-08-09,CUST-3321,SKU-1019,4,23.64,10,85.1,44.0,41.1,Direct,Credit Card
ORD-202733,2024-08-06,2024-08-09,CUST-3321,SKU-1008,1,132.61,20,106.09,74.0,32.09,Direct,Credit Card
ORD-201554,2024-08-07,2024-08-10,CUST-3184,SKU-1019,4,24.44,10,87.98,44.0,43.98,Email,Cash on Delivery
ORD-201554,2024-08-07,2024-08-10,CUST-3184,SKU-1004,4,32.15,15,109.31,70.0,39.31,Email,Cash on Delivery
ORD-202362,2024-08-07,2024-08-13,CUST-3288,SKU-1014,4,12.64,5,48.03,16.4,31.63,Referral,Cash on Delivery
ORD-200042,2024-08-08,2024-08-09,CUST-3005,SKU-1005,4,15.38,0,61.52,36.4,25.12,Paid Search,PayPal
ORD-200431,2024-08-08,2024-08-15,CUST-3053,SKU-1017,3,41.03,5,116.94,63.0,53.94,Email,Cash on Delivery
ORD-200431,2024-08-08,2024-08-15,CUST-3053,SKU-1020,5,80.54,0,402.7,220.0,182.7,Email,Cash on Delivery
ORD-201525,2024-08-08,2024-08-13,CUST-3179,SKU-1014,3,12.29,10,33.18,12.3,20.88,Organic Search,Bank Transfer
ORD-201525,2024-08-08,2024-08-13,CUST-3179,SKU-1005,3,15.06,15,38.4,27.3,11.1,Organic Search,Bank Transfer
ORD-201905,2024-08-08,2024-08-12,CUST-3223,SKU-1019,2,24.14,15,41.04,22.0,19.04,Referral,Cash on Delivery
ORD-202238,2024-08-08,2024-08-09,CUST-3264,SKU-1015,2,9.42,0,18.84,6.4,12.44,Referral,Credit Card
ORD-200325,2024-08-09,2024-08-11,CUST-3041,SKU-1001,3,15.28,20,36.67,24.6,12.07,Paid Search,Apple Pay
ORD-200325,2024-08-09,2024-08-11,CUST-3041,SKU-1014,4,11.92,5,45.3,16.4,28.9,Paid Search,Apple Pay
ORD-200325,2024-08-09,2024-08-11,CUST-3041,SKU-1017,3,40.82,0,122.46,63.0,59.46,Paid Search,Apple Pay
ORD-201250,2024-08-09,2024-08-15,CUST-3141,SKU-1019,2,24.65,0,49.3,22.0,27.3,Social,Cash on Delivery
ORD-202641,2024-08-09,2024-08-15,CUST-3317,SKU-1020,4,82.72,15,281.25,176.0,105.25,Paid Search,Credit Card
ORD-202641,2024-08-09,2024-08-15,CUST-3317,SKU-1003,3,12.09,5,34.46,18.9,15.56,Paid Search,Credit Card
ORD-201376,2024-08-10,2024-08-15,CUST-3157,SKU-1019,4,24.96,0,99.84,44.0,55.84,Referral,Bank Transfer
ORD-201376,2024-08-10,2024-08-15,CUST-3157,SKU-1008,1,128.7,0,128.7,74.0,54.7,Referral,Bank Transfer
ORD-201376,2024-08-10,2024-08-15,CUST-3157,SKU-1007,1,454.89,20,363.91,280.0,83.91,Referral,Bank Transfer
ORD-201506,2024-08-10,2024-08-12,CUST-3173,SKU-1013,3,7.87,5,22.43,7.2,15.23,Organic Search,Cash on Delivery
ORD-202503,2024-08-10,2024-08-17,CUST-3304,SKU-1019,4,24.72,10,88.99,44.0,44.99,Email,PayPal
ORD-202734,2024-08-10,2024-08-17,CUST-3321,SKU-1018,3,27.55,0,82.65,40.5,42.15,Organic Search,PayPal
ORD-202734,2024-08-10,2024-08-17,CUST-3321,SKU-1020,5,79.44,0,397.2,220.0,177.2,Organic Search,PayPal
ORD-202734,2024-08-10,2024-08-17,CUST-3321,SKU-1012,3,18.71,10,50.52,19.5,31.02,Organic Search,PayPal
ORD-202914,2024-08-10,2024-08-11,CUST-3342,SKU-1003,2,12.08,15,20.54,12.6,7.94,Referral,Bank Transfer
ORD-202986,2024-08-10,2024-08-11,CUST-3350,SKU-1013,2,7.53,10,13.55,4.8,8.75,Email,Bank Transfer
ORD-202986,2024-08-10,2024-08-11,CUST-3350,SKU-1001,3,14.38,0,43.14,24.6,18.54,Email,Bank Transfer
ORD-202986,2024-08-10,2024-08-11,CUST-3350,SKU-1019,4,24.39,10,87.8,44.0,43.8,Email,Bank Transfer
ORD-201075,2024-08-11,2024-08-14,CUST-3121,SKU-1010,1,42.32,10,38.09,19.5,18.59,Organic Search,Bank Transfer
ORD-201075,2024-08-11,2024-08-14,CUST-3121,SKU-1020,4,81.63,0,326.52,176.0,150.52,Organic Search,Bank Transfer
ORD-201344,2024-08-11,2024-08-15,CUST-3151,SKU-1001,3,14.25,0,42.75,24.6,18.15,Social,Bank Transfer
ORD-201713,2024-08-11,2024-08-14,CUST-3208,SKU-1016,2,8.85,10,15.93,6.0,9.93,Email,Bank Transfer
ORD-202398,2024-08-11,2024-08-17,CUST-3289,SKU-1018,5,27.18,0,135.9,67.5,68.4,Social,Credit Card
ORD-200063,2024-08-12,2024-08-14,CUST-3007,SKU-1019,3,24.81,0,74.43,33.0,41.43,Direct,PayPal
ORD-201424,2024-08-13,2024-08-19,CUST-3167,SKU-1012,2,18.39,0,36.78,13.0,23.78,Social,Apple Pay
ORD-202579,2024-08-13,2024-08-20,CUST-3311,SKU-1020,3,83.66,0,250.98,132.0,118.98,Referral,Credit Card
ORD-202710,2024-08-13,2024-08-18,CUST-3320,SKU-1003,3,11.43,15,29.15,18.9,10.25,Paid Search,PayPal
ORD-200827,2024-08-14,2024-08-15,CUST-3091,SKU-1010,1,41.4,15,35.19,19.5,15.69,Direct,Apple Pay
ORD-200827,2024-08-14,2024-08-15,CUST-3091,SKU-1009,1,33.81,0,33.81,15.0,18.81,Direct,Apple Pay
ORD-201402,2024-08-14,2024-08-20,CUST-3164,SKU-1006,2,10.01,20,16.02,9.6,6.42,Referral,Credit Card
ORD-201425,2024-08-14,2024-08-15,CUST-3167,SKU-1002,4,13.43,0,53.72,29.6,24.12,Organic Search,PayPal
ORD-201724,2024-08-15,2024-08-16,CUST-3210,SKU-1010,1,43.37,20,34.7,19.5,15.2,Referral,Apple Pay
ORD-201733,2024-08-15,2024-08-19,CUST-3212,SKU-1020,4,78.37,0,313.48,176.0,137.48,Social,Bank Transfer
ORD-201733,2024-08-15,2024-08-19,CUST-3212,SKU-1014,3,11.94,0,35.82,12.3,23.52,Social,Bank Transfer
ORD-201733,2024-08-15,2024-08-19,CUST-3212,SKU-1019,3,25.03,20,60.07,33.0,27.07,Social,Bank Transfer
ORD-202399,2024-08-15,2024-08-20,CUST-3289,SKU-1002,5,12.74,10,57.33,37.0,20.33,Paid Search,Cash on Delivery
ORD-202399,2024-08-15,2024-08-20,CUST-3289,SKU-1020,3,80.57,5,229.62,132.0,97.62,Paid Search,Cash on Delivery
ORD-202399,2024-08-15,2024-08-20,CUST-3289,SKU-1016,5,8.8,0,44.0,15.0,29.0,Paid Search,Cash on Delivery
ORD-200154,2024-08-16,2024-08-19,CUST-3018,SKU-1003,4,11.89,0,47.56,25.2,22.36,Referral,PayPal
ORD-200154,2024-08-16,2024-08-19,CUST-3018,SKU-1020,3,79.87,10,215.65,132.0,83.65,Referral,PayPal
ORD-200154,2024-08-16,2024-08-19,CUST-3018,SKU-1020,3,78.95,15,201.32,132.0,69.32,Referral,PayPal
ORD-201867,2024-08-16,2024-08-22,CUST-3220,SKU-1019,4,23.81,0,95.24,44.0,51.24,Social,Credit Card
ORD-201756,2024-08-17,2024-08-20,CUST-3215,SKU-1019,4,24.75,0,99.0,44.0,55.0,Referral,Apple Pay
ORD-202299,2024-08-17,2024-08-20,CUST-3276,SKU-1011,1,28.7,0,28.7,12.0,16.7,Email,PayPal
ORD-200209,2024-08-18,2024-08-25,CUST-3026,SKU-1019,4,25.09,0,100.36,44.0,56.36,Social,PayPal
ORD-201526,2024-08-18,2024-08-22,CUST-3179,SKU-1020,3,81.2,15,207.06,132.0,75.06,Paid Search,PayPal
ORD-201526,2024-08-18,2024-08-22,CUST-3179,SKU-1011,1,29.25,0,29.25,12.0,17.25,Paid Search,PayPal
ORD-201526,2024-08-18,2024-08-22,CUST-3179,SKU-1003,4,12.08,0,48.32,25.2,23.12,Paid Search,PayPal
ORD-202892,2024-08-18,2024-08-25,CUST-3335,SKU-1018,2,26.95,0,53.9,27.0,26.9,Email,Apple Pay
ORD-200875,2024-08-20,2024-08-22,CUST-3099,SKU-1001,3,14.52,0,43.56,24.6,18.96,Social,Cash on Delivery
ORD-200875,2024-08-20,2024-08-22,CUST-3099,SKU-1019,3,24.63,0,73.89,33.0,40.89,Social,Cash on Delivery
ORD-201076,2024-08-20,2024-08-23,CUST-3121,SKU-1019,5,23.82,0,119.1,55.0,64.1,Referral,Bank Transfer
ORD-202447,2024-08-20,2024-08-26,CUST-3298,SKU-1006,4,10.0,15,34.0,19.2,14.8,Direct,Bank Transfer
ORD-202447,2024-08-20,2024-08-26,CUST-3298,SKU-1009,1,35.71,10,32.14,15.0,17.14,Direct,Bank Transfer
ORD-200132,2024-08-21,2024-08-24,CUST-3015,SKU-1013,4,7.5,10,27.0,9.6,17.4,Referral,Cash on Delivery
ORD-200132,2024-08-21,2024-08-24,CUST-3015,SKU-1006,3,9.76,5,27.82,14.4,13.42,Referral,Cash on Delivery
ORD-202210,2024-08-21,2024-08-28,CUST-3259,SKU-1013,4,7.36,15,25.02,9.6,15.42,Social,Credit Card
ORD-202210,2024-08-21,2024-08-28,CUST-3259,SKU-1014,2,12.52,0,25.04,8.2,16.84,Social,Credit Card
ORD-202210,2024-08-21,2024-08-28,CUST-3259,SKU-1002,2,12.76,20,20.42,14.8,5.62,Social,Credit Card
ORD-202580,2024-08-21,2024-08-22,CUST-3311,SKU-1020,3,82.12,0,246.36,132.0,114.36,Organic Search,Apple Pay
ORD-202735,2024-08-21,2024-08-23,CUST-3321,SKU-1015,4,9.02,0,36.08,12.8,23.28,Paid Search,Apple Pay
ORD-202735,2024-08-21,2024-08-23,CUST-3321,SKU-1019,5,24.34,10,109.53,55.0,54.53,Paid Search,Apple Pay
ORD-200432,2024-08-22,2024-08-27,CUST-3053,SKU-1019,4,24.67,0,98.68,44.0,54.68,Email,Credit Card
ORD-200432,2024-08-22,2024-08-27,CUST-3053,SKU-1020,5,83.29,5,395.63,220.0,175.63,Email,Credit Card
ORD-200432,2024-08-22,2024-08-27,CUST-3053,SKU-1020,3,78.57,15,200.35,132.0,68.35,Email,Credit Card
ORD-200198,2024-08-23,2024-08-24,CUST-3023,SKU-1020,3,83.35,0,250.05,132.0,118.05,Social,Credit Card
ORD-201659,2024-08-23,2024-08-29,CUST-3199,SKU-1019,2,24.27,0,48.54,22.0,26.54,Paid Search,Credit Card
ORD-201937,2024-08-23,2024-08-28,CUST-3227,SKU-1020,2,78.87,0,157.74,88.0,69.74,Email,Bank Transfer
ORD-201937,2024-08-23,2024-08-28,CUST-3227,SKU-1013,3,7.37,20,17.69,7.2,10.49,Email,Bank Transfer
ORD-201937,2024-08-23,2024-08-28,CUST-3227,SKU-1011,1,28.09,10,25.28,12.0,13.28,Email,Bank Transfer
ORD-202226,2024-08-23,2024-08-29,CUST-3262,SKU-1011,1,28.07,10,25.26,12.0,13.26,Referral,PayPal
ORD-202226,2024-08-23,2024-08-29,CUST-3262,SKU-1018,3,27.03,10,72.98,40.5,32.48,Referral,PayPal
ORD-200473,2024-08-24,2024-08-29,CUST-3054,SKU-1019,4,23.59,20,75.49,44.0,31.49,Referral,Cash on Delivery
ORD-200665,2024-08-24,2024-08-25,CUST-3072,SKU-1020,4,79.53,10,286.31,176.0,110.31,Email,Credit Card
ORD-200665,2024-08-24,2024-08-25,CUST-3072,SKU-1008,1,128.21,0,128.21,74.0,54.21,Email,Credit Card
ORD-200665,2024-08-24,2024-08-25,CUST-3072,SKU-1015,2,9.41,10,16.94,6.4,10.54,Email,Credit Card
ORD-200953,2024-08-24,2024-08-27,CUST-3111,SKU-1010,1,43.72,0,43.72,19.5,24.22,Paid Search,Credit Card
ORD-201220,2024-08-24,2024-08-29,CUST-3138,SKU-1020,3,80.07,10,216.19,132.0,84.19,Referral,Apple Pay
ORD-202211,2024-08-24,2024-08-25,CUST-3259,SKU-1007,1,450.68,10,405.61,280.0,125.61,Direct,Apple Pay
ORD-202211,2024-08-24,2024-08-25,CUST-3259,SKU-1019,3,23.6,0,70.8,33.0,37.8,Direct,Apple Pay
ORD-202211,2024-08-24,2024-08-25,CUST-3259,SKU-1020,2,82.83,20,132.53,88.0,44.53,Direct,Apple Pay
ORD-200545,2024-08-25,2024-09-01,CUST-3061,SKU-1003,3,11.34,20,27.22,18.9,8.32,Paid Search,Bank Transfer
ORD-200545,2024-08-25,2024-09-01,CUST-3061,SKU-1019,4,24.92,5,94.7,44.0,50.7,Paid Search,Bank Transfer
ORD-201077,2024-08-25,2024-08-30,CUST-3121,SKU-1003,5,11.56,0,57.8,31.5,26.3,Email,PayPal
ORD-201938,2024-08-25,2024-08-26,CUST-3227,SKU-1019,4,23.63,5,89.79,44.0,45.79,Direct,Bank Transfer
ORD-201938,2024-08-25,2024-08-26,CUST-3227,SKU-1002,3,13.56,0,40.68,22.2,18.48,Direct,Bank Transfer
ORD-201938,2024-08-25,2024-08-26,CUST-3227,SKU-1008,1,126.82,10,114.14,74.0,40.14,Direct,Bank Transfer
ORD-202185,2024-08-25,2024-08-30,CUST-3257,SKU-1019,2,24.74,0,49.48,22.0,27.48,Email,Apple Pay
ORD-202432,2024-08-25,2024-08-27,CUST-3292,SKU-1003,4,11.61,0,46.44,25.2,21.24,Paid Search,Credit Card
ORD-202432,2024-08-25,2024-08-27,CUST-3292,SKU-1006,4,10.11,0,40.44,19.2,21.24,Paid Search,Credit Card
ORD-202432,2024-08-25,2024-08-27,CUST-3292,SKU-1006,4,9.97,0,39.88,19.2,20.68,Paid Search,Credit Card
ORD-202504,2024-08-25,2024-08-27,CUST-3304,SKU-1020,4,83.72,0,334.88,176.0,158.88,Paid Search,PayPal
ORD-202504,2024-08-25,2024-08-27,CUST-3304,SKU-1007,1,470.5,0,470.5,280.0,190.5,Paid Search,PayPal
ORD-202987,2024-08-25,2024-08-27,CUST-3350,SKU-1013,4,7.4,0,29.6,9.6,20.0,Email,Credit Card
ORD-202987,2024-08-25,2024-08-27,CUST-3350,SKU-1020,2,81.86,0,163.72,88.0,75.72,Email,Credit Card
ORD-200433,2024-08-26,2024-09-02,CUST-3053,SKU-1004,3,31.97,0,95.91,52.5,43.41,Email,Credit Card
ORD-200433,2024-08-26,2024-09-02,CUST-3053,SKU-1012,5,17.88,0,89.4,32.5,56.9,Email,Credit Card
ORD-201403,2024-08-26,2024-08-31,CUST-3164,SKU-1019,3,25.38,0,76.14,33.0,43.14,Organic Search,Cash on Delivery
ORD-201403,2024-08-26,2024-08-31,CUST-3164,SKU-1019,2,25.39,0,50.78,22.0,28.78,Organic Search,Cash on Delivery
ORD-202421,2024-08-26,2024-08-31,CUST-3291,SKU-1001,3,15.05,10,40.64,24.6,16.04,Organic Search,Bank Transfer
ORD-202421,2024-08-26,2024-08-31,CUST-3291,SKU-1001,4,14.66,0,58.64,32.8,25.84,Organic Search,Bank Transfer
ORD-202421,2024-08-26,2024-08-31,CUST-3291,SKU-1010,1,42.53,10,38.28,19.5,18.78,Organic Search,Bank Transfer
ORD-200781,2024-08-27,2024-08-29,CUST-3088,SKU-1009,1,34.13,15,29.01,15.0,14.01,Direct,Bank Transfer
ORD-200815,2024-08-27,2024-09-03,CUST-3089,SKU-1020,5,78.6,0,393.0,220.0,173.0,Referral,Cash on Delivery
ORD-200815,2024-08-27,2024-09-03,CUST-3089,SKU-1020,5,78.57,0,392.85,220.0,172.85,Referral,Cash on Delivery
ORD-202505,2024-08-27,2024-08-30,CUST-3304,SKU-1009,1,35.81,10,32.23,15.0,17.23,Referral,Credit Card
ORD-200589,2024-08-28,2024-09-04,CUST-3066,SKU-1020,2,81.98,5,155.76,88.0,67.76,Paid Search,Cash on Delivery
ORD-200589,2024-08-28,2024-09-04,CUST-3066,SKU-1002,2,13.0,15,22.1,14.8,7.3,Paid Search,Cash on Delivery
ORD-201534,2024-08-28,2024-09-02,CUST-3181,SKU-1008,1,128.93,20,103.14,74.0,29.14,Social,PayPal
ORD-202642,2024-08-28,2024-08-31,CUST-3317,SKU-1020,3,79.03,15,201.53,132.0,69.53,Referral,Credit Card
ORD-200474,2024-08-30,2024-09-02,CUST-3054,SKU-1019,5,24.59,15,104.51,55.0,49.51,Referral,Apple Pay
ORD-200474,2024-08-30,2024-09-02,CUST-3054,SKU-1020,3,81.54,10,220.16,132.0,88.16,Referral,Apple Pay
ORD-200889,2024-08-30,2024-08-31,CUST-3101,SKU-1019,2,24.49,0,48.98,22.0,26.98,Social,Cash on Delivery
ORD-202253,2024-08-30,2024-09-03,CUST-3268,SKU-1012,4,18.45,10,66.42,26.0,40.42,Direct,Apple Pay
ORD-202609,2024-08-30,2024-09-01,CUST-3312,SKU-1020,3,79.24,15,202.06,132.0,70.06,Email,Credit Card
ORD-202915,2024-08-30,2024-09-01,CUST-3342,SKU-1020,3,79.98,0,239.94,132.0,107.94,Organic Search,Credit Card
ORD-200546,2024-08-31,2024-09-02,CUST-3061,SKU-1019,3,24.49,0,73.47,33.0,40.47,Email,Credit Card
ORD-200546,2024-08-31,2024-09-02,CUST-3061,SKU-1019,4,23.91,20,76.51,44.0,32.51,Email,Credit Card
ORD-201287,2024-08-31,2024-09-05,CUST-3143,SKU-1007,1,454.95,20,363.96,280.0,83.96,Organic Search,Bank Transfer
ORD-201287,2024-08-31,2024-09-05,CUST-3143,SKU-1020,5,82.56,10,371.52,220.0,151.52,Organic Search,Bank Transfer
ORD-202931,2024-08-31,2024-09-06,CUST-3347,SKU-1014,3,11.91,0,35.73,12.3,23.43,Referral,PayPal
ORD-200547,2024-09-01,2024-09-06,CUST-3061,SKU-1018,5,28.43,0,142.15,67.5,74.65,Direct,PayPal
ORD-200948,2024-09-01,2024-09-07,CUST-3110,SKU-1020,2,81.99,0,163.98,88.0,75.98,Direct,Credit Card
ORD-200948,2024-09-01,2024-09-07,CUST-3110,SKU-1019,4,23.77,0,95.08,44.0,51.08,Direct,Credit Card
ORD-201188,2024-09-01,2024-09-05,CUST-3134,SKU-1005,3,15.3,15,39.02,27.3,11.72,Direct,Credit Card
ORD-201388,2024-09-01,2024-09-08,CUST-3161,SKU-1013,2,7.42,10,13.36,4.8,8.56,Organic Search,Apple Pay
ORD-201450,2024-09-01,2024-09-04,CUST-3170,SKU-1004,3,32.27,10,87.13,52.5,34.63,Organic Search,Credit Card
ORD-201450,2024-09-01,2024-09-04,CUST-3170,SKU-1006,2,10.12,0,20.24,9.6,10.64,Organic Search,Credit Card
ORD-201999,2024-09-01,2024-09-06,CUST-3237,SKU-1016,4,8.62,0,34.48,12.0,22.48,Referral,Cash on Delivery
ORD-201999,2024-09-01,2024-09-06,CUST-3237,SKU-1014,4,11.94,15,40.6,16.4,24.2,Referral,Cash on Delivery
ORD-201999,2024-09-01,2024-09-06,CUST-3237,SKU-1015,4,9.5,0,38.0,12.8,25.2,Referral,Cash on Delivery
ORD-200816,2024-09-02,2024-09-09,CUST-3089,SKU-1019,3,24.06,15,61.35,33.0,28.35,Email,Cash on Delivery
ORD-200816,2024-09-02,2024-09-09,CUST-3089,SKU-1001,4,14.6,5,55.48,32.8,22.68,Email,Cash on Delivery
ORD-201189,2024-09-02,2024-09-06,CUST-3134,SKU-1012,2,18.18,10,32.72,13.0,19.72,Referral,PayPal
ORD-201189,2024-09-02,2024-09-06,CUST-3134,SKU-1018,3,28.23,15,71.99,40.5,31.49,Referral,PayPal
ORD-201189,2024-09-02,2024-09-06,CUST-3134,SKU-1019,2,24.69,0,49.38,22.0,27.38,Referral,PayPal
ORD-201714,2024-09-02,2024-09-09,CUST-3208,SKU-1020,3,81.32,10,219.56,132.0,87.56,Organic Search,Apple Pay
ORD-201535,2024-09-03,2024-09-05,CUST-3181,SKU-1002,4,12.86,10,46.3,29.6,16.7,Email,PayPal
ORD-201920,2024-09-03,2024-09-05,CUST-3225,SKU-1019,3,23.91,10,64.56,33.0,31.56,Paid Search,Credit Card
ORD-202363,2024-09-03,2024-09-08,CUST-3288,SKU-1009,1,33.55,0,33.55,15.0,18.55,Email,Bank Transfer
ORD-202363,2024-09-03,2024-09-08,CUST-3288,SKU-1020,2,83.57,20,133.71,88.0,45.71,Email,Bank Transfer
ORD-202363,2024-09-03,2024-09-08,CUST-3288,SKU-1020,4,77.46,0,309.84,176.0,133.84,Email,Bank Transfer
ORD-202465,2024-09-03,2024-09-08,CUST-3301,SKU-1019,3,25.19,5,71.79,33.0,38.79,Social,Credit Card
ORD-202465,2024-09-03,2024-09-08,CUST-3301,SKU-1020,3,83.59,0,250.77,132.0,118.77,Social,Credit Card
ORD-202814,2024-09-03,2024-09-08,CUST-3330,SKU-1013,5,7.84,20,31.36,12.0,19.36,Paid Search,Cash on Delivery
ORD-200017,2024-09-04,2024-09-08,CUST-3003,SKU-1019,2,23.97,20,38.35,22.0,16.35,Organic Search,Bank Transfer
ORD-200171,2024-09-04,2024-09-10,CUST-3020,SKU-1002,3,12.94,0,38.82,22.2,16.62,Direct,Credit Card
ORD-200171,2024-09-04,2024-09-10,CUST-3020,SKU-1015,4,9.28,0,37.12,12.8,24.32,Direct,Credit Card
ORD-200171,2024-09-04,2024-09-10,CUST-3020,SKU-1020,4,78.64,0,314.56,176.0,138.56,Direct,Credit Card
ORD-200326,2024-09-04,2024-09-07,CUST-3041,SKU-1020,5,83.55,20,334.2,220.0,114.2,Social,Bank Transfer
ORD-200326,2024-09-04,2024-09-07,CUST-3041,SKU-1019,4,25.13,10,90.47,44.0,46.47,Social,Bank Transfer
ORD-201288,2024-09-04,2024-09-11,CUST-3143,SKU-1013,4,7.45,10,26.82,9.6,17.22,Organic Search,PayPal
ORD-201788,2024-09-04,2024-09-10,CUST-3216,SKU-1019,5,24.35,0,121.75,55.0,66.75,Organic Search,Cash on Delivery
ORD-201788,2024-09-04,2024-09-10,CUST-3216,SKU-1001,5,14.45,0,72.25,41.0,31.25,Organic Search,Cash on Delivery
ORD-201788,2024-09-04,2024-09-10,CUST-3216,SKU-1019,3,24.63,10,66.5,33.0,33.5,Organic Search,Cash on Delivery
ORD-201906,2024-09-04,2024-09-11,CUST-3223,SKU-1018,2,28.24,10,50.83,27.0,23.83,Email,Apple Pay
ORD-201906,2024-09-04,2024-09-11,CUST-3223,SKU-1020,2,79.37,5,150.8,88.0,62.8,Email,Apple Pay
ORD-202988,2024-09-05,2024-09-10,CUST-3350,SKU-1007,1,472.25,20,377.8,280.0,97.8,Referral,Credit Card
ORD-202988,2024-09-05,2024-09-10,CUST-3350,SKU-1007,1,454.94,15,386.7,280.0,106.7,Referral,Credit Card
ORD-202988,2024-09-05,2024-09-10,CUST-3350,SKU-1001,3,14.35,20,34.44,24.6,9.84,Referral,Credit Card
ORD-200172,2024-09-06,2024-09-09,CUST-3020,SKU-1002,3,13.17,0,39.51,22.2,17.31,Email,Credit Card
ORD-200817,2024-09-06,2024-09-08,CUST-3089,SKU-1007,1,463.05,0,463.05,280.0,183.05,Direct,Cash on Delivery
ORD-202466,2024-09-06,2024-09-07,CUST-3301,SKU-1019,3,24.69,0,74.07,33.0,41.07,Direct,Credit Card
ORD-202466,2024-09-06,2024-09-07,CUST-3301,SKU-1020,5,80.28,10,361.26,220.0,141.26,Direct,Credit Card
ORD-202466,2024-09-06,2024-09-07,CUST-3301,SKU-1019,5,25.04,10,112.68,55.0,57.68,Direct,Credit Card
ORD-202581,2024-09-06,2024-09-12,CUST-3311,SKU-1020,3,77.69,10,209.76,132.0,77.76,Organic Search,Credit Card
ORD-202581,2024-09-06,2024-09-12,CUST-3311,SKU-1020,3,83.35,5,237.55,132.0,105.55,Organic Search,Credit Card
ORD-202676,2024-09-06,2024-09-08,CUST-3318,SKU-1020,4,81.63,0,326.52,176.0,150.52,Direct,Cash on Delivery
ORD-202676,2024-09-06,2024-09-08,CUST-3318,SKU-1016,4,8.98,0,35.92,12.0,23.92,Direct,Cash on Delivery
ORD-202893,2024-09-06,2024-09-07,CUST-3335,SKU-1020,3,78.26,0,234.78,132.0,102.78,Direct,Cash on Delivery
ORD-200031,2024-09-07,2024-09-10,CUST-3004,SKU-1020,5,80.81,0,404.05,220.0,184.05,Organic Search,Apple Pay
ORD-200031,2024-09-07,2024-09-10,CUST-3004,SKU-1019,4,24.06,15,81.8,44.0,37.8,Organic Search,Apple Pay
ORD-200199,2024-09-07,2024-09-14,CUST-3023,SKU-1003,4,11.51,15,39.13,25.2,13.93,Referral,PayPal
ORD-201040,2024-09-07,2024-09-08,CUST-3119,SKU-1020,4,81.0,15,275.4,176.0,99.4,Email,PayPal
ORD-201104,2024-09-07,2024-09-11,CUST-3122,SKU-1011,1,28.56,0,28.56,12.0,16.56,Direct,Credit Card
ORD-201104,2024-09-07,2024-09-11,CUST-3122,SKU-1008,1,130.64,0,130.64,74.0,56.64,Direct,Credit Card
ORD-201104,2024-09-07,2024-09-11,CUST-3122,SKU-1014,4,12.29,0,49.16,16.4,32.76,Direct,Credit Card
ORD-201221,2024-09-07,2024-09-11,CUST-3138,SKU-1019,3,24.6,10,66.42,33.0,33.42,Organic Search,Bank Transfer
ORD-201221,2024-09-07,2024-09-11,CUST-3138,SKU-1019,4,24.8,0,99.2,44.0,55.2,Organic Search,Bank Transfer
ORD-201354,2024-09-07,2024-09-13,CUST-3154,SKU-1020,3,81.63,0,244.89,132.0,112.89,Email,Bank Transfer
ORD-201354,2024-09-07,2024-09-13,CUST-3154,SKU-1016,2,8.34,0,16.68,6.0,10.68,Email,Bank Transfer
ORD-201354,2024-09-07,2024-09-13,CUST-3154,SKU-1017,2,39.28,0,78.56,42.0,36.56,Email,Bank Transfer
ORD-201466,2024-09-07,2024-09-09,CUST-3171,SKU-1003,2,12.15,0,24.3,12.6,11.7,Social,Cash on Delivery
ORD-201555,2024-09-07,2024-09-09,CUST-3184,SKU-1008,1,132.91,10,119.62,74.0,45.62,Referral,PayPal
ORD-202701,2024-09-07,2024-09-09,CUST-3319,SKU-1010,1,43.03,20,34.42,19.5,14.92,Organic Search,Credit Card
ORD-202779,2024-09-07,2024-09-08,CUST-3325,SKU-1002,4,13.34,10,48.02,29.6,18.42,Direct,Cash on Delivery
ORD-202797,2024-09-07,2024-09-08,CUST-3329,SKU-1019,3,25.41,20,60.98,33.0,27.98,Direct,Cash on Delivery
ORD-202797,2024-09-07,2024-09-08,CUST-3329,SKU-1010,1,43.36,0,43.36,19.5,23.86,Direct,Cash on Delivery
ORD-202797,2024-09-07,2024-09-08,CUST-3329,SKU-1010,1,41.67,15,35.42,19.5,15.92,Direct,Cash on Delivery
ORD-202815,2024-09-07,2024-09-12,CUST-3330,SKU-1020,4,81.02,0,324.08,176.0,148.08,Email,Bank Transfer
ORD-202816,2024-09-07,2024-09-08,CUST-3330,SKU-1003,4,11.54,0,46.16,25.2,20.96,Referral,PayPal
ORD-202816,2024-09-07,2024-09-08,CUST-3330,SKU-1019,4,24.83,15,84.42,44.0,40.42,Referral,PayPal
ORD-200876,2024-09-08,2024-09-14,CUST-3099,SKU-1015,2,9.34,0,18.68,6.4,12.28,Social,Credit Card
ORD-201715,2024-09-08,2024-09-14,CUST-3208,SKU-1018,3,28.16,10,76.03,40.5,35.53,Organic Search,Credit Card
ORD-201715,2024-09-08,2024-09-14,CUST-3208,SKU-1015,2,8.92,10,16.06,6.4,9.66,Organic Search,Credit Card
ORD-201979,2024-09-08,2024-09-13,CUST-3236,SKU-1020,3,77.66,20,186.38,132.0,54.38,Email,Bank Transfer
ORD-201979,2024-09-08,2024-09-13,CUST-3236,SKU-1019,5,23.79,20,95.16,55.0,40.16,Email,Bank Transfer
ORD-202333,2024-09-08,2024-09-13,CUST-3282,SKU-1007,1,441.28,0,441.28,280.0,161.28,Organic Search,PayPal
ORD-202333,2024-09-08,2024-09-13,CUST-3282,SKU-1014,2,11.92,20,19.07,8.2,10.87,Organic Search,PayPal
ORD-202333,2024-09-08,2024-09-13,CUST-3282,SKU-1014,1,11.89,0,11.89,4.1,7.79,Organic Search,PayPal
ORD-202448,2024-09-08,2024-09-13,CUST-3298,SKU-1020,4,83.31,0,333.24,176.0,157.24,Social,Cash on Delivery
ORD-202448,2024-09-08,2024-09-13,CUST-3298,SKU-1019,3,23.52,10,63.5,33.0,30.5,Social,Cash on Delivery
ORD-202677,2024-09-08,2024-09-11,CUST-3318,SKU-1020,4,81.92,0,327.68,176.0,151.68,Email,Credit Card
ORD-202677,2024-09-08,2024-09-11,CUST-3318,SKU-1019,3,24.73,0,74.19,33.0,41.19,Email,Credit Card
ORD-200434,2024-09-09,2024-09-16,CUST-3053,SKU-1019,3,24.5,0,73.5,33.0,40.5,Email,Apple Pay
ORD-200949,2024-09-09,2024-09-11,CUST-3110,SKU-1001,3,14.99,10,40.47,24.6,15.87,Direct,Cash on Delivery
ORD-200949,2024-09-09,2024-09-11,CUST-3110,SKU-1003,2,12.08,0,24.16,12.6,11.56,Direct,Cash on Delivery
ORD-200233,2024-09-10,2024-09-13,CUST-3032,SKU-1010,1,43.29,5,41.13,19.5,21.63,Organic Search,Cash on Delivery
ORD-200233,2024-09-10,2024-09-13,CUST-3032,SKU-1002,4,13.04,10,46.94,29.6,17.34,Organic Search,Cash on Delivery
ORD-200911,2024-09-10,2024-09-15,CUST-3106,SKU-1011,1,29.66,0,29.66,12.0,17.66,Email,PayPal
ORD-200911,2024-09-10,2024-09-15,CUST-3106,SKU-1008,1,135.96,5,129.16,74.0,55.16,Email,PayPal
ORD-200911,2024-09-10,2024-09-15,CUST-3106,SKU-1019,3,24.9,20,59.76,33.0,26.76,Email,PayPal
ORD-201527,2024-09-10,2024-09-14,CUST-3179,SKU-1007,1,448.57,0,448.57,280.0,168.57,Social,Credit Card
ORD-201527,2024-09-10,2024-09-14,CUST-3179,SKU-1002,3,13.06,0,39.18,22.2,16.98,Social,Credit Card
ORD-201824,2024-09-10,2024-09-15,CUST-3217,SKU-1020,4,81.81,0,327.24,176.0,151.24,Email,Credit Card
ORD-202352,2024-09-10,2024-09-12,CUST-3286,SKU-1010,1,42.3,0,42.3,19.5,22.8,Referral,Cash on Delivery
ORD-202506,2024-09-10,2024-09-14,CUST-3304,SKU-1003,5,11.61,5,55.15,31.5,23.65,Social,Apple Pay
ORD-202506,2024-09-10,2024-09-14,CUST-3304,SKU-1019,5,25.08,15,106.59,55.0,51.59,Social,Apple Pay
ORD-202506,2024-09-10,2024-09-14,CUST-3304,SKU-1002,3,13.72,0,41.16,22.2,18.96,Social,Apple Pay
ORD-202610,2024-09-10,2024-09-11,CUST-3312,SKU-1020,3,83.15,10,224.51,132.0,92.51,Social,Bank Transfer
ORD-202610,2024-09-10,2024-09-11,CUST-3312,SKU-1004,2,33.74,5,64.11,35.0,29.11,Social,Bank Transfer
ORD-200245,2024-09-12,2024-09-16,CUST-3033,SKU-1007,1,445.98,0,445.98,280.0,165.98,Direct,Bank Transfer
ORD-200435,2024-09-12,2024-09-17,CUST-3053,SKU-1015,4,8.94,10,32.18,12.8,19.38,Organic Search,Apple Pay
ORD-201481,2024-09-12,2024-09-19,CUST-3172,SKU-1020,3,83.61,20,200.66,132.0,68.66,Direct,Credit Card
ORD-201481,2024-09-12,2024-09-19,CUST-3172,SKU-1019,3,25.31,15,64.54,33.0,31.54,Direct,Credit Card
ORD-201481,2024-09-12,2024-09-19,CUST-3172,SKU-1019,3,24.53,10,66.23,33.0,33.23,Direct,Credit Card
ORD-200005,2024-09-13,2024-09-18,CUST-3001,SKU-1020,2,79.53,0,159.06,88.0,71.06,Email,Cash on Delivery
ORD-200005,2024-09-13,2024-09-18,CUST-3001,SKU-1002,4,12.75,0,51.0,29.6,21.4,Email,Cash on Delivery
ORD-200673,2024-09-13,2024-09-20,CUST-3073,SKU-1006,4,10.28,0,41.12,19.2,21.92,Email,Bank Transfer
ORD-200673,2024-09-13,2024-09-20,CUST-3073,SKU-1014,2,12.66,10,22.79,8.2,14.59,Email,Bank Transfer
ORD-201123,2024-09-13,2024-09-19,CUST-3125,SKU-1009,1,34.52,0,34.52,15.0,19.52,Email,Bank Transfer
ORD-201123,2024-09-13,2024-09-19,CUST-3125,SKU-1017,3,41.15,0,123.45,63.0,60.45,Email,Bank Transfer
ORD-201141,2024-09-13,2024-09-16,CUST-3128,SKU-1010,1,42.09,15,35.78,19.5,16.28,Email,Bank Transfer
ORD-201141,2024-09-13,2024-09-16,CUST-3128,SKU-1019,2,24.5,10,44.1,22.0,22.1,Email,Bank Transfer
ORD-201141,2024-09-13,2024-09-16,CUST-3128,SKU-1015,3,8.85,10,23.89,9.6,14.29,Email,Bank Transfer
ORD-201251,2024-09-13,2024-09-15,CUST-3141,SKU-1016,3,8.52,0,25.56,9.0,16.56,Organic Search,Cash on Delivery
ORD-201825,2024-09-13,2024-09-16,CUST-3217,SKU-1019,3,24.71,10,66.72,33.0,33.72,Organic Search,Cash on Delivery
ORD-201939,2024-09-13,2024-09-17,CUST-3227,SKU-1008,1,127.27,0,127.27,74.0,53.27,Organic Search,Credit Card
ORD-202736,2024-09-13,2024-09-14,CUST-3321,SKU-1006,5,10.07,5,47.83,24.0,23.83,Referral,PayPal
ORD-201684,2024-09-14,2024-09-18,CUST-3203,SKU-1003,4,11.49,0,45.96,25.2,20.76,Direct,Cash on Delivery
ORD-201041,2024-09-15,2024-09-22,CUST-3119,SKU-1007,1,453.58,0,453.58,280.0,173.58,Paid Search,Apple Pay
ORD-201439,2024-09-15,2024-09-20,CUST-3169,SKU-1018,2,26.61,10,47.9,27.0,20.9,Paid Search,Apple Pay
ORD-201556,2024-09-15,2024-09-18,CUST-3184,SKU-1010,1,43.29,0,43.29,19.5,23.79,Organic Search,PayPal
ORD-202186,2024-09-15,2024-09-21,CUST-3257,SKU-1013,4,7.8,0,31.2,9.6,21.6,Referral,PayPal
ORD-202678,2024-09-15,2024-09-21,CUST-3318,SKU-1020,4,81.43,5,309.43,176.0,133.43,Email,PayPal
ORD-200327,2024-09-16,2024-09-18,CUST-3041,SKU-1020,5,80.25,10,361.12,220.0,141.12,Paid Search,Apple Pay
ORD-200327,2024-09-16,2024-09-18,CUST-3041,SKU-1019,3,24.16,20,57.98,33.0,24.98,Paid Search,Apple Pay
ORD-200718,2024-09-16,2024-09-19,CUST-3078,SKU-1005,2,15.61,10,28.1,18.2,9.9,Social,PayPal
ORD-201222,2024-09-16,2024-09-21,CUST-3138,SKU-1019,5,24.61,10,110.75,55.0,55.75,Social,Apple Pay
ORD-201222,2024-09-16,2024-09-21,CUST-3138,SKU-1019,4,24.0,0,96.0,44.0,52.0,Social,Apple Pay
ORD-202200,2024-09-16,2024-09-23,CUST-3258,SKU-1013,2,7.49,0,14.98,4.8,10.18,Paid Search,Bank Transfer
ORD-202200,2024-09-16,2024-09-23,CUST-3258,SKU-1002,4,13.29,0,53.16,29.6,23.56,Paid Search,Bank Transfer
ORD-202200,2024-09-16,2024-09-23,CUST-3258,SKU-1008,1,130.95,10,117.85,74.0,43.85,Paid Search,Bank Transfer
ORD-202507,2024-09-16,2024-09-23,CUST-3304,SKU-1019,3,25.44,0,76.32,33.0,43.32,Referral,Bank Transfer
ORD-202507,2024-09-16,2024-09-23,CUST-3304,SKU-1020,4,80.9,10,291.24,176.0,115.24,Referral,Bank Transfer
ORD-202508,2024-09-17,2024-09-23,CUST-3304,SKU-1019,5,24.12,5,114.57,55.0,59.57,Organic Search,Apple Pay
ORD-202508,2024-09-17,2024-09-23,CUST-3304,SKU-1008,1,129.55,5,123.07,74.0,49.07,Organic Search,Apple Pay
ORD-200708,2024-09-18,2024-09-23,CUST-3075,SKU-1012,4,18.97,0,75.88,26.0,49.88,Organic Search,PayPal
ORD-202087,2024-09-18,2024-09-22,CUST-3242,SKU-1013,3,7.59,0,22.77,7.2,15.57,Referral,PayPal
ORD-201319,2024-09-19,2024-09-24,CUST-3148,SKU-1003,3,11.85,5,33.77,18.9,14.87,Direct,PayPal
ORD-201319,2024-09-19,2024-09-24,CUST-3148,SKU-1012,3,18.11,10,48.9,19.5,29.4,Direct,PayPal
ORD-201319,2024-09-19,2024-09-24,CUST-3148,SKU-1006,2,10.34,0,20.68,9.6,11.08,Direct,PayPal
ORD-201641,2024-09-19,2024-09-23,CUST-3193,SKU-1005,3,15.31,10,41.34,27.3,14.04,Email,Bank Transfer
ORD-202315,2024-09-19,2024-09-23,CUST-3279,SKU-1016,2,8.64,0,17.28,6.0,11.28,Paid Search,Apple Pay
ORD-202963,2024-09-19,2024-09-20,CUST-3349,SKU-1019,5,24.43,20,97.72,55.0,42.72,Organic Search,Bank Transfer
ORD-202963,2024-09-19,2024-09-20,CUST-3349,SKU-1002,3,13.04,5,37.16,22.2,14.96,Organic Search,Bank Transfer
ORD-202963,2024-09-19,2024-09-20,CUST-3349,SKU-1007,1,450.56,10,405.5,280.0,125.5,Organic Search,Bank Transfer
ORD-200155,2024-09-20,2024-09-27,CUST-3018,SKU-1019,2,23.85,0,47.7,22.0,25.7,Social,Apple Pay
ORD-200155,2024-09-20,2024-09-27,CUST-3018,SKU-1004,4,33.65,10,121.14,70.0,51.14,Social,Apple Pay
ORD-200173,2024-09-20,2024-09-22,CUST-3020,SKU-1006,4,10.43,5,39.63,19.2,20.43,Email,Credit Card
ORD-200246,2024-09-20,2024-09-21,CUST-3033,SKU-1020,2,78.16,0,156.32,88.0,68.32,Organic Search,Credit Card
ORD-200246,2024-09-20,2024-09-21,CUST-3033,SKU-1019,4,23.89,10,86.0,44.0,42.0,Organic Search,Credit Card
ORD-200436,2024-09-20,2024-09-26,CUST-3053,SKU-1019,5,24.77,0,123.85,55.0,68.85,Social,Bank Transfer
ORD-200666,2024-09-20,2024-09-24,CUST-3072,SKU-1002,4,13.66,10,49.18,29.6,19.58,Social,PayPal
ORD-200666,2024-09-20,2024-09-24,CUST-3072,SKU-1019,3,23.73,20,56.95,33.0,23.95,Social,PayPal
ORD-200709,2024-09-20,2024-09-24,CUST-3075,SKU-1014,3,12.25,15,31.24,12.3,18.94,Social,Bank Transfer
ORD-200912,2024-09-20,2024-09-27,CUST-3106,SKU-1008,1,132.58,0,132.58,74.0,58.58,Email,Bank Transfer
ORD-200912,2024-09-20,2024-09-27,CUST-3106,SKU-1020,4,82.29,0,329.16,176.0,153.16,Email,Bank Transfer
ORD-200912,2024-09-20,2024-09-27,CUST-3106,SKU-1001,3,15.0,0,45.0,24.6,20.4,Email,Bank Transfer
ORD-201642,2024-09-20,2024-09-25,CUST-3193,SKU-1018,3,27.58,15,70.33,40.5,29.83,Referral,PayPal
ORD-202798,2024-09-20,2024-09-27,CUST-3329,SKU-1004,2,32.54,0,65.08,35.0,30.08,Organic Search,Credit Card
ORD-202901,2024-09-20,2024-09-23,CUST-3338,SKU-1009,1,35.66,0,35.66,15.0,20.66,Referral,PayPal
ORD-201190,2024-09-21,2024-09-22,CUST-3134,SKU-1009,1,33.59,0,33.59,15.0,18.59,Direct,Credit Card
ORD-202400,2024-09-21,2024-09-25,CUST-3289,SKU-1019,5,23.57,0,117.85,55.0,62.85,Email,Credit Card
ORD-202400,2024-09-21,2024-09-25,CUST-3289,SKU-1012,5,18.99,0,94.95,32.5,62.45,Email,Credit Card
ORD-200211,2024-09-22,2024-09-25,CUST-3027,SKU-1005,2,15.38,0,30.76,18.2,12.56,Direct,Credit Card
ORD-201004,2024-09-22,2024-09-26,CUST-3116,SKU-1016,2,8.46,0,16.92,6.0,10.92,Email,Cash on Delivery
ORD-201725,2024-09-22,2024-09-28,CUST-3210,SKU-1020,4,81.3,20,260.16,176.0,84.16,Direct,Cash on Delivery
ORD-201725,2024-09-22,2024-09-28,CUST-3210,SKU-1008,1,128.19,0,128.19,74.0,54.19,Direct,Cash on Delivery
ORD-201868,2024-09-22,2024-09-23,CUST-3220,SKU-1019,4,23.61,20,75.55,44.0,31.55,Organic Search,Credit Card
ORD-201868,2024-09-22,2024-09-23,CUST-3220,SKU-1020,4,77.49,15,263.47,176.0,87.47,Organic Search,Credit Card
ORD-201868,2024-09-22,2024-09-23,CUST-3220,SKU-1014,4,12.3,0,49.2,16.4,32.8,Organic Search,Credit Card
ORD-202467,2024-09-22,2024-09-27,CUST-3301,SKU-1012,5,18.13,0,90.65,32.5,58.15,Social,Cash on Delivery
ORD-202467,2024-09-22,2024-09-27,CUST-3301,SKU-1020,3,81.93,0,245.79,132.0,113.79,Social,Cash on Delivery
ORD-200328,2024-09-23,2024-09-29,CUST-3041,SKU-1013,4,7.89,0,31.56,9.6,21.96,Referral,Credit Card
ORD-200328,2024-09-23,2024-09-29,CUST-3041,SKU-1020,4,80.9,20,258.88,176.0,82.88,Referral,Credit Card
ORD-200979,2024-09-23,2024-09-30,CUST-3113,SKU-1019,5,25.17,0,125.85,55.0,70.85,Email,Cash on Delivery
ORD-201615,2024-09-23,2024-09-29,CUST-3192,SKU-1010,1,42.02,0,42.02,19.5,22.52,Email,Cash on Delivery
ORD-201615,2024-09-23,2024-09-29,CUST-3192,SKU-1020,3,80.99,0,242.97,132.0,110.97,Email,Cash on Delivery
ORD-201615,2024-09-23,2024-09-29,CUST-3192,SKU-1020,4,83.36,10,300.1,176.0,124.1,Email,Cash on Delivery
ORD-200492,2024-09-24,2024-09-30,CUST-3057,SKU-1011,1,29.58,0,29.58,12.0,17.58,Paid Search,Bank Transfer
ORD-202201,2024-09-24,2024-09-30,CUST-3258,SKU-1019,4,24.01,15,81.63,44.0,37.63,Direct,Cash on Delivery
ORD-202201,2024-09-24,2024-09-30,CUST-3258,SKU-1020,4,79.81,10,287.32,176.0,111.32,Direct,Cash on Delivery
ORD-202300,2024-09-24,2024-09-27,CUST-3276,SKU-1016,2,8.59,10,15.46,6.0,9.46,Organic Search,PayPal
ORD-200748,2024-09-25,2024-09-28,CUST-3086,SKU-1015,2,8.83,0,17.66,6.4,11.26,Referral,Cash on Delivery
ORD-201078,2024-09-25,2024-09-29,CUST-3121,SKU-1009,1,35.5,15,30.18,15.0,15.18,Organic Search,Apple Pay
ORD-201078,2024-09-25,2024-09-29,CUST-3121,SKU-1019,3,24.32,0,72.96,33.0,39.96,Organic Search,Apple Pay
ORD-201734,2024-09-25,2024-09-29,CUST-3212,SKU-1012,3,18.21,0,54.63,19.5,35.13,Paid Search,Bank Transfer
ORD-201789,2024-09-25,2024-09-26,CUST-3216,SKU-1020,3,82.02,0,246.06,132.0,114.06,Organic Search,Credit Card
ORD-202433,2024-09-25,2024-09-29,CUST-3292,SKU-1019,2,23.61,20,37.78,22.0,15.78,Referral,Cash on Delivery
ORD-202582,2024-09-25,2024-09-30,CUST-3311,SKU-1002,5,12.8,15,54.4,37.0,17.4,Referral,Cash on Delivery
ORD-202679,2024-09-25,2024-09-29,CUST-3318,SKU-1019,3,24.5,0,73.5,33.0,40.5,Referral,Cash on Delivery
ORD-202679,2024-09-25,2024-09-29,CUST-3318,SKU-1017,5,38.25,0,191.25,105.0,86.25,Referral,Cash on Delivery
ORD-202679,2024-09-25,2024-09-29,CUST-3318,SKU-1019,3,24.07,0,72.21,33.0,39.21,Referral,Cash on Delivery
ORD-200853,2024-09-26,2024-09-28,CUST-3094,SKU-1003,3,12.17,5,34.68,18.9,15.78,Paid Search,Credit Card
ORD-201421,2024-09-26,2024-10-03,CUST-3166,SKU-1008,1,132.51,10,119.26,74.0,45.26,Paid Search,PayPal
ORD-201421,2024-09-26,2024-10-03,CUST-3166,SKU-1016,2,8.86,0,17.72,6.0,11.72,Paid Search,PayPal
ORD-201421,2024-09-26,2024-10-03,CUST-3166,SKU-1018,3,28.55,10,77.09,40.5,36.59,Paid Search,PayPal
ORD-201944,2024-09-26,2024-10-01,CUST-3229,SKU-1002,4,13.18,0,52.72,29.6,23.12,Email,Cash on Delivery
ORD-201944,2024-09-26,2024-10-01,CUST-3229,SKU-1002,2,13.29,10,23.92,14.8,9.12,Email,Cash on Delivery
ORD-200200,2024-09-27,2024-10-03,CUST-3023,SKU-1020,4,83.72,10,301.39,176.0,125.39,Social,Bank Transfer
ORD-200200,2024-09-27,2024-10-03,CUST-3023,SKU-1008,1,128.75,10,115.88,74.0,41.88,Social,Bank Transfer
ORD-200200,2024-09-27,2024-10-03,CUST-3023,SKU-1006,2,10.42,0,20.84,9.6,11.24,Social,Bank Transfer
ORD-201191,2024-09-27,2024-10-02,CUST-3135,SKU-1001,2,14.51,20,23.22,16.4,6.82,Direct,Bank Transfer
ORD-201536,2024-09-27,2024-09-28,CUST-3181,SKU-1019,2,24.9,0,49.8,22.0,27.8,Referral,Bank Transfer
ORD-201536,2024-09-27,2024-09-28,CUST-3181,SKU-1003,2,11.91,0,23.82,12.6,11.22,Referral,Bank Transfer
ORD-202106,2024-09-27,2024-09-28,CUST-3245,SKU-1007,1,463.01,10,416.71,280.0,136.71,Paid Search,Apple Pay
ORD-202106,2024-09-27,2024-09-28,CUST-3245,SKU-1012,3,18.42,10,49.73,19.5,30.23,Paid Search,Apple Pay
ORD-201790,2024-09-28,2024-10-01,CUST-3216,SKU-1001,5,14.75,0,73.75,41.0,32.75,Referral,Bank Transfer
ORD-201790,2024-09-28,2024-10-01,CUST-3216,SKU-1003,5,11.33,0,56.65,31.5,25.15,Referral,Bank Transfer
ORD-201790,2024-09-28,2024-10-01,CUST-3216,SKU-1018,5,27.13,0,135.65,67.5,68.15,Referral,Bank Transfer
ORD-202401,2024-09-28,2024-09-29,CUST-3289,SKU-1020,5,77.63,10,349.33,220.0,129.33,Email,Bank Transfer
ORD-202401,2024-09-28,2024-09-29,CUST-3289,SKU-1001,3,15.31,10,41.34,24.6,16.74,Email,Bank Transfer
ORD-202401,2024-09-28,2024-09-29,CUST-3289,SKU-1003,3,11.46,10,30.94,18.9,12.04,Email,Bank Transfer
ORD-200032,2024-09-29,2024-10-05,CUST-3004,SKU-1020,4,81.62,0,326.48,176.0,150.48,Email,Bank Transfer
ORD-200032,2024-09-29,2024-10-05,CUST-3004,SKU-1006,4,9.81,20,31.39,19.2,12.19,Email,Bank Transfer
ORD-201042,2024-09-29,2024-10-02,CUST-3119,SKU-1020,4,79.94,5,303.77,176.0,127.77,Email,Apple Pay
ORD-201042,2024-09-29,2024-10-02,CUST-3119,SKU-1019,4,24.86,5,94.47,44.0,50.47,Email,Apple Pay
ORD-201869,2024-09-29,2024-10-04,CUST-3220,SKU-1016,5,8.79,0,43.95,15.0,28.95,Direct,Apple Pay
ORD-201595,2024-09-30,2024-10-07,CUST-3191,SKU-1019,2,24.94,15,42.4,22.0,20.4,Email,Credit Card
ORD-201735,2024-09-30,2024-10-06,CUST-3212,SKU-1009,1,35.87,0,35.87,15.0,20.87,Referral,PayPal
ORD-202548,2024-09-30,2024-10-05,CUST-3310,SKU-1013,3,7.72,10,20.84,7.2,13.64,Referral,Cash on Delivery
ORD-202548,2024-09-30,2024-10-05,CUST-3310,SKU-1012,4,18.38,0,73.52,26.0,47.52,Referral,Cash on Delivery
ORD-200018,2024-10-01,2024-10-03,CUST-3003,SKU-1010,1,43.88,10,39.49,19.5,19.99,Direct,Apple Pay
ORD-200018,2024-10-01,2024-10-03,CUST-3003,SKU-1013,2,7.4,0,14.8,4.8,10.0,Direct,Apple Pay
ORD-201736,2024-10-01,2024-10-03,CUST-3212,SKU-1010,1,43.08,0,43.08,19.5,23.58,Social,PayPal
ORD-201870,2024-10-01,2024-10-02,CUST-3220,SKU-1009,1,33.32,15,28.32,15.0,13.32,Paid Search,PayPal
ORD-201870,2024-10-01,2024-10-02,CUST-3220,SKU-1016,3,8.97,10,24.22,9.0,15.22,Paid Search,PayPal
ORD-202509,2024-10-01,2024-10-07,CUST-3304,SKU-1013,5,7.94,0,39.7,12.0,27.7,Direct,Bank Transfer
ORD-202509,2024-10-01,2024-10-07,CUST-3304,SKU-1020,5,82.77,5,393.16,220.0,173.16,Direct,Bank Transfer
ORD-200548,2024-10-02,2024-10-04,CUST-3061,SKU-1015,3,9.07,10,24.49,9.6,14.89,Organic Search,Credit Card
ORD-200548,2024-10-02,2024-10-04,CUST-3061,SKU-1017,3,40.5,10,109.35,63.0,46.35,Organic Search,Credit Card
ORD-202062,2024-10-02,2024-10-06,CUST-3241,SKU-1002,3,13.41,5,38.22,22.2,16.02,Organic Search,Apple Pay
ORD-202148,2024-10-02,2024-10-08,CUST-3247,SKU-1004,3,32.12,5,91.54,52.5,39.04,Email,Cash on Delivery
ORD-202239,2024-10-02,2024-10-04,CUST-3264,SKU-1013,3,7.59,15,19.35,7.2,12.15,Email,Cash on Delivery
ORD-202316,2024-10-02,2024-10-08,CUST-3279,SKU-1007,1,448.64,20,358.91,280.0,78.91,Organic Search,Apple Pay
ORD-200043,2024-10-03,2024-10-09,CUST-3005,SKU-1002,3,13.25,10,35.77,22.2,13.57,Social,Apple Pay
ORD-200210,2024-10-03,2024-10-09,CUST-3026,SKU-1017,2,39.1,20,62.56,42.0,20.56,Social,Bank Transfer
ORD-200549,2024-10-03,2024-10-10,CUST-3061,SKU-1009,1,34.73,10,31.26,15.0,16.26,Organic Search,PayPal
ORD-201422,2024-10-03,2024-10-05,CUST-3166,SKU-1020,4,80.53,0,322.12,176.0,146.12,Email,Cash on Delivery
ORD-201422,2024-10-03,2024-10-05,CUST-3166,SKU-1007,1,451.02,0,451.02,280.0,171.02,Email,Cash on Delivery
ORD-201980,2024-10-03,2024-10-09,CUST-3236,SKU-1001,3,15.12,0,45.36,24.6,20.76,Referral,Apple Pay
ORD-201980,2024-10-03,2024-10-09,CUST-3236,SKU-1019,5,25.08,0,125.4,55.0,70.4,Referral,Apple Pay
ORD-201980,2024-10-03,2024-10-09,CUST-3236,SKU-1019,4,24.7,0,98.8,44.0,54.8,Referral,Apple Pay
ORD-202510,2024-10-03,2024-10-07,CUST-3304,SKU-1019,3,24.01,10,64.83,33.0,31.83,Email,Apple Pay
ORD-202510,2024-10-03,2024-10-07,CUST-3304,SKU-1019,3,24.85,0,74.55,33.0,41.55,Email,Apple Pay
ORD-202511,2024-10-03,2024-10-05,CUST-3304,SKU-1019,4,24.41,20,78.11,44.0,34.11,Referral,Credit Card
ORD-202511,2024-10-03,2024-10-05,CUST-3304,SKU-1013,5,7.92,0,39.6,12.0,27.6,Referral,Credit Card
ORD-200115,2024-10-04,2024-10-09,CUST-3012,SKU-1018,2,28.26,0,56.52,27.0,29.52,Direct,Apple Pay
ORD-200529,2024-10-04,2024-10-11,CUST-3060,SKU-1019,3,24.76,15,63.14,33.0,30.14,Direct,PayPal
ORD-201223,2024-10-04,2024-10-10,CUST-3138,SKU-1009,1,33.36,0,33.36,15.0,18.36,Organic Search,Credit Card
ORD-201223,2024-10-04,2024-10-10,CUST-3138,SKU-1016,5,8.83,0,44.15,15.0,29.15,Organic Search,Credit Card
ORD-201223,2024-10-04,2024-10-10,CUST-3138,SKU-1007,1,475.59,5,451.81,280.0,171.81,Organic Search,Credit Card
ORD-201355,2024-10-04,2024-10-08,CUST-3154,SKU-1019,3,23.8,15,60.69,33.0,27.69,Organic Search,PayPal
ORD-201482,2024-10-04,2024-10-06,CUST-3172,SKU-1005,5,15.54,0,77.7,45.5,32.2,Social,Credit Card
ORD-201482,2024-10-04,2024-10-06,CUST-3172,SKU-1010,1,44.07,0,44.07,19.5,24.57,Social,Credit Card
ORD-201482,2024-10-04,2024-10-06,CUST-3172,SKU-1020,4,80.15,0,320.6,176.0,144.6,Social,Credit Card
ORD-202512,2024-10-04,2024-10-09,CUST-3304,SKU-1019,4,25.32,10,91.15,44.0,47.15,Direct,Bank Transfer
ORD-202937,2024-10-04,2024-10-07,CUST-3348,SKU-1017,2,40.54,0,81.08,42.0,39.08,Email,PayPal
ORD-202364,2024-10-05,2024-10-06,CUST-3288,SKU-1004,2,33.88,20,54.21,35.0,19.21,Referral,Apple Pay
ORD-202364,2024-10-05,2024-10-06,CUST-3288,SKU-1016,4,8.47,15,28.8,12.0,16.8,Referral,Apple Pay
ORD-202643,2024-10-05,2024-10-12,CUST-3317,SKU-1019,5,23.86,10,107.37,55.0,52.37,Direct,Bank Transfer
ORD-202643,2024-10-05,2024-10-12,CUST-3317,SKU-1019,3,25.18,0,75.54,33.0,42.54,Direct,Bank Transfer
ORD-202737,2024-10-05,2024-10-06,CUST-3321,SKU-1017,4,39.74,10,143.06,84.0,59.06,Email,PayPal
ORD-202737,2024-10-05,2024-10-06,CUST-3321,SKU-1019,4,24.86,0,99.44,44.0,55.44,Email,PayPal
ORD-202737,2024-10-05,2024-10-06,CUST-3321,SKU-1019,4,23.59,0,94.36,44.0,50.36,Email,PayPal
ORD-201327,2024-10-06,2024-10-10,CUST-3150,SKU-1013,3,7.71,0,23.13,7.2,15.93,Paid Search,Apple Pay
ORD-201616,2024-10-06,2024-10-13,CUST-3192,SKU-1014,5,12.02,0,60.1,20.5,39.6,Referral,Cash on Delivery
ORD-200437,2024-10-07,2024-10-10,CUST-3053,SKU-1019,3,25.24,20,60.58,33.0,27.58,Social,Bank Transfer
ORD-201289,2024-10-07,2024-10-12,CUST-3143,SKU-1005,3,15.0,5,42.75,27.3,15.45,Email,Bank Transfer
ORD-202014,2024-10-07,2024-10-11,CUST-3239,SKU-1005,2,15.67,5,29.77,18.2,11.57,Direct,Credit Card
ORD-202014,2024-10-07,2024-10-11,CUST-3239,SKU-1020,2,77.62,0,155.24,88.0,67.24,Direct,Credit Card
ORD-202449,2024-10-07,2024-10-12,CUST-3298,SKU-1019,2,24.34,0,48.68,22.0,26.68,Paid Search,PayPal
ORD-201290,2024-10-08,2024-10-14,CUST-3143,SKU-1020,4,82.06,5,311.83,176.0,135.83,Social,Bank Transfer
ORD-201290,2024-10-08,2024-10-14,CUST-3143,SKU-1013,5,7.45,10,33.52,12.0,21.52,Social,Bank Transfer
ORD-201404,2024-10-08,2024-10-11,CUST-3164,SKU-1020,4,82.04,15,278.94,176.0,102.94,Organic Search,Credit Card
ORD-201440,2024-10-08,2024-10-15,CUST-3169,SKU-1017,2,38.74,0,77.48,42.0,35.48,Organic Search,Apple Pay
ORD-201440,2024-10-08,2024-10-15,CUST-3169,SKU-1013,4,7.74,10,27.86,9.6,18.26,Organic Search,Apple Pay
ORD-201440,2024-10-08,2024-10-15,CUST-3169,SKU-1019,4,25.39,20,81.25,44.0,37.25,Organic Search,Apple Pay
ORD-202817,2024-10-08,2024-10-09,CUST-3330,SKU-1020,4,81.76,15,277.98,176.0,101.98,Referral,Apple Pay
ORD-201043,2024-10-09,2024-10-16,CUST-3119,SKU-1006,2,9.86,20,15.78,9.6,6.18,Social,Credit Card
ORD-201368,2024-10-09,2024-10-15,CUST-3155,SKU-1003,2,11.81,0,23.62,12.6,11.02,Referral,PayPal
ORD-201368,2024-10-09,2024-10-15,CUST-3155,SKU-1002,2,13.52,0,27.04,14.8,12.24,Referral,PayPal
ORD-201368,2024-10-09,2024-10-15,CUST-3155,SKU-1010,1,41.74,10,37.57,19.5,18.07,Referral,PayPal
ORD-200782,2024-10-10,2024-10-15,CUST-3088,SKU-1006,4,9.85,15,33.49,19.2,14.29,Social,Apple Pay
ORD-201757,2024-10-10,2024-10-11,CUST-3215,SKU-1005,3,15.84,10,42.77,27.3,15.47,Referral,Apple Pay
ORD-202130,2024-10-10,2024-10-14,CUST-3246,SKU-1019,4,24.35,10,87.66,44.0,43.66,Social,Apple Pay
ORD-202187,2024-10-10,2024-10-11,CUST-3257,SKU-1012,3,18.93,15,48.27,19.5,28.77,Paid Search,Credit Card
ORD-202187,2024-10-10,2024-10-11,CUST-3257,SKU-1020,4,82.24,0,328.96,176.0,152.96,Paid Search,Credit Card
ORD-202583,2024-10-10,2024-10-12,CUST-3311,SKU-1019,3,24.32,0,72.96,33.0,39.96,Direct,Credit Card
ORD-202583,2024-10-10,2024-10-12,CUST-3311,SKU-1020,3,79.33,15,202.29,132.0,70.29,Direct,Credit Card
ORD-200019,2024-10-11,2024-10-15,CUST-3003,SKU-1012,3,17.88,0,53.64,19.5,34.14,Email,Credit Card
ORD-200019,2024-10-11,2024-10-15,CUST-3003,SKU-1003,4,12.01,10,43.24,25.2,18.04,Email,Credit Card
ORD-200020,2024-10-11,2024-10-17,CUST-3003,SKU-1009,1,33.33,10,30.0,15.0,15.0,Referral,Apple Pay
ORD-200020,2024-10-11,2024-10-17,CUST-3003,SKU-1017,2,38.88,20,62.21,42.0,20.21,Referral,Apple Pay
ORD-200020,2024-10-11,2024-10-17,CUST-3003,SKU-1006,3,10.27,0,30.81,14.4,16.41,Referral,Apple Pay
ORD-201044,2024-10-11,2024-10-14,CUST-3119,SKU-1009,1,33.62,0,33.62,15.0,18.62,Email,Credit Card
ORD-201044,2024-10-11,2024-10-14,CUST-3119,SKU-1012,2,18.46,20,29.54,13.0,16.54,Email,Credit Card
ORD-202288,2024-10-11,2024-10-17,CUST-3274,SKU-1011,1,27.64,10,24.88,12.0,12.88,Direct,PayPal
ORD-200438,2024-10-12,2024-10-14,CUST-3053,SKU-1020,3,77.51,10,209.28,132.0,77.28,Social,Apple Pay
ORD-201021,2024-10-12,2024-10-14,CUST-3118,SKU-1014,4,11.93,5,45.33,16.4,28.93,Direct,PayPal
ORD-201021,2024-10-12,2024-10-14,CUST-3118,SKU-1020,4,83.52,0,334.08,176.0,158.08,Direct,PayPal
ORD-201021,2024-10-12,2024-10-14,CUST-3118,SKU-1020,4,79.77,15,271.22,176.0,95.22,Direct,PayPal
ORD-201617,2024-10-12,2024-10-14,CUST-3192,SKU-1019,4,25.1,0,100.4,44.0,56.4,Referral,Bank Transfer
ORD-201617,2024-10-12,2024-10-14,CUST-3192,SKU-1020,3,79.27,5,225.92,132.0,93.92,Referral,Bank Transfer
ORD-202755,2024-10-12,2024-10-19,CUST-3322,SKU-1015,4,9.12,0,36.48,12.8,23.68,Email,Credit Card
ORD-202755,2024-10-12,2024-10-19,CUST-3322,SKU-1019,4,25.05,0,100.2,44.0,56.2,Email,Credit Card
ORD-202755,2024-10-12,2024-10-19,CUST-3322,SKU-1018,4,26.5,0,106.0,54.0,52.0,Email,Credit Card
ORD-202549,2024-10-13,2024-10-20,CUST-3310,SKU-1020,3,77.56,5,221.05,132.0,89.05,Direct,Cash on Delivery
ORD-202549,2024-10-13,2024-10-20,CUST-3310,SKU-1019,3,25.03,0,75.09,33.0,42.09,Direct,Cash on Delivery
ORD-202738,2024-10-13,2024-10-15,CUST-3321,SKU-1020,5,82.44,15,350.37,220.0,130.37,Paid Search,Credit Card
ORD-200221,2024-10-14,2024-10-18,CUST-3030,SKU-1004,4,31.42,5,119.4,70.0,49.4,Email,Bank Transfer
ORD-200749,2024-10-14,2024-10-18,CUST-3086,SKU-1007,1,454.17,10,408.75,280.0,128.75,Organic Search,Cash on Delivery
ORD-200749,2024-10-14,2024-10-18,CUST-3086,SKU-1020,2,78.4,0,156.8,88.0,68.8,Organic Search,Cash on Delivery
ORD-200749,2024-10-14,2024-10-18,CUST-3086,SKU-1011,1,29.21,10,26.29,12.0,14.29,Organic Search,Cash on Delivery
ORD-201871,2024-10-14,2024-10-19,CUST-3220,SKU-1006,3,9.82,10,26.51,14.4,12.11,Referral,Cash on Delivery
ORD-200728,2024-10-15,2024-10-18,CUST-3080,SKU-1004,2,33.11,0,66.22,35.0,31.22,Organic Search,PayPal
ORD-201079,2024-10-15,2024-10-20,CUST-3121,SKU-1012,5,18.43,0,92.15,32.5,59.65,Paid Search,Cash on Delivery
ORD-201079,2024-10-15,2024-10-20,CUST-3121,SKU-1002,3,13.41,0,40.23,22.2,18.03,Paid Search,Cash on Delivery
ORD-201079,2024-10-15,2024-10-20,CUST-3121,SKU-1001,4,14.84,20,47.49,32.8,14.69,Paid Search,Cash on Delivery
ORD-200156,2024-10-16,2024-10-23,CUST-3018,SKU-1009,1,33.58,0,33.58,15.0,18.58,Organic Search,Bank Transfer
ORD-200156,2024-10-16,2024-10-23,CUST-3018,SKU-1019,2,23.83,0,47.66,22.0,25.66,Organic Search,Bank Transfer
ORD-200954,2024-10-16,2024-10-19,CUST-3111,SKU-1016,4,8.93,15,30.36,12.0,18.36,Direct,Apple Pay
ORD-200329,2024-10-17,2024-10-20,CUST-3041,SKU-1004,3,32.28,0,96.84,52.5,44.34,Organic Search,Bank Transfer
ORD-200329,2024-10-17,2024-10-20,CUST-3041,SKU-1020,5,83.66,10,376.47,220.0,156.47,Organic Search,Bank Transfer
ORD-200329,2024-10-17,2024-10-20,CUST-3041,SKU-1020,5,78.7,15,334.47,220.0,114.47,Organic Search,Bank Transfer
ORD-200877,2024-10-17,2024-10-18,CUST-3099,SKU-1009,1,34.89,10,31.4,15.0,16.4,Paid Search,Bank Transfer
ORD-200877,2024-10-17,2024-10-18,CUST-3099,SKU-1020,2,82.88,0,165.76,88.0,77.76,Paid Search,Bank Transfer
ORD-200877,2024-10-17,2024-10-18,CUST-3099,SKU-1018,4,26.9,0,107.6,54.0,53.6,Paid Search,Bank Transfer
ORD-200913,2024-10-17,2024-10-19,CUST-3106,SKU-1008,1,128.1,0,128.1,74.0,54.1,Direct,Bank Transfer
ORD-200913,2024-10-17,2024-10-19,CUST-3106,SKU-1020,5,78.79,10,354.56,220.0,134.56,Direct,Bank Transfer
ORD-200913,2024-10-17,2024-10-19,CUST-3106,SKU-1020,4,77.64,20,248.45,176.0,72.45,Direct,Bank Transfer
ORD-201826,2024-10-17,2024-10-18,CUST-3217,SKU-1013,3,7.88,20,18.91,7.2,11.71,Paid Search,Bank Transfer
ORD-202301,2024-10-17,2024-10-19,CUST-3276,SKU-1012,3,18.92,0,56.76,19.5,37.26,Referral,PayPal
ORD-202301,2024-10-17,2024-10-19,CUST-3276,SKU-1001,2,14.97,0,29.94,16.4,13.54,Referral,PayPal
ORD-202301,2024-10-17,2024-10-19,CUST-3276,SKU-1019,2,24.05,0,48.1,22.0,26.1,Referral,PayPal
ORD-202335,2024-10-17,2024-10-21,CUST-3284,SKU-1010,1,41.4,15,35.19,19.5,15.69,Organic Search,Cash on Delivery
ORD-202422,2024-10-17,2024-10-19,CUST-3291,SKU-1008,1,129.81,20,103.85,74.0,29.85,Social,Credit Card
ORD-202422,2024-10-17,2024-10-19,CUST-3291,SKU-1007,1,469.51,0,469.51,280.0,189.51,Social,Credit Card
ORD-200064,2024-10-18,2024-10-20,CUST-3007,SKU-1019,5,24.67,15,104.85,55.0,49.85,Social,Bank Transfer
ORD-200222,2024-10-18,2024-10-21,CUST-3030,SKU-1016,4,8.83,0,35.32,12.0,23.32,Social,PayPal
ORD-200550,2024-10-18,2024-10-20,CUST-3061,SKU-1019,5,23.71,0,118.55,55.0,63.55,Referral,Cash on Delivery
ORD-201377,2024-10-18,2024-10-20,CUST-3157,SKU-1020,4,77.95,0,311.8,176.0,135.8,Email,Bank Transfer
ORD-202107,2024-10-18,2024-10-22,CUST-3245,SKU-1011,1,27.59,20,22.07,12.0,10.07,Email,Bank Transfer
ORD-202107,2024-10-18,2024-10-22,CUST-3245,SKU-1009,1,34.16,5,32.45,15.0,17.45,Email,Bank Transfer
ORD-202202,2024-10-18,2024-10-21,CUST-3258,SKU-1005,3,15.52,10,41.9,27.3,14.6,Organic Search,PayPal
ORD-202739,2024-10-18,2024-10-19,CUST-3321,SKU-1019,5,24.3,5,115.42,55.0,60.42,Email,Credit Card
ORD-202739,2024-10-18,2024-10-19,CUST-3321,SKU-1012,5,18.07,0,90.35,32.5,57.85,Email,Credit Card
ORD-200065,2024-10-19,2024-10-20,CUST-3007,SKU-1020,4,82.44,0,329.76,176.0,153.76,Social,Credit Card
ORD-200381,2024-10-19,2024-10-21,CUST-3048,SKU-1007,1,468.1,0,468.1,280.0,188.1,Referral,Credit Card
ORD-200475,2024-10-19,2024-10-21,CUST-3054,SKU-1019,5,23.83,0,119.15,55.0,64.15,Social,PayPal
ORD-200475,2024-10-19,2024-10-21,CUST-3054,SKU-1004,3,32.52,0,97.56,52.5,45.06,Social,PayPal
ORD-200475,2024-10-19,2024-10-21,CUST-3054,SKU-1019,5,24.9,5,118.27,55.0,63.27,Social,PayPal
ORD-201894,2024-10-19,2024-10-26,CUST-3222,SKU-1013,3,7.4,20,17.76,7.2,10.56,Paid Search,Apple Pay
ORD-201894,2024-10-19,2024-10-26,CUST-3222,SKU-1020,3,80.89,5,230.54,132.0,98.54,Paid Search,Apple Pay
ORD-202611,2024-10-19,2024-10-20,CUST-3312,SKU-1002,4,13.66,10,49.18,29.6,19.58,Email,PayPal
ORD-202740,2024-10-19,2024-10-26,CUST-3321,SKU-1010,1,41.44,0,41.44,19.5,21.94,Direct,Cash on Delivery
ORD-202989,2024-10-19,2024-10-23,CUST-3350,SKU-1020,3,79.06,0,237.18,132.0,105.18,Email,Bank Transfer
ORD-200914,2024-10-20,2024-10-23,CUST-3106,SKU-1019,3,25.06,0,75.18,33.0,42.18,Direct,Bank Transfer
ORD-200914,2024-10-20,2024-10-23,CUST-3106,SKU-1019,3,24.07,0,72.21,33.0,39.21,Direct,Bank Transfer
ORD-200980,2024-10-20,2024-10-21,CUST-3113,SKU-1020,5,80.84,5,383.99,220.0,163.99,Paid Search,Apple Pay
ORD-200980,2024-10-20,2024-10-21,CUST-3113,SKU-1008,1,131.74,15,111.98,74.0,37.98,Paid Search,Apple Pay
ORD-200980,2024-10-20,2024-10-21,CUST-3113,SKU-1020,3,81.8,0,245.4,132.0,113.4,Paid Search,Apple Pay
ORD-201423,2024-10-20,2024-10-25,CUST-3166,SKU-1010,1,44.25,15,37.61,19.5,18.11,Direct,Credit Card
ORD-201618,2024-10-20,2024-10-26,CUST-3192,SKU-1009,1,33.73,5,32.04,15.0,17.04,Referral,PayPal
ORD-201618,2024-10-20,2024-10-26,CUST-3192,SKU-1002,3,12.77,0,38.31,22.2,16.11,Referral,PayPal
ORD-201653,2024-10-20,2024-10-23,CUST-3198,SKU-1003,2,11.77,0,23.54,12.6,10.94,Social,Bank Transfer
ORD-202149,2024-10-20,2024-10-22,CUST-3247,SKU-1019,4,24.92,0,99.68,44.0,55.68,Organic Search,Credit Card
ORD-202402,2024-10-20,2024-10-26,CUST-3289,SKU-1004,4,32.11,0,128.44,70.0,58.44,Direct,Credit Card
ORD-200021,2024-10-21,2024-10-28,CUST-3003,SKU-1004,3,31.67,0,95.01,52.5,42.51,Social,Apple Pay
ORD-200021,2024-10-21,2024-10-28,CUST-3003,SKU-1013,4,7.66,20,24.51,9.6,14.91,Social,Apple Pay
ORD-200021,2024-10-21,2024-10-28,CUST-3003,SKU-1019,4,25.04,0,100.16,44.0,56.16,Social,Apple Pay
ORD-201022,2024-10-21,2024-10-23,CUST-3118,SKU-1019,3,23.87,0,71.61,33.0,38.61,Organic Search,Credit Card
ORD-201685,2024-10-21,2024-10-26,CUST-3203,SKU-1001,3,15.19,10,41.01,24.6,16.41,Direct,Bank Transfer
ORD-201791,2024-10-21,2024-10-26,CUST-3216,SKU-1018,3,26.55,10,71.69,40.5,31.19,Paid Search,Cash on Delivery
ORD-201791,2024-10-21,2024-10-26,CUST-3216,SKU-1020,4,80.61,0,322.44,176.0,146.44,Paid Search,Cash on Delivery
ORD-202711,2024-10-21,2024-10-23,CUST-3320,SKU-1011,1,29.29,0,29.29,12.0,17.29,Email,Apple Pay
ORD-200133,2024-10-22,2024-10-27,CUST-3015,SKU-1001,2,14.7,20,23.52,16.4,7.12,Direct,Credit Card
ORD-200133,2024-10-22,2024-10-27,CUST-3015,SKU-1020,2,83.43,20,133.49,88.0,45.49,Direct,Credit Card
ORD-200981,2024-10-22,2024-10-25,CUST-3113,SKU-1020,4,82.08,15,279.07,176.0,103.07,Social,PayPal
ORD-200574,2024-10-23,2024-10-27,CUST-3064,SKU-1007,1,444.46,10,400.01,280.0,120.01,Social,Apple Pay
ORD-200575,2024-10-23,2024-10-28,CUST-3064,SKU-1020,4,82.15,15,279.31,176.0,103.31,Social,Bank Transfer
ORD-200575,2024-10-23,2024-10-28,CUST-3064,SKU-1020,2,77.88,0,155.76,88.0,67.76,Social,Bank Transfer
ORD-200575,2024-10-23,2024-10-28,CUST-3064,SKU-1002,2,13.53,0,27.06,14.8,12.26,Social,Bank Transfer
ORD-200742,2024-10-23,2024-10-27,CUST-3084,SKU-1007,1,460.01,0,460.01,280.0,180.01,Direct,Apple Pay
ORD-200982,2024-10-23,2024-10-29,CUST-3113,SKU-1002,3,13.06,0,39.18,22.2,16.98,Referral,Credit Card
ORD-200982,2024-10-23,2024-10-29,CUST-3113,SKU-1020,3,80.47,15,205.2,132.0,73.2,Referral,Credit Card
ORD-201252,2024-10-23,2024-10-25,CUST-3141,SKU-1010,1,42.4,20,33.92,19.5,14.42,Paid Search,Credit Card
ORD-201291,2024-10-23,2024-10-29,CUST-3143,SKU-1002,4,12.84,0,51.36,29.6,21.76,Paid Search,Cash on Delivery
ORD-201291,2024-10-23,2024-10-29,CUST-3143,SKU-1002,3,13.27,15,33.84,22.2,11.64,Paid Search,Cash on Delivery
ORD-201291,2024-10-23,2024-10-29,CUST-3143,SKU-1020,5,78.54,0,392.7,220.0,172.7,Paid Search,Cash on Delivery
ORD-202584,2024-10-23,2024-10-29,CUST-3311,SKU-1005,3,15.57,0,46.71,27.3,19.41,Organic Search,PayPal
ORD-202584,2024-10-23,2024-10-29,CUST-3311,SKU-1019,3,23.73,15,60.51,33.0,27.51,Organic Search,PayPal
ORD-201619,2024-10-24,2024-10-30,CUST-3192,SKU-1019,5,23.83,0,119.15,55.0,64.15,Direct,Cash on Delivery
ORD-201619,2024-10-24,2024-10-30,CUST-3192,SKU-1009,1,35.74,15,30.38,15.0,15.38,Direct,Cash on Delivery
ORD-201619,2024-10-24,2024-10-30,CUST-3192,SKU-1006,3,10.3,0,30.9,14.4,16.5,Direct,Cash on Delivery
ORD-202741,2024-10-24,2024-10-29,CUST-3321,SKU-1014,4,12.24,10,44.06,16.4,27.66,Email,PayPal
ORD-201160,2024-10-25,2024-10-28,CUST-3132,SKU-1019,3,24.46,0,73.38,33.0,40.38,Organic Search,Credit Card
ORD-201160,2024-10-25,2024-10-28,CUST-3132,SKU-1002,3,12.99,0,38.97,22.2,16.77,Organic Search,Credit Card
ORD-202513,2024-10-25,2024-10-27,CUST-3304,SKU-1014,5,11.82,0,59.1,20.5,38.6,Social,Cash on Delivery
ORD-202513,2024-10-25,2024-10-27,CUST-3304,SKU-1019,5,25.17,10,113.27,55.0,58.27,Social,Cash on Delivery
ORD-202862,2024-10-25,2024-11-01,CUST-3334,SKU-1020,4,83.34,10,300.02,176.0,124.02,Organic Search,Credit Card
ORD-202938,2024-10-25,2024-10-30,CUST-3348,SKU-1020,3,79.42,5,226.35,132.0,94.35,Direct,Apple Pay
ORD-202938,2024-10-25,2024-10-30,CUST-3348,SKU-1011,1,28.72,5,27.28,12.0,15.28,Direct,Apple Pay
ORD-202990,2024-10-25,2024-10-27,CUST-3350,SKU-1012,2,17.96,0,35.92,13.0,22.92,Direct,Bank Transfer
ORD-202990,2024-10-25,2024-10-27,CUST-3350,SKU-1018,3,27.41,0,82.23,40.5,41.73,Direct,Bank Transfer
ORD-200269,2024-10-26,2024-11-01,CUST-3036,SKU-1020,3,80.73,0,242.19,132.0,110.19,Referral,PayPal
ORD-200269,2024-10-26,2024-11-01,CUST-3036,SKU-1005,2,15.04,15,25.57,18.2,7.37,Referral,PayPal
ORD-202328,2024-10-26,2024-11-01,CUST-3281,SKU-1012,3,18.58,20,44.59,19.5,25.09,Referral,Credit Card
ORD-202328,2024-10-26,2024-11-01,CUST-3281,SKU-1019,2,24.04,10,43.27,22.0,21.27,Referral,Credit Card
ORD-202818,2024-10-26,2024-10-31,CUST-3330,SKU-1015,4,9.01,10,32.44,12.8,19.64,Direct,Apple Pay
ORD-202818,2024-10-26,2024-10-31,CUST-3330,SKU-1020,3,80.49,0,241.47,132.0,109.47,Direct,Apple Pay
ORD-202818,2024-10-26,2024-10-31,CUST-3330,SKU-1001,3,14.65,20,35.16,24.6,10.56,Direct,Apple Pay
ORD-202863,2024-10-26,2024-10-31,CUST-3334,SKU-1017,5,38.88,15,165.24,105.0,60.24,Referral,Bank Transfer
ORD-202863,2024-10-26,2024-10-31,CUST-3334,SKU-1019,3,23.58,0,70.74,33.0,37.74,Referral,Bank Transfer
ORD-200983,2024-10-27,2024-11-02,CUST-3113,SKU-1019,4,24.43,15,83.06,44.0,39.06,Organic Search,Bank Transfer
ORD-201253,2024-10-27,2024-11-01,CUST-3141,SKU-1016,4,8.55,0,34.2,12.0,22.2,Social,Bank Transfer
ORD-201253,2024-10-27,2024-11-01,CUST-3141,SKU-1004,2,33.07,20,52.91,35.0,17.91,Social,Bank Transfer
ORD-202329,2024-10-27,2024-10-28,CUST-3281,SKU-1005,2,15.7,0,31.4,18.2,13.2,Email,Apple Pay
ORD-202329,2024-10-27,2024-10-28,CUST-3281,SKU-1006,4,10.01,15,34.03,19.2,14.83,Email,Apple Pay
ORD-202329,2024-10-27,2024-10-28,CUST-3281,SKU-1020,3,83.11,15,211.93,132.0,79.93,Email,Apple Pay
ORD-202644,2024-10-27,2024-10-30,CUST-3317,SKU-1019,5,25.25,5,119.94,55.0,64.94,Referral,Bank Transfer
ORD-202644,2024-10-27,2024-10-30,CUST-3317,SKU-1004,5,33.65,0,168.25,87.5,80.75,Referral,Bank Transfer
ORD-202761,2024-10-27,2024-10-31,CUST-3324,SKU-1018,3,26.95,5,76.81,40.5,36.31,Organic Search,Bank Transfer
ORD-202836,2024-10-27,2024-10-28,CUST-3332,SKU-1020,4,79.58,0,318.32,176.0,142.32,Email,Credit Card
ORD-202836,2024-10-27,2024-10-28,CUST-3332,SKU-1019,4,23.98,20,76.74,44.0,32.74,Email,Credit Card
ORD-202836,2024-10-27,2024-10-28,CUST-3332,SKU-1003,2,12.15,0,24.3,12.6,11.7,Email,Credit Card
ORD-200284,2024-10-29,2024-10-30,CUST-3038,SKU-1003,4,11.92,10,42.91,25.2,17.71,Social,Bank Transfer
ORD-200551,2024-10-29,2024-11-01,CUST-3061,SKU-1020,5,79.15,5,375.96,220.0,155.96,Paid Search,PayPal
ORD-200551,2024-10-29,2024-11-01,CUST-3061,SKU-1020,4,83.33,0,333.32,176.0,157.32,Paid Search,PayPal
ORD-200551,2024-10-29,2024-11-01,CUST-3061,SKU-1017,5,40.88,20,163.52,105.0,58.52,Paid Search,PayPal
ORD-200733,2024-10-29,2024-10-31,CUST-3081,SKU-1019,2,24.66,0,49.32,22.0,27.32,Social,Apple Pay
ORD-201441,2024-10-29,2024-11-05,CUST-3169,SKU-1013,3,7.61,15,19.41,7.2,12.21,Paid Search,Cash on Delivery
ORD-201441,2024-10-29,2024-11-05,CUST-3169,SKU-1001,4,14.67,0,58.68,32.8,25.88,Paid Search,Cash on Delivery
ORD-201507,2024-10-29,2024-11-04,CUST-3173,SKU-1019,3,25.07,0,75.21,33.0,42.21,Direct,Cash on Delivery
ORD-201507,2024-10-29,2024-11-04,CUST-3173,SKU-1019,4,24.4,0,97.6,44.0,53.6,Direct,Cash on Delivery
ORD-201507,2024-10-29,2024-11-04,CUST-3173,SKU-1020,2,78.65,10,141.57,88.0,53.57,Direct,Cash on Delivery
ORD-202585,2024-10-29,2024-11-05,CUST-3311,SKU-1019,3,24.25,10,65.48,33.0,32.48,Referral,Bank Transfer
ORD-202585,2024-10-29,2024-11-05,CUST-3311,SKU-1020,4,80.07,10,288.25,176.0,112.25,Referral,Bank Transfer
ORD-200611,2024-10-30,2024-11-06,CUST-3067,SKU-1013,4,7.37,15,25.06,9.6,15.46,Organic Search,Cash on Delivery
ORD-200611,2024-10-30,2024-11-06,CUST-3067,SKU-1002,4,13.14,0,52.56,29.6,22.96,Organic Search,Cash on Delivery
ORD-200611,2024-10-30,2024-11-06,CUST-3067,SKU-1019,4,24.14,10,86.9,44.0,42.9,Organic Search,Cash on Delivery
ORD-201827,2024-10-30,2024-11-02,CUST-3217,SKU-1018,5,27.34,0,136.7,67.5,69.2,Referral,Apple Pay
ORD-201827,2024-10-30,2024-11-02,CUST-3217,SKU-1019,4,23.74,0,94.96,44.0,50.96,Referral,Apple Pay
ORD-201345,2024-10-31,2024-11-06,CUST-3151,SKU-1011,1,27.95,0,27.95,12.0,15.95,Paid Search,Credit Card
ORD-201483,2024-10-31,2024-11-01,CUST-3172,SKU-1019,4,23.89,0,95.56,44.0,51.56,Referral,Bank Transfer
ORD-201483,2024-10-31,2024-11-01,CUST-3172,SKU-1001,5,15.2,10,68.4,41.0,27.4,Referral,Bank Transfer
ORD-201557,2024-10-31,2024-11-07,CUST-3184,SKU-1005,3,14.83,0,44.49,27.3,17.19,Social,PayPal
ORD-201828,2024-10-31,2024-11-01,CUST-3217,SKU-1020,3,78.94,10,213.14,132.0,81.14,Organic Search,Apple Pay
ORD-202586,2024-10-31,2024-11-07,CUST-3311,SKU-1019,4,24.73,10,89.03,44.0,45.03,Email,Cash on Delivery
ORD-200044,2024-11-01,2024-11-05,CUST-3005,SKU-1019,2,25.13,5,47.75,22.0,25.75,Paid Search,Cash on Delivery
ORD-200044,2024-11-01,2024-11-05,CUST-3005,SKU-1020,4,80.63,10,290.27,176.0,114.27,Paid Search,Cash on Delivery
ORD-200493,2024-11-01,2024-11-07,CUST-3057,SKU-1019,3,25.26,0,75.78,33.0,42.78,Paid Search,Cash on Delivery
ORD-200590,2024-11-01,2024-11-03,CUST-3066,SKU-1008,1,130.45,0,130.45,74.0,56.45,Referral,Bank Transfer
ORD-200590,2024-11-01,2024-11-03,CUST-3066,SKU-1006,3,10.47,20,25.13,14.4,10.73,Referral,Bank Transfer
ORD-200590,2024-11-01,2024-11-03,CUST-3066,SKU-1015,4,8.84,5,33.59,12.8,20.79,Referral,Bank Transfer
ORD-201023,2024-11-01,2024-11-06,CUST-3118,SKU-1019,3,25.4,0,76.2,33.0,43.2,Paid Search,PayPal
ORD-201758,2024-11-01,2024-11-07,CUST-3215,SKU-1016,4,8.98,20,28.74,12.0,16.74,Referral,Apple Pay
ORD-201758,2024-11-01,2024-11-07,CUST-3215,SKU-1008,1,135.6,5,128.82,74.0,54.82,Referral,Apple Pay
ORD-200476,2024-11-02,2024-11-04,CUST-3054,SKU-1007,1,451.62,10,406.46,280.0,126.46,Direct,PayPal
ORD-200890,2024-11-02,2024-11-08,CUST-3101,SKU-1003,2,11.78,10,21.2,12.6,8.6,Organic Search,PayPal
ORD-201224,2024-11-02,2024-11-03,CUST-3138,SKU-1007,1,448.39,15,381.13,280.0,101.13,Referral,Apple Pay
ORD-201224,2024-11-02,2024-11-03,CUST-3138,SKU-1020,4,79.5,0,318.0,176.0,142.0,Referral,Apple Pay
ORD-201426,2024-11-02,2024-11-08,CUST-3167,SKU-1009,1,34.93,20,27.94,15.0,12.94,Social,Cash on Delivery
ORD-201426,2024-11-02,2024-11-08,CUST-3167,SKU-1019,2,25.16,15,42.77,22.0,20.77,Social,Cash on Delivery
ORD-201921,2024-11-02,2024-11-08,CUST-3225,SKU-1019,4,24.05,0,96.2,44.0,52.2,Referral,Bank Transfer
ORD-201921,2024-11-02,2024-11-08,CUST-3225,SKU-1009,1,33.81,15,28.74,15.0,13.74,Referral,Bank Transfer
ORD-200091,2024-11-03,2024-11-06,CUST-3008,SKU-1015,4,8.87,0,35.48,12.8,22.68,Social,PayPal
ORD-200091,2024-11-03,2024-11-06,CUST-3008,SKU-1020,3,81.72,10,220.64,132.0,88.64,Social,PayPal
ORD-200955,2024-11-03,2024-11-07,CUST-3111,SKU-1019,3,24.18,0,72.54,33.0,39.54,Paid Search,Credit Card
ORD-201356,2024-11-03,2024-11-08,CUST-3154,SKU-1003,4,12.1,0,48.4,25.2,23.2,Social,Credit Card
ORD-201356,2024-11-03,2024-11-08,CUST-3154,SKU-1008,1,130.66,0,130.66,74.0,56.66,Social,Credit Card
ORD-202063,2024-11-03,2024-11-04,CUST-3241,SKU-1020,3,80.73,0,242.19,132.0,110.19,Social,Cash on Delivery
ORD-202468,2024-11-03,2024-11-05,CUST-3301,SKU-1019,4,24.22,0,96.88,44.0,52.88,Email,Apple Pay
ORD-202468,2024-11-03,2024-11-05,CUST-3301,SKU-1012,4,18.38,10,66.17,26.0,40.17,Email,Apple Pay
ORD-200330,2024-11-04,2024-11-09,CUST-3041,SKU-1020,3,78.52,0,235.56,132.0,103.56,Organic Search,Cash on Delivery
ORD-201981,2024-11-04,2024-11-08,CUST-3236,SKU-1020,5,81.0,0,405.0,220.0,185.0,Paid Search,Apple Pay
ORD-202762,2024-11-04,2024-11-11,CUST-3324,SKU-1019,3,23.74,15,60.54,33.0,27.54,Referral,Cash on Delivery
ORD-202762,2024-11-04,2024-11-11,CUST-3324,SKU-1019,4,23.93,0,95.72,44.0,51.72,Referral,Cash on Delivery
ORD-200818,2024-11-05,2024-11-09,CUST-3089,SKU-1020,5,77.75,0,388.75,220.0,168.75,Direct,Apple Pay
ORD-200818,2024-11-05,2024-11-09,CUST-3089,SKU-1001,5,14.78,0,73.9,41.0,32.9,Direct,Apple Pay
ORD-200818,2024-11-05,2024-11-09,CUST-3089,SKU-1020,5,77.84,20,311.36,220.0,91.36,Direct,Apple Pay
ORD-201558,2024-11-05,2024-11-06,CUST-3184,SKU-1016,3,8.67,10,23.41,9.0,14.41,Email,PayPal
ORD-202514,2024-11-05,2024-11-11,CUST-3304,SKU-1009,1,34.54,10,31.09,15.0,16.09,Paid Search,Cash on Delivery
ORD-202514,2024-11-05,2024-11-11,CUST-3304,SKU-1020,5,79.26,0,396.3,220.0,176.3,Paid Search,Cash on Delivery
ORD-202514,2024-11-05,2024-11-11,CUST-3304,SKU-1006,4,10.32,10,37.15,19.2,17.95,Paid Search,Cash on Delivery
ORD-202587,2024-11-05,2024-11-08,CUST-3311,SKU-1019,3,25.01,0,75.03,33.0,42.03,Social,Bank Transfer
ORD-202742,2024-11-05,2024-11-06,CUST-3321,SKU-1006,5,9.89,10,44.51,24.0,20.51,Paid Search,Bank Transfer
ORD-202916,2024-11-05,2024-11-09,CUST-3342,SKU-1017,4,39.98,0,159.92,84.0,75.92,Direct,Cash on Delivery
ORD-202916,2024-11-05,2024-11-09,CUST-3342,SKU-1018,4,28.43,10,102.35,54.0,48.35,Direct,Cash on Delivery
ORD-202916,2024-11-05,2024-11-09,CUST-3342,SKU-1019,3,24.9,0,74.7,33.0,41.7,Direct,Cash on Delivery
ORD-200695,2024-11-06,2024-11-09,CUST-3074,SKU-1004,3,33.12,5,94.39,52.5,41.89,Direct,PayPal
ORD-201024,2024-11-06,2024-11-13,CUST-3118,SKU-1002,4,12.89,5,48.98,29.6,19.38,Paid Search,Cash on Delivery
ORD-201142,2024-11-06,2024-11-13,CUST-3128,SKU-1020,3,82.28,15,209.81,132.0,77.81,Paid Search,Bank Transfer
ORD-201142,2024-11-06,2024-11-13,CUST-3128,SKU-1017,3,40.12,0,120.36,63.0,57.36,Paid Search,Bank Transfer
ORD-201142,2024-11-06,2024-11-13,CUST-3128,SKU-1019,4,24.94,10,89.78,44.0,45.78,Paid Search,Bank Transfer
ORD-201225,2024-11-06,2024-11-11,CUST-3138,SKU-1019,4,23.56,10,84.82,44.0,40.82,Social,Apple Pay
ORD-201225,2024-11-06,2024-11-11,CUST-3138,SKU-1020,3,80.12,15,204.31,132.0,72.31,Social,Apple Pay
ORD-201620,2024-11-06,2024-11-10,CUST-3192,SKU-1020,3,81.63,0,244.89,132.0,112.89,Email,Credit Card
ORD-201620,2024-11-06,2024-11-10,CUST-3192,SKU-1004,4,33.42,0,133.68,70.0,63.68,Email,Credit Card
ORD-201620,2024-11-06,2024-11-10,CUST-3192,SKU-1019,3,23.84,10,64.37,33.0,31.37,Email,Credit Card
ORD-201660,2024-11-06,2024-11-10,CUST-3199,SKU-1019,4,24.66,10,88.78,44.0,44.78,Organic Search,Apple Pay
ORD-201660,2024-11-06,2024-11-10,CUST-3199,SKU-1012,4,17.95,0,71.8,26.0,45.8,Organic Search,Apple Pay
ORD-200180,2024-11-07,2024-11-12,CUST-3022,SKU-1019,4,23.6,10,84.96,44.0,40.96,Organic Search,Credit Card
ORD-200180,2024-11-07,2024-11-12,CUST-3022,SKU-1008,1,128.93,20,103.14,74.0,29.14,Organic Search,Credit Card
ORD-200181,2024-11-07,2024-11-10,CUST-3022,SKU-1002,4,12.85,5,48.83,29.6,19.23,Paid Search,PayPal
ORD-200234,2024-11-07,2024-11-14,CUST-3032,SKU-1018,3,27.56,15,70.28,40.5,29.78,Paid Search,Bank Transfer
ORD-200915,2024-11-07,2024-11-10,CUST-3106,SKU-1019,5,24.11,0,120.55,55.0,65.55,Social,Credit Card
ORD-200933,2024-11-07,2024-11-09,CUST-3108,SKU-1019,2,25.23,0,50.46,22.0,28.46,Social,Apple Pay
ORD-201357,2024-11-07,2024-11-09,CUST-3154,SKU-1008,1,132.14,0,132.14,74.0,58.14,Organic Search,Cash on Delivery
ORD-202712,2024-11-07,2024-11-11,CUST-3320,SKU-1020,3,81.93,0,245.79,132.0,113.79,Social,PayPal
ORD-202712,2024-11-07,2024-11-11,CUST-3320,SKU-1019,2,24.78,0,49.56,22.0,27.56,Social,PayPal
ORD-202712,2024-11-07,2024-11-11,CUST-3320,SKU-1009,1,33.71,0,33.71,15.0,18.71,Social,PayPal
ORD-201661,2024-11-08,2024-11-13,CUST-3199,SKU-1020,4,79.63,10,286.67,176.0,110.67,Organic Search,Bank Transfer
ORD-201661,2024-11-08,2024-11-13,CUST-3199,SKU-1019,4,24.31,0,97.24,44.0,53.24,Organic Search,Bank Transfer
ORD-200331,2024-11-09,2024-11-15,CUST-3041,SKU-1010,1,42.68,0,42.68,19.5,23.18,Social,PayPal
ORD-200331,2024-11-09,2024-11-15,CUST-3041,SKU-1019,3,24.29,20,58.3,33.0,25.3,Social,PayPal
ORD-201442,2024-11-09,2024-11-16,CUST-3169,SKU-1019,2,25.41,10,45.74,22.0,23.74,Paid Search,Credit Card
ORD-201484,2024-11-09,2024-11-13,CUST-3172,SKU-1007,1,453.89,10,408.5,280.0,128.5,Direct,Bank Transfer
ORD-202150,2024-11-09,2024-11-14,CUST-3247,SKU-1017,3,39.42,0,118.26,63.0,55.26,Email,Bank Transfer
ORD-202403,2024-11-09,2024-11-14,CUST-3289,SKU-1019,4,24.47,0,97.88,44.0,53.88,Organic Search,Cash on Delivery
ORD-202469,2024-11-09,2024-11-13,CUST-3301,SKU-1019,5,24.8,0,124.0,55.0,69.0,Email,Credit Card
ORD-202680,2024-11-09,2024-11-14,CUST-3318,SKU-1019,3,24.81,0,74.43,33.0,41.43,Organic Search,Apple Pay
ORD-202680,2024-11-09,2024-11-14,CUST-3318,SKU-1020,5,78.94,5,374.96,220.0,154.96,Organic Search,Apple Pay
ORD-200439,2024-11-10,2024-11-11,CUST-3053,SKU-1020,4,81.33,5,309.05,176.0,133.05,Email,Credit Card
ORD-200439,2024-11-10,2024-11-11,CUST-3053,SKU-1010,1,44.12,10,39.71,19.5,20.21,Email,Credit Card
ORD-201046,2024-11-10,2024-11-11,CUST-3120,SKU-1018,3,26.71,15,68.11,40.5,27.61,Email,PayPal
ORD-201046,2024-11-10,2024-11-11,CUST-3120,SKU-1007,1,464.67,0,464.67,280.0,184.67,Email,PayPal
ORD-201292,2024-11-10,2024-11-17,CUST-3143,SKU-1019,5,24.64,0,123.2,55.0,68.2,Organic Search,Credit Card
ORD-201292,2024-11-10,2024-11-17,CUST-3143,SKU-1020,4,82.17,0,328.68,176.0,152.68,Organic Search,Credit Card
ORD-201293,2024-11-10,2024-11-12,CUST-3143,SKU-1019,4,24.02,0,96.08,44.0,52.08,Direct,Cash on Delivery
ORD-201293,2024-11-10,2024-11-12,CUST-3143,SKU-1019,3,23.73,0,71.19,33.0,38.19,Direct,Cash on Delivery
ORD-200066,2024-11-11,2024-11-15,CUST-3007,SKU-1006,5,10.47,0,52.35,24.0,28.35,Direct,Bank Transfer
ORD-200066,2024-11-11,2024-11-15,CUST-3007,SKU-1019,5,24.55,0,122.75,55.0,67.75,Direct,Bank Transfer
ORD-200066,2024-11-11,2024-11-15,CUST-3007,SKU-1007,1,458.04,0,458.04,280.0,178.04,Direct,Bank Transfer
ORD-200440,2024-11-12,2024-11-19,CUST-3053,SKU-1018,5,26.85,15,114.11,67.5,46.61,Paid Search,Apple Pay
ORD-200440,2024-11-12,2024-11-19,CUST-3053,SKU-1011,1,29.22,0,29.22,12.0,17.22,Paid Search,Apple Pay
ORD-200440,2024-11-12,2024-11-19,CUST-3053,SKU-1001,3,14.68,5,41.84,24.6,17.24,Paid Search,Apple Pay
ORD-200696,2024-11-12,2024-11-16,CUST-3074,SKU-1004,4,33.32,0,133.28,70.0,63.28,Direct,Bank Transfer
ORD-201080,2024-11-12,2024-11-18,CUST-3121,SKU-1011,1,29.58,5,28.1,12.0,16.1,Paid Search,PayPal
ORD-201080,2024-11-12,2024-11-18,CUST-3121,SKU-1014,5,11.96,0,59.8,20.5,39.3,Paid Search,PayPal
ORD-201080,2024-11-12,2024-11-18,CUST-3121,SKU-1020,5,82.96,0,414.8,220.0,194.8,Paid Search,PayPal
ORD-201662,2024-11-12,2024-11-18,CUST-3199,SKU-1011,1,27.92,5,26.52,12.0,14.52,Direct,PayPal
ORD-201792,2024-11-12,2024-11-15,CUST-3216,SKU-1019,3,24.07,10,64.99,33.0,31.99,Email,Bank Transfer
ORD-201792,2024-11-12,2024-11-15,CUST-3216,SKU-1020,5,79.18,0,395.9,220.0,175.9,Email,Bank Transfer
ORD-201907,2024-11-12,2024-11-14,CUST-3223,SKU-1009,1,33.49,0,33.49,15.0,18.49,Paid Search,PayPal
ORD-201451,2024-11-13,2024-11-15,CUST-3170,SKU-1008,1,134.65,0,134.65,74.0,60.65,Paid Search,Apple Pay
ORD-201451,2024-11-13,2024-11-15,CUST-3170,SKU-1003,3,11.41,0,34.23,18.9,15.33,Paid Search,Apple Pay
ORD-201982,2024-11-13,2024-11-20,CUST-3236,SKU-1008,1,128.28,15,109.04,74.0,35.04,Paid Search,PayPal
ORD-202550,2024-11-13,2024-11-14,CUST-3310,SKU-1010,1,42.48,10,38.23,19.5,18.73,Direct,Apple Pay
ORD-202550,2024-11-13,2024-11-14,CUST-3310,SKU-1020,4,80.15,10,288.54,176.0,112.54,Direct,Apple Pay
ORD-202550,2024-11-13,2024-11-14,CUST-3310,SKU-1020,3,82.92,5,236.32,132.0,104.32,Direct,Apple Pay
ORD-202681,2024-11-13,2024-11-15,CUST-3318,SKU-1008,1,132.96,0,132.96,74.0,58.96,Social,Cash on Delivery
ORD-200349,2024-11-14,2024-11-15,CUST-3042,SKU-1019,4,25.02,10,90.07,44.0,46.07,Organic Search,Credit Card
ORD-200349,2024-11-14,2024-11-15,CUST-3042,SKU-1015,2,9.3,0,18.6,6.4,12.2,Organic Search,Credit Card
ORD-200349,2024-11-14,2024-11-15,CUST-3042,SKU-1017,3,40.91,15,104.32,63.0,41.32,Organic Search,Credit Card
ORD-200441,2024-11-14,2024-11-21,CUST-3053,SKU-1019,5,24.23,20,96.92,55.0,41.92,Paid Search,Bank Transfer
ORD-200498,2024-11-14,2024-11-18,CUST-3058,SKU-1019,3,23.58,0,70.74,33.0,37.74,Direct,PayPal
ORD-200498,2024-11-14,2024-11-18,CUST-3058,SKU-1001,2,14.66,5,27.85,16.4,11.45,Direct,PayPal
ORD-200734,2024-11-14,2024-11-18,CUST-3081,SKU-1016,3,8.78,0,26.34,9.0,17.34,Organic Search,Apple Pay
ORD-200734,2024-11-14,2024-11-18,CUST-3081,SKU-1018,3,28.02,0,84.06,40.5,43.56,Organic Search,Apple Pay
ORD-200734,2024-11-14,2024-11-18,CUST-3081,SKU-1005,3,15.02,15,38.3,27.3,11.0,Organic Search,Apple Pay
ORD-201081,2024-11-14,2024-11-18,CUST-3121,SKU-1001,4,14.77,10,53.17,32.8,20.37,Organic Search,Cash on Delivery
ORD-202244,2024-11-14,2024-11-19,CUST-3266,SKU-1004,2,31.42,10,56.56,35.0,21.56,Paid Search,Cash on Delivery
ORD-202244,2024-11-14,2024-11-19,CUST-3266,SKU-1018,2,28.03,10,50.45,27.0,23.45,Paid Search,Cash on Delivery
ORD-202244,2024-11-14,2024-11-19,CUST-3266,SKU-1009,1,35.54,15,30.21,15.0,15.21,Paid Search,Cash on Delivery
ORD-200511,2024-11-15,2024-11-17,CUST-3059,SKU-1019,3,24.88,20,59.71,33.0,26.71,Referral,Apple Pay
ORD-201226,2024-11-15,2024-11-19,CUST-3138,SKU-1020,5,80.13,10,360.58,220.0,140.58,Social,PayPal
ORD-202212,2024-11-15,2024-11-16,CUST-3259,SKU-1019,2,24.39,10,43.9,22.0,21.9,Direct,PayPal
ORD-202212,2024-11-15,2024-11-16,CUST-3259,SKU-1020,3,82.71,20,198.5,132.0,66.5,Direct,PayPal
ORD-202365,2024-11-15,2024-11-17,CUST-3288,SKU-1010,1,44.19,0,44.19,19.5,24.69,Referral,Bank Transfer
ORD-202939,2024-11-15,2024-11-22,CUST-3348,SKU-1009,1,34.22,0,34.22,15.0,19.22,Social,Apple Pay
ORD-200552,2024-11-17,2024-11-19,CUST-3061,SKU-1019,5,23.89,0,119.45,55.0,64.45,Organic Search,PayPal
ORD-201025,2024-11-17,2024-11-22,CUST-3118,SKU-1003,4,11.42,5,43.4,25.2,18.2,Paid Search,Apple Pay
ORD-201105,2024-11-17,2024-11-19,CUST-3122,SKU-1020,3,80.52,10,217.4,132.0,85.4,Email,Cash on Delivery
ORD-201485,2024-11-17,2024-11-20,CUST-3172,SKU-1014,4,12.18,0,48.72,16.4,32.32,Direct,Apple Pay
ORD-201485,2024-11-17,2024-11-20,CUST-3172,SKU-1019,4,24.49,10,88.16,44.0,44.16,Direct,Apple Pay
ORD-201485,2024-11-17,2024-11-20,CUST-3172,SKU-1014,5,12.56,0,62.8,20.5,42.3,Direct,Apple Pay
ORD-201522,2024-11-17,2024-11-22,CUST-3177,SKU-1008,1,132.86,20,106.29,74.0,32.29,Paid Search,Credit Card
ORD-200067,2024-11-18,2024-11-22,CUST-3007,SKU-1012,3,18.9,15,48.19,19.5,28.69,Social,Apple Pay
ORD-200067,2024-11-18,2024-11-22,CUST-3007,SKU-1019,3,24.77,5,70.59,33.0,37.59,Social,Apple Pay
ORD-200710,2024-11-18,2024-11-23,CUST-3075,SKU-1014,3,11.79,0,35.37,12.3,23.07,Organic Search,Cash on Delivery
ORD-200723,2024-11-18,2024-11-23,CUST-3079,SKU-1019,4,23.55,0,94.2,44.0,50.2,Direct,Apple Pay
ORD-200723,2024-11-18,2024-11-23,CUST-3079,SKU-1019,3,24.21,10,65.37,33.0,32.37,Direct,Apple Pay
ORD-200723,2024-11-18,2024-11-23,CUST-3079,SKU-1019,2,23.59,0,47.18,22.0,25.18,Direct,Apple Pay
ORD-202366,2024-11-18,2024-11-20,CUST-3288,SKU-1012,4,19.07,15,64.84,26.0,38.84,Referral,Cash on Delivery
ORD-202515,2024-11-18,2024-11-24,CUST-3304,SKU-1010,1,43.03,0,43.03,19.5,23.53,Paid Search,Credit Card
ORD-202515,2024-11-18,2024-11-24,CUST-3304,SKU-1019,5,25.35,20,101.4,55.0,46.4,Paid Search,Credit Card
ORD-200092,2024-11-19,2024-11-20,CUST-3008,SKU-1017,3,38.66,0,115.98,63.0,52.98,Email,Bank Transfer
ORD-200247,2024-11-19,2024-11-22,CUST-3033,SKU-1001,3,14.25,0,42.75,24.6,18.15,Referral,Bank Transfer
ORD-200248,2024-11-19,2024-11-23,CUST-3033,SKU-1020,3,80.23,0,240.69,132.0,108.69,Direct,Credit Card
ORD-200553,2024-11-19,2024-11-23,CUST-3061,SKU-1017,5,40.88,0,204.4,105.0,99.4,Email,PayPal
ORD-200553,2024-11-19,2024-11-23,CUST-3061,SKU-1013,5,7.38,0,36.9,12.0,24.9,Email,PayPal
ORD-200783,2024-11-20,2024-11-22,CUST-3088,SKU-1019,5,23.8,0,119.0,55.0,64.0,Paid Search,Bank Transfer
ORD-200783,2024-11-20,2024-11-22,CUST-3088,SKU-1020,3,78.78,0,236.34,132.0,104.34,Paid Search,Bank Transfer
ORD-200783,2024-11-20,2024-11-22,CUST-3088,SKU-1015,5,9.08,10,40.86,16.0,24.86,Paid Search,Bank Transfer
ORD-201227,2024-11-20,2024-11-21,CUST-3138,SKU-1019,4,24.57,0,98.28,44.0,54.28,Paid Search,Apple Pay
ORD-201737,2024-11-20,2024-11-27,CUST-3212,SKU-1013,4,7.6,0,30.4,9.6,20.8,Organic Search,PayPal
ORD-201737,2024-11-20,2024-11-27,CUST-3212,SKU-1017,3,38.54,0,115.62,63.0,52.62,Organic Search,PayPal
ORD-201737,2024-11-20,2024-11-27,CUST-3212,SKU-1004,3,32.34,15,82.47,52.5,29.97,Organic Search,PayPal
ORD-202588,2024-11-20,2024-11-21,CUST-3311,SKU-1019,4,24.7,5,93.86,44.0,49.86,Paid Search,PayPal
ORD-202964,2024-11-20,2024-11-21,CUST-3349,SKU-1019,5,24.99,10,112.45,55.0,57.45,Referral,PayPal
ORD-200285,2024-11-21,2024-11-25,CUST-3038,SKU-1010,1,42.17,10,37.95,19.5,18.45,Organic Search,Cash on Delivery
ORD-200697,2024-11-21,2024-11-25,CUST-3074,SKU-1003,3,12.1,0,36.3,18.9,17.4,Direct,PayPal
ORD-201082,2024-11-21,2024-11-22,CUST-3121,SKU-1020,3,78.36,0,235.08,132.0,103.08,Email,Credit Card
ORD-201082,2024-11-21,2024-11-22,CUST-3121,SKU-1018,5,27.36,0,136.8,67.5,69.3,Email,Credit Card
ORD-201082,2024-11-21,2024-11-22,CUST-3121,SKU-1020,5,83.42,0,417.1,220.0,197.1,Email,Credit Card
ORD-202268,2024-11-21,2024-11-24,CUST-3271,SKU-1019,4,24.47,0,97.88,44.0,53.88,Referral,Bank Transfer
ORD-202278,2024-11-21,2024-11-27,CUST-3272,SKU-1001,4,15.09,20,48.29,32.8,15.49,Paid Search,Cash on Delivery
ORD-202278,2024-11-21,2024-11-27,CUST-3272,SKU-1008,1,129.62,0,129.62,74.0,55.62,Paid Search,Cash on Delivery
ORD-202713,2024-11-21,2024-11-25,CUST-3320,SKU-1017,4,38.6,0,154.4,84.0,70.4,Email,Apple Pay
ORD-200006,2024-11-22,2024-11-27,CUST-3001,SKU-1019,3,24.51,15,62.5,33.0,29.5,Organic Search,Cash on Delivery
ORD-200006,2024-11-22,2024-11-27,CUST-3001,SKU-1020,3,80.91,10,218.46,132.0,86.46,Organic Search,Cash on Delivery
ORD-200068,2024-11-22,2024-11-23,CUST-3007,SKU-1019,3,25.14,0,75.42,33.0,42.42,Paid Search,Cash on Delivery
ORD-200270,2024-11-22,2024-11-25,CUST-3036,SKU-1001,3,14.22,0,42.66,24.6,18.06,Social,Apple Pay
ORD-200270,2024-11-22,2024-11-25,CUST-3036,SKU-1001,3,14.99,5,42.72,24.6,18.12,Social,Apple Pay
ORD-200270,2024-11-22,2024-11-25,CUST-3036,SKU-1020,4,80.67,5,306.55,176.0,130.55,Social,Apple Pay
ORD-200332,2024-11-22,2024-11-27,CUST-3041,SKU-1018,5,28.48,15,121.04,67.5,53.54,Email,Cash on Delivery
ORD-200332,2024-11-22,2024-11-27,CUST-3041,SKU-1020,3,79.1,0,237.3,132.0,105.3,Email,Cash on Delivery
ORD-200612,2024-11-22,2024-11-29,CUST-3067,SKU-1011,1,27.78,0,27.78,12.0,15.78,Email,PayPal
ORD-200612,2024-11-22,2024-11-29,CUST-3067,SKU-1020,3,82.13,15,209.43,132.0,77.43,Email,PayPal
ORD-200647,2024-11-22,2024-11-25,CUST-3070,SKU-1020,5,81.59,15,346.76,220.0,126.76,Email,Credit Card
ORD-200647,2024-11-22,2024-11-25,CUST-3070,SKU-1019,4,23.94,0,95.76,44.0,51.76,Email,Credit Card
ORD-200648,2024-11-22,2024-11-26,CUST-3070,SKU-1003,4,11.36,15,38.62,25.2,13.42,Direct,Bank Transfer
ORD-200711,2024-11-22,2024-11-26,CUST-3075,SKU-1012,4,18.55,15,63.07,26.0,37.07,Direct,Cash on Delivery
ORD-200819,2024-11-22,2024-11-26,CUST-3089,SKU-1015,4,9.13,0,36.52,12.8,23.72,Referral,PayPal
ORD-200819,2024-11-22,2024-11-26,CUST-3089,SKU-1018,5,26.53,5,126.02,67.5,58.52,Referral,PayPal
ORD-200819,2024-11-22,2024-11-26,CUST-3089,SKU-1019,5,25.07,0,125.35,55.0,70.35,Referral,PayPal
ORD-201083,2024-11-22,2024-11-24,CUST-3121,SKU-1004,3,32.29,20,77.5,52.5,25.0,Referral,Credit Card
ORD-201084,2024-11-22,2024-11-27,CUST-3121,SKU-1019,5,25.3,0,126.5,55.0,71.5,Paid Search,Cash on Delivery
ORD-201085,2024-11-22,2024-11-27,CUST-3121,SKU-1011,1,28.4,10,25.56,12.0,13.56,Organic Search,PayPal
ORD-201085,2024-11-22,2024-11-27,CUST-3121,SKU-1019,4,24.67,5,93.75,44.0,49.75,Organic Search,PayPal
ORD-201085,2024-11-22,2024-11-27,CUST-3121,SKU-1018,4,28.18,0,112.72,54.0,58.72,Organic Search,PayPal
ORD-201346,2024-11-22,2024-11-28,CUST-3151,SKU-1010,1,41.51,15,35.28,19.5,15.78,Paid Search,Bank Transfer
ORD-201378,2024-11-22,2024-11-26,CUST-3157,SKU-1013,2,7.83,10,14.09,4.8,9.29,Direct,Apple Pay
ORD-201378,2024-11-22,2024-11-26,CUST-3157,SKU-1019,2,25.31,0,50.62,22.0,28.62,Direct,Apple Pay
ORD-201378,2024-11-22,2024-11-26,CUST-3157,SKU-1001,4,14.91,0,59.64,32.8,26.84,Direct,Apple Pay
ORD-201621,2024-11-22,2024-11-23,CUST-3192,SKU-1001,4,15.28,20,48.9,32.8,16.1,Social,Bank Transfer
ORD-201621,2024-11-22,2024-11-23,CUST-3192,SKU-1011,1,29.37,5,27.9,12.0,15.9,Social,Bank Transfer
ORD-201621,2024-11-22,2024-11-23,CUST-3192,SKU-1013,4,7.71,10,27.76,9.6,18.16,Social,Bank Transfer
ORD-201622,2024-11-22,2024-11-28,CUST-3192,SKU-1020,5,80.04,5,380.19,220.0,160.19,Social,Apple Pay
ORD-201983,2024-11-22,2024-11-24,CUST-3236,SKU-1001,5,14.65,10,65.92,41.0,24.92,Direct,Cash on Delivery
ORD-202470,2024-11-22,2024-11-25,CUST-3301,SKU-1019,3,24.12,0,72.36,33.0,39.36,Direct,Bank Transfer
ORD-202470,2024-11-22,2024-11-25,CUST-3301,SKU-1005,4,14.95,20,47.84,36.4,11.44,Direct,Bank Transfer
ORD-202471,2024-11-22,2024-11-26,CUST-3301,SKU-1020,5,82.5,5,391.88,220.0,171.88,Email,PayPal
ORD-202516,2024-11-22,2024-11-29,CUST-3304,SKU-1019,4,25.1,0,100.4,44.0,56.4,Email,Bank Transfer
ORD-202516,2024-11-22,2024-11-29,CUST-3304,SKU-1020,4,79.19,0,316.76,176.0,140.76,Email,Bank Transfer
ORD-202589,2024-11-22,2024-11-24,CUST-3311,SKU-1019,3,23.86,0,71.58,33.0,38.58,Email,Bank Transfer
ORD-202590,2024-11-22,2024-11-23,CUST-3311,SKU-1018,5,26.52,0,132.6,67.5,65.1,Organic Search,Credit Card
ORD-202645,2024-11-22,2024-11-29,CUST-3317,SKU-1019,5,25.02,5,118.84,55.0,63.84,Direct,Apple Pay
ORD-202645,2024-11-22,2024-11-29,CUST-3317,SKU-1007,1,464.47,10,418.02,280.0,138.02,Direct,Apple Pay
ORD-202646,2024-11-22,2024-11-28,CUST-3317,SKU-1020,3,80.97,5,230.76,132.0,98.76,Social,Bank Transfer
ORD-202682,2024-11-22,2024-11-28,CUST-3318,SKU-1020,3,82.32,10,222.26,132.0,90.26,Direct,Cash on Delivery
ORD-202743,2024-11-22,2024-11-25,CUST-3321,SKU-1019,5,24.08,0,120.4,55.0,65.4,Email,PayPal
ORD-202743,2024-11-22,2024-11-25,CUST-3321,SKU-1020,5,82.54,0,412.7,220.0,192.7,Email,PayPal
ORD-202743,2024-11-22,2024-11-25,CUST-3321,SKU-1020,5,80.58,10,362.61,220.0,142.61,Email,PayPal
ORD-202864,2024-11-22,2024-11-24,CUST-3334,SKU-1020,3,78.45,10,211.82,132.0,79.82,Direct,Bank Transfer
ORD-200613,2024-11-23,2024-11-27,CUST-3067,SKU-1006,4,10.35,10,37.26,19.2,18.06,Organic Search,Apple Pay
ORD-200613,2024-11-23,2024-11-27,CUST-3067,SKU-1014,4,12.51,0,50.04,16.4,33.64,Organic Search,Apple Pay
ORD-200674,2024-11-23,2024-11-24,CUST-3073,SKU-1003,3,11.65,0,34.95,18.9,16.05,Direct,Bank Transfer
ORD-201486,2024-11-23,2024-11-29,CUST-3172,SKU-1019,3,25.17,0,75.51,33.0,42.51,Paid Search,Cash on Delivery
ORD-201486,2024-11-23,2024-11-29,CUST-3172,SKU-1020,3,77.63,10,209.6,132.0,77.6,Paid Search,Cash on Delivery
ORD-202151,2024-11-23,2024-11-25,CUST-3247,SKU-1002,4,13.7,0,54.8,29.6,25.2,Organic Search,Credit Card
ORD-202240,2024-11-23,2024-11-25,CUST-3264,SKU-1002,2,13.36,0,26.72,14.8,11.92,Social,PayPal
ORD-202240,2024-11-23,2024-11-25,CUST-3264,SKU-1005,4,15.46,0,61.84,36.4,25.44,Social,PayPal
ORD-202240,2024-11-23,2024-11-25,CUST-3264,SKU-1014,2,12.49,0,24.98,8.2,16.78,Social,PayPal
ORD-201254,2024-11-24,2024-11-30,CUST-3141,SKU-1003,4,11.5,0,46.0,25.2,20.8,Email,Credit Card
ORD-201452,2024-11-24,2024-11-27,CUST-3170,SKU-1006,2,10.13,5,19.25,9.6,9.65,Paid Search,Apple Pay
ORD-201452,2024-11-24,2024-11-27,CUST-3170,SKU-1014,3,12.5,0,37.5,12.3,25.2,Paid Search,Apple Pay
ORD-201759,2024-11-24,2024-11-27,CUST-3215,SKU-1019,4,24.53,0,98.12,44.0,54.12,Direct,Credit Card
ORD-202591,2024-11-24,2024-12-01,CUST-3311,SKU-1002,5,13.62,0,68.1,37.0,31.1,Email,Credit Card
ORD-202647,2024-11-24,2024-11-30,CUST-3317,SKU-1020,4,82.43,10,296.75,176.0,120.75,Social,Apple Pay
ORD-202865,2024-11-24,2024-11-28,CUST-3334,SKU-1016,3,8.52,20,20.45,9.0,11.45,Email,PayPal
ORD-200069,2024-11-25,2024-12-01,CUST-3007,SKU-1019,5,24.54,15,104.29,55.0,49.29,Direct,Credit Card
ORD-200069,2024-11-25,2024-12-01,CUST-3007,SKU-1020,5,82.39,10,370.75,220.0,150.75,Direct,Credit Card
ORD-200123,2024-11-25,2024-11-26,CUST-3014,SKU-1006,3,10.24,10,27.65,14.4,13.25,Direct,Credit Card
ORD-200366,2024-11-25,2024-12-02,CUST-3047,SKU-1004,3,32.66,15,83.28,52.5,30.78,Paid Search,Cash on Delivery
ORD-200382,2024-11-25,2024-11-28,CUST-3048,SKU-1013,5,7.87,0,39.35,12.0,27.35,Email,Cash on Delivery
ORD-200382,2024-11-25,2024-11-28,CUST-3048,SKU-1013,5,7.94,0,39.7,12.0,27.7,Email,Cash on Delivery
ORD-200576,2024-11-25,2024-11-27,CUST-3064,SKU-1017,3,39.75,20,95.4,63.0,32.4,Email,Cash on Delivery
ORD-200729,2024-11-25,2024-11-26,CUST-3080,SKU-1009,1,33.52,20,26.82,15.0,11.82,Paid Search,Bank Transfer
ORD-200729,2024-11-25,2024-11-26,CUST-3080,SKU-1007,1,446.21,0,446.21,280.0,166.21,Paid Search,Bank Transfer
ORD-200784,2024-11-25,2024-11-28,CUST-3088,SKU-1001,3,14.47,0,43.41,24.6,18.81,Paid Search,Credit Card
ORD-201086,2024-11-25,2024-11-27,CUST-3121,SKU-1019,4,25.41,10,91.48,44.0,47.48,Email,Credit Card
ORD-201086,2024-11-25,2024-11-27,CUST-3121,SKU-1019,5,23.89,0,119.45,55.0,64.45,Email,Credit Card
ORD-201086,2024-11-25,2024-11-27,CUST-3121,SKU-1020,4,80.45,0,321.8,176.0,145.8,Email,Credit Card
ORD-202028,2024-11-25,2024-11-27,CUST-3240,SKU-1010,1,42.91,0,42.91,19.5,23.41,Direct,Credit Card
ORD-202317,2024-11-25,2024-11-26,CUST-3279,SKU-1001,3,14.8,0,44.4,24.6,19.8,Direct,Bank Transfer
ORD-202517,2024-11-25,2024-11-29,CUST-3304,SKU-1009,1,33.69,15,28.64,15.0,13.64,Direct,Apple Pay
ORD-202819,2024-11-25,2024-12-01,CUST-3330,SKU-1002,3,13.18,20,31.63,22.2,9.43,Direct,Apple Pay
ORD-200333,2024-11-26,2024-11-28,CUST-3041,SKU-1019,3,23.99,0,71.97,33.0,38.97,Referral,Bank Transfer
ORD-200333,2024-11-26,2024-11-28,CUST-3041,SKU-1019,3,24.6,20,59.04,33.0,26.04,Referral,Bank Transfer
ORD-200333,2024-11-26,2024-11-28,CUST-3041,SKU-1019,3,23.75,0,71.25,33.0,38.25,Referral,Bank Transfer
ORD-200614,2024-11-26,2024-11-28,CUST-3067,SKU-1009,1,33.46,15,28.44,15.0,13.44,Email,Credit Card
ORD-200614,2024-11-26,2024-11-28,CUST-3067,SKU-1007,1,459.81,0,459.81,280.0,179.81,Email,Credit Card
ORD-201106,2024-11-26,2024-12-02,CUST-3122,SKU-1010,1,43.82,0,43.82,19.5,24.32,Direct,Credit Card
ORD-201508,2024-11-26,2024-12-03,CUST-3173,SKU-1014,3,11.91,10,32.16,12.3,19.86,Social,Apple Pay
ORD-201984,2024-11-26,2024-11-29,CUST-3236,SKU-1019,3,23.74,5,67.66,33.0,34.66,Referral,Bank Transfer
ORD-201984,2024-11-26,2024-11-29,CUST-3236,SKU-1020,3,81.64,15,208.18,132.0,76.18,Referral,Bank Transfer
ORD-201984,2024-11-26,2024-11-29,CUST-3236,SKU-1020,5,80.3,20,321.2,220.0,101.2,Referral,Bank Transfer
ORD-202820,2024-11-26,2024-11-29,CUST-3330,SKU-1019,5,25.4,0,127.0,55.0,72.0,Direct,PayPal
ORD-200045,2024-11-27,2024-12-04,CUST-3005,SKU-1015,2,9.27,0,18.54,6.4,12.14,Organic Search,Cash on Delivery
ORD-201829,2024-11-27,2024-12-04,CUST-3217,SKU-1020,4,78.31,0,313.24,176.0,137.24,Email,Apple Pay
ORD-201829,2024-11-27,2024-12-04,CUST-3217,SKU-1010,1,42.07,15,35.76,19.5,16.26,Email,Apple Pay
ORD-201829,2024-11-27,2024-12-04,CUST-3217,SKU-1008,1,132.62,0,132.62,74.0,58.62,Email,Apple Pay
ORD-202029,2024-11-27,2024-12-02,CUST-3240,SKU-1020,3,79.95,0,239.85,132.0,107.85,Social,Credit Card
ORD-202029,2024-11-27,2024-12-02,CUST-3240,SKU-1020,5,78.97,20,315.88,220.0,95.88,Social,Credit Card
ORD-202029,2024-11-27,2024-12-02,CUST-3240,SKU-1019,4,23.52,10,84.67,44.0,40.67,Social,Credit Card
ORD-202518,2024-11-27,2024-12-04,CUST-3304,SKU-1002,3,12.82,20,30.77,22.2,8.57,Referral,Apple Pay
ORD-202866,2024-11-27,2024-12-01,CUST-3334,SKU-1019,3,25.08,0,75.24,33.0,42.24,Paid Search,Bank Transfer
ORD-200494,2024-11-28,2024-12-05,CUST-3057,SKU-1011,1,28.97,10,26.07,12.0,14.07,Social,Bank Transfer
ORD-200494,2024-11-28,2024-12-05,CUST-3057,SKU-1018,3,26.56,10,71.71,40.5,31.21,Social,Bank Transfer
ORD-200554,2024-11-28,2024-12-01,CUST-3061,SKU-1020,4,82.6,0,330.4,176.0,154.4,Social,Bank Transfer
ORD-201760,2024-11-28,2024-11-30,CUST-3215,SKU-1009,1,34.07,0,34.07,15.0,19.07,Referral,PayPal
ORD-201760,2024-11-28,2024-11-30,CUST-3215,SKU-1007,1,474.07,0,474.07,280.0,194.07,Referral,PayPal
ORD-201760,2024-11-28,2024-11-30,CUST-3215,SKU-1009,1,34.52,5,32.79,15.0,17.79,Referral,PayPal
ORD-202404,2024-11-28,2024-12-02,CUST-3289,SKU-1008,1,132.12,0,132.12,74.0,58.12,Social,Cash on Delivery
ORD-202867,2024-11-28,2024-12-05,CUST-3334,SKU-1019,5,23.91,0,119.55,55.0,64.55,Referral,Cash on Delivery
ORD-200698,2024-11-29,2024-12-03,CUST-3074,SKU-1020,5,82.09,10,369.41,220.0,149.41,Email,Cash on Delivery
ORD-201107,2024-11-29,2024-12-06,CUST-3122,SKU-1006,3,10.45,0,31.35,14.4,16.95,Referral,Cash on Delivery
ORD-201107,2024-11-29,2024-12-06,CUST-3122,SKU-1020,2,79.44,0,158.88,88.0,70.88,Referral,Cash on Delivery
ORD-201453,2024-11-29,2024-12-03,CUST-3170,SKU-1006,2,9.77,10,17.59,9.6,7.99,Email,PayPal
ORD-201487,2024-11-29,2024-12-05,CUST-3172,SKU-1015,3,8.86,5,25.25,9.6,15.65,Paid Search,Credit Card
ORD-201487,2024-11-29,2024-12-05,CUST-3172,SKU-1020,5,78.18,15,332.27,220.0,112.27,Paid Search,Credit Card
ORD-201537,2024-11-29,2024-12-04,CUST-3181,SKU-1017,3,39.25,15,100.09,63.0,37.09,Direct,PayPal
ORD-201537,2024-11-29,2024-12-04,CUST-3181,SKU-1009,1,33.92,0,33.92,15.0,18.92,Direct,PayPal
ORD-201830,2024-11-29,2024-12-01,CUST-3217,SKU-1014,3,12.14,0,36.42,12.3,24.12,Organic Search,PayPal
ORD-200555,2024-11-30,2024-12-02,CUST-3061,SKU-1017,4,38.81,0,155.24,84.0,71.24,Email,Bank Transfer
ORD-200735,2024-11-30,2024-12-02,CUST-3081,SKU-1020,3,80.21,0,240.63,132.0,108.63,Organic Search,Apple Pay
ORD-201623,2024-11-30,2024-12-05,CUST-3192,SKU-1019,3,25.2,0,75.6,33.0,42.6,Email,PayPal
ORD-201623,2024-11-30,2024-12-05,CUST-3192,SKU-1010,1,41.98,5,39.88,19.5,20.38,Email,PayPal
ORD-201872,2024-11-30,2024-12-06,CUST-3220,SKU-1019,3,23.56,10,63.61,33.0,30.61,Organic Search,PayPal
ORD-201873,2024-11-30,2024-12-05,CUST-3220,SKU-1019,4,23.95,0,95.8,44.0,51.8,Social,Bank Transfer
ORD-201873,2024-11-30,2024-12-05,CUST-3220,SKU-1019,4,23.58,0,94.32,44.0,50.32,Social,Bank Transfer
ORD-202213,2024-11-30,2024-12-05,CUST-3259,SKU-1020,3,79.63,15,203.06,132.0,71.06,Paid Search,Bank Transfer
ORD-202213,2024-11-30,2024-12-05,CUST-3259,SKU-1019,4,25.14,0,100.56,44.0,56.56,Paid Search,Bank Transfer
ORD-202213,2024-11-30,2024-12-05,CUST-3259,SKU-1013,3,7.68,0,23.04,7.2,15.84,Paid Search,Bank Transfer
ORD-202551,2024-11-30,2024-12-02,CUST-3310,SKU-1001,2,15.17,20,24.27,16.4,7.87,Direct,PayPal
ORD-202551,2024-11-30,2024-12-02,CUST-3310,SKU-1004,4,32.25,0,129.0,70.0,59.0,Direct,PayPal
ORD-202683,2024-11-30,2024-12-01,CUST-3318,SKU-1011,1,28.56,0,28.56,12.0,16.56,Email,Apple Pay
ORD-202683,2024-11-30,2024-12-01,CUST-3318,SKU-1020,5,82.24,0,411.2,220.0,191.2,Email,Apple Pay
ORD-202868,2024-11-30,2024-12-01,CUST-3334,SKU-1016,5,8.48,5,40.28,15.0,25.28,Paid Search,Apple Pay
ORD-200070,2024-12-01,2024-12-08,CUST-3007,SKU-1019,5,24.98,10,112.41,55.0,57.41,Direct,Cash on Delivery
ORD-200134,2024-12-01,2024-12-07,CUST-3015,SKU-1013,2,7.65,20,12.24,4.8,7.44,Organic Search,Cash on Delivery
ORD-200934,2024-12-01,2024-12-05,CUST-3108,SKU-1018,3,28.56,10,77.11,40.5,36.61,Direct,Apple Pay
ORD-201443,2024-12-01,2024-12-06,CUST-3169,SKU-1015,2,9.01,0,18.02,6.4,11.62,Direct,Apple Pay
ORD-201443,2024-12-01,2024-12-06,CUST-3169,SKU-1017,2,40.62,0,81.24,42.0,39.24,Direct,Apple Pay
ORD-202991,2024-12-01,2024-12-07,CUST-3350,SKU-1006,2,10.17,10,18.31,9.6,8.71,Email,PayPal
ORD-202991,2024-12-01,2024-12-07,CUST-3350,SKU-1004,3,33.66,0,100.98,52.5,48.48,Email,PayPal
ORD-202991,2024-12-01,2024-12-07,CUST-3350,SKU-1001,4,14.85,0,59.4,32.8,26.6,Email,PayPal
ORD-200071,2024-12-02,2024-12-03,CUST-3007,SKU-1020,3,79.38,10,214.33,132.0,82.33,Social,Bank Transfer
ORD-200071,2024-12-02,2024-12-03,CUST-3007,SKU-1020,3,82.42,0,247.26,132.0,115.26,Social,Bank Transfer
ORD-200724,2024-12-02,2024-12-03,CUST-3079,SKU-1020,2,81.71,0,163.42,88.0,75.42,Direct,Bank Transfer
ORD-200878,2024-12-02,2024-12-06,CUST-3099,SKU-1017,4,41.06,20,131.39,84.0,47.39,Paid Search,Cash on Delivery
ORD-201559,2024-12-02,2024-12-04,CUST-3184,SKU-1014,2,12.04,5,22.88,8.2,14.68,Referral,PayPal
ORD-201559,2024-12-02,2024-12-04,CUST-3184,SKU-1020,3,82.43,0,247.29,132.0,115.29,Referral,PayPal
ORD-201874,2024-12-02,2024-12-04,CUST-3220,SKU-1019,4,25.22,0,100.88,44.0,56.88,Paid Search,Credit Card
ORD-202131,2024-12-02,2024-12-07,CUST-3246,SKU-1010,1,42.64,0,42.64,19.5,23.14,Paid Search,Credit Card
ORD-202131,2024-12-02,2024-12-07,CUST-3246,SKU-1008,1,132.09,10,118.88,74.0,44.88,Paid Search,Credit Card
ORD-202472,2024-12-02,2024-12-06,CUST-3301,SKU-1020,3,80.47,15,205.2,132.0,73.2,Referral,PayPal
ORD-202472,2024-12-02,2024-12-06,CUST-3301,SKU-1008,1,127.64,0,127.64,74.0,53.64,Referral,PayPal
ORD-202821,2024-12-02,2024-12-09,CUST-3330,SKU-1020,3,80.81,0,242.43,132.0,110.43,Email,PayPal
ORD-200271,2024-12-03,2024-12-08,CUST-3036,SKU-1016,2,8.37,10,15.07,6.0,9.07,Direct,Bank Transfer
ORD-200271,2024-12-03,2024-12-08,CUST-3036,SKU-1008,1,130.43,10,117.39,74.0,43.39,Direct,Bank Transfer
ORD-200383,2024-12-03,2024-12-04,CUST-3048,SKU-1003,3,11.7,20,28.08,18.9,9.18,Organic Search,PayPal
ORD-200383,2024-12-03,2024-12-04,CUST-3048,SKU-1016,3,8.47,20,20.33,9.0,11.33,Organic Search,PayPal
ORD-200750,2024-12-03,2024-12-05,CUST-3086,SKU-1010,1,41.8,0,41.8,19.5,22.3,Email,Apple Pay
ORD-201047,2024-12-03,2024-12-09,CUST-3120,SKU-1019,4,24.76,10,89.14,44.0,45.14,Paid Search,PayPal
ORD-201047,2024-12-03,2024-12-09,CUST-3120,SKU-1019,2,24.0,0,48.0,22.0,26.0,Paid Search,PayPal
ORD-201047,2024-12-03,2024-12-09,CUST-3120,SKU-1013,3,7.88,0,23.64,7.2,16.44,Paid Search,PayPal
ORD-201509,2024-12-03,2024-12-10,CUST-3173,SKU-1019,2,24.48,10,44.06,22.0,22.06,Direct,Apple Pay
ORD-201320,2024-12-04,2024-12-06,CUST-3148,SKU-1010,1,41.79,10,37.61,19.5,18.11,Paid Search,Bank Transfer
ORD-201985,2024-12-04,2024-12-07,CUST-3236,SKU-1009,1,35.64,20,28.51,15.0,13.51,Organic Search,Bank Transfer
ORD-200249,2024-12-05,2024-12-08,CUST-3033,SKU-1004,4,33.09,15,112.51,70.0,42.51,Direct,PayPal
ORD-200249,2024-12-05,2024-12-08,CUST-3033,SKU-1020,3,80.42,10,217.13,132.0,85.13,Direct,PayPal
ORD-200743,2024-12-05,2024-12-06,CUST-3084,SKU-1011,1,29.1,0,29.1,12.0,17.1,Referral,Cash on Delivery
ORD-200743,2024-12-05,2024-12-06,CUST-3084,SKU-1012,2,18.95,0,37.9,13.0,24.9,Referral,Cash on Delivery
ORD-201673,2024-12-05,2024-12-08,CUST-3202,SKU-1020,2,78.75,10,141.75,88.0,53.75,Social,Bank Transfer
ORD-201793,2024-12-05,2024-12-08,CUST-3216,SKU-1001,5,14.33,20,57.32,41.0,16.32,Email,Credit Card
ORD-201793,2024-12-05,2024-12-08,CUST-3216,SKU-1020,3,79.7,0,239.1,132.0,107.1,Email,Credit Card
ORD-202030,2024-12-05,2024-12-06,CUST-3240,SKU-1011,1,27.77,0,27.77,12.0,15.77,Email,Apple Pay
ORD-202064,2024-12-05,2024-12-09,CUST-3241,SKU-1020,5,79.08,0,395.4,220.0,175.4,Email,Credit Card
ORD-202342,2024-12-05,2024-12-09,CUST-3285,SKU-1009,1,34.82,10,31.34,15.0,16.34,Organic Search,Credit Card
ORD-202684,2024-12-05,2024-12-08,CUST-3318,SKU-1019,3,25.04,0,75.12,33.0,42.12,Email,Bank Transfer
ORD-202684,2024-12-05,2024-12-08,CUST-3318,SKU-1019,4,23.89,10,86.0,44.0,42.0,Email,Bank Transfer
ORD-200675,2024-12-06,2024-12-12,CUST-3073,SKU-1019,3,25.32,20,60.77,33.0,27.77,Email,Cash on Delivery
ORD-200675,2024-12-06,2024-12-12,CUST-3073,SKU-1019,4,24.02,0,96.08,44.0,52.08,Email,Cash on Delivery
ORD-200938,2024-12-06,2024-12-07,CUST-3109,SKU-1009,1,34.21,0,34.21,15.0,19.21,Referral,Bank Transfer
ORD-202269,2024-12-06,2024-12-08,CUST-3271,SKU-1019,4,23.65,10,85.14,44.0,41.14,Email,Apple Pay
ORD-202270,2024-12-06,2024-12-07,CUST-3271,SKU-1020,3,82.87,0,248.61,132.0,116.61,Paid Search,Cash on Delivery
ORD-202270,2024-12-06,2024-12-07,CUST-3271,SKU-1013,2,7.58,15,12.89,4.8,8.09,Paid Search,Cash on Delivery
ORD-202270,2024-12-06,2024-12-07,CUST-3271,SKU-1009,1,34.61,15,29.42,15.0,14.42,Paid Search,Cash on Delivery
ORD-202685,2024-12-06,2024-12-11,CUST-3318,SKU-1020,5,81.37,0,406.85,220.0,186.85,Referral,Apple Pay
ORD-202789,2024-12-06,2024-12-08,CUST-3328,SKU-1015,4,9.18,0,36.72,12.8,23.92,Direct,Credit Card
ORD-202789,2024-12-06,2024-12-08,CUST-3328,SKU-1007,1,462.84,0,462.84,280.0,182.84,Direct,Credit Card
ORD-201108,2024-12-07,2024-12-14,CUST-3122,SKU-1020,3,78.52,10,212.0,132.0,80.0,Email,Apple Pay
ORD-201108,2024-12-07,2024-12-14,CUST-3122,SKU-1014,4,11.96,5,45.45,16.4,29.05,Email,Apple Pay
ORD-201108,2024-12-07,2024-12-14,CUST-3122,SKU-1010,1,44.31,15,37.66,19.5,18.16,Email,Apple Pay
ORD-201143,2024-12-07,2024-12-12,CUST-3128,SKU-1001,4,14.26,10,51.34,32.8,18.54,Organic Search,PayPal
ORD-201143,2024-12-07,2024-12-12,CUST-3128,SKU-1019,2,24.44,10,43.99,22.0,21.99,Organic Search,PayPal
ORD-201144,2024-12-07,2024-12-12,CUST-3128,SKU-1019,4,23.52,5,89.38,44.0,45.38,Email,Cash on Delivery
ORD-202473,2024-12-07,2024-12-11,CUST-3301,SKU-1020,4,81.67,15,277.68,176.0,101.68,Referral,Apple Pay
ORD-202744,2024-12-07,2024-12-10,CUST-3321,SKU-1019,5,24.2,20,96.8,55.0,41.8,Email,Credit Card
ORD-202744,2024-12-07,2024-12-10,CUST-3321,SKU-1002,4,12.87,10,46.33,29.6,16.73,Email,Credit Card
ORD-202822,2024-12-07,2024-12-12,CUST-3330,SKU-1019,3,24.79,0,74.37,33.0,41.37,Direct,Credit Card
ORD-200033,2024-12-08,2024-12-14,CUST-3004,SKU-1019,5,24.24,5,115.14,55.0,60.14,Direct,Apple Pay
ORD-200033,2024-12-08,2024-12-14,CUST-3004,SKU-1020,3,79.44,0,238.32,132.0,106.32,Direct,Apple Pay
ORD-200442,2024-12-08,2024-12-15,CUST-3053,SKU-1009,1,35.29,15,30.0,15.0,15.0,Direct,Apple Pay
ORD-200442,2024-12-08,2024-12-15,CUST-3053,SKU-1002,5,13.43,15,57.08,37.0,20.08,Direct,Apple Pay
ORD-200442,2024-12-08,2024-12-15,CUST-3053,SKU-1015,4,9.03,0,36.12,12.8,23.32,Direct,Apple Pay
ORD-200512,2024-12-08,2024-12-12,CUST-3059,SKU-1018,2,27.43,10,49.37,27.0,22.37,Social,Apple Pay
ORD-200512,2024-12-08,2024-12-12,CUST-3059,SKU-1019,3,23.58,0,70.74,33.0,37.74,Social,Apple Pay
ORD-200676,2024-12-08,2024-12-11,CUST-3073,SKU-1003,3,12.14,0,36.42,18.9,17.52,Email,Bank Transfer
ORD-200676,2024-12-08,2024-12-11,CUST-3073,SKU-1020,2,82.64,0,165.28,88.0,77.28,Email,Bank Transfer
ORD-200676,2024-12-08,2024-12-11,CUST-3073,SKU-1001,3,14.51,0,43.53,24.6,18.93,Email,Bank Transfer
ORD-200725,2024-12-08,2024-12-13,CUST-3079,SKU-1019,4,24.45,0,97.8,44.0,53.8,Referral,Bank Transfer
ORD-200725,2024-12-08,2024-12-13,CUST-3079,SKU-1020,2,82.77,0,165.54,88.0,77.54,Referral,Bank Transfer
ORD-202405,2024-12-08,2024-12-15,CUST-3289,SKU-1008,1,134.48,15,114.31,74.0,40.31,Organic Search,Cash on Delivery
ORD-202405,2024-12-08,2024-12-15,CUST-3289,SKU-1003,4,11.88,0,47.52,25.2,22.32,Organic Search,Cash on Delivery
ORD-202405,2024-12-08,2024-12-15,CUST-3289,SKU-1020,3,82.95,15,211.52,132.0,79.52,Organic Search,Cash on Delivery
ORD-202992,2024-12-08,2024-12-13,CUST-3350,SKU-1013,4,7.69,5,29.22,9.6,19.62,Email,Bank Transfer
ORD-202992,2024-12-08,2024-12-13,CUST-3350,SKU-1007,1,462.05,20,369.64,280.0,89.64,Email,Bank Transfer
ORD-200297,2024-12-09,2024-12-15,CUST-3040,SKU-1010,1,42.69,0,42.69,19.5,23.19,Paid Search,Cash on Delivery
ORD-200297,2024-12-09,2024-12-15,CUST-3040,SKU-1019,4,24.94,10,89.78,44.0,45.78,Paid Search,Cash on Delivery
ORD-200297,2024-12-09,2024-12-15,CUST-3040,SKU-1007,1,445.58,0,445.58,280.0,165.58,Paid Search,Cash on Delivery
ORD-201228,2024-12-09,2024-12-13,CUST-3138,SKU-1008,1,130.6,10,117.54,74.0,43.54,Paid Search,Cash on Delivery
ORD-201347,2024-12-09,2024-12-16,CUST-3151,SKU-1016,3,8.93,10,24.11,9.0,15.11,Direct,PayPal
ORD-201347,2024-12-09,2024-12-16,CUST-3151,SKU-1018,3,26.81,5,76.41,40.5,35.91,Direct,PayPal
ORD-201347,2024-12-09,2024-12-16,CUST-3151,SKU-1014,3,11.84,0,35.52,12.3,23.22,Direct,PayPal
ORD-202483,2024-12-09,2024-12-10,CUST-3303,SKU-1020,4,82.89,0,331.56,176.0,155.56,Referral,Bank Transfer
ORD-200615,2024-12-10,2024-12-17,CUST-3067,SKU-1020,3,82.85,0,248.55,132.0,116.55,Social,PayPal
ORD-200615,2024-12-10,2024-12-17,CUST-3067,SKU-1015,4,8.97,0,35.88,12.8,23.08,Social,PayPal
ORD-202152,2024-12-10,2024-12-12,CUST-3247,SKU-1020,5,81.53,0,407.65,220.0,187.65,Paid Search,Bank Transfer
ORD-202152,2024-12-10,2024-12-12,CUST-3247,SKU-1019,3,23.8,10,64.26,33.0,31.26,Paid Search,Bank Transfer
ORD-202152,2024-12-10,2024-12-12,CUST-3247,SKU-1019,5,25.2,5,119.7,55.0,64.7,Paid Search,Bank Transfer
ORD-202823,2024-12-10,2024-12-16,CUST-3330,SKU-1019,4,24.0,0,96.0,44.0,52.0,Email,Bank Transfer
ORD-202823,2024-12-10,2024-12-16,CUST-3330,SKU-1009,1,33.66,15,28.61,15.0,13.61,Email,Bank Transfer
ORD-200034,2024-12-11,2024-12-17,CUST-3004,SKU-1020,5,77.88,5,369.93,220.0,149.93,Referral,Cash on Delivery
ORD-200034,2024-12-11,2024-12-17,CUST-3004,SKU-1020,3,81.39,10,219.75,132.0,87.75,Referral,Cash on Delivery
ORD-200034,2024-12-11,2024-12-17,CUST-3004,SKU-1017,3,41.04,10,110.81,63.0,47.81,Referral,Cash on Delivery
ORD-200384,2024-12-12,2024-12-17,CUST-3048,SKU-1008,1,129.45,0,129.45,74.0,55.45,Social,Apple Pay
ORD-201922,2024-12-12,2024-12-18,CUST-3225,SKU-1009,1,35.69,15,30.34,15.0,15.34,Organic Search,Cash on Delivery
ORD-200935,2024-12-13,2024-12-18,CUST-3108,SKU-1019,3,24.75,15,63.11,33.0,30.11,Paid Search,Bank Transfer
ORD-201229,2024-12-13,2024-12-18,CUST-3138,SKU-1019,3,23.7,10,63.99,33.0,30.99,Referral,Credit Card
ORD-201321,2024-12-13,2024-12-14,CUST-3148,SKU-1020,2,82.56,0,165.12,88.0,77.12,Paid Search,Bank Transfer
ORD-201831,2024-12-13,2024-12-20,CUST-3217,SKU-1020,4,79.08,0,316.32,176.0,140.32,Email,Bank Transfer
ORD-202214,2024-12-13,2024-12-19,CUST-3259,SKU-1020,3,77.63,10,209.6,132.0,77.6,Organic Search,Credit Card
ORD-202214,2024-12-13,2024-12-19,CUST-3259,SKU-1019,2,25.36,0,50.72,22.0,28.72,Organic Search,Credit Card
ORD-202214,2024-12-13,2024-12-19,CUST-3259,SKU-1019,3,24.7,0,74.1,33.0,41.1,Organic Search,Credit Card
ORD-202869,2024-12-13,2024-12-19,CUST-3334,SKU-1020,3,80.42,0,241.26,132.0,109.26,Direct,Bank Transfer
ORD-202869,2024-12-13,2024-12-19,CUST-3334,SKU-1019,5,23.68,0,118.4,55.0,63.4,Direct,Bank Transfer
ORD-202869,2024-12-13,2024-12-19,CUST-3334,SKU-1020,3,77.72,15,198.19,132.0,66.19,Direct,Bank Transfer
ORD-202917,2024-12-13,2024-12-19,CUST-3342,SKU-1019,3,23.93,0,71.79,33.0,38.79,Direct,Apple Pay
ORD-202917,2024-12-13,2024-12-19,CUST-3342,SKU-1005,2,15.75,20,25.2,18.2,7.0,Direct,Apple Pay
ORD-202917,2024-12-13,2024-12-19,CUST-3342,SKU-1003,4,11.57,5,43.97,25.2,18.77,Direct,Apple Pay
ORD-200046,2024-12-14,2024-12-21,CUST-3005,SKU-1012,2,18.25,15,31.02,13.0,18.02,Email,Apple Pay
ORD-200046,2024-12-14,2024-12-21,CUST-3005,SKU-1006,2,9.82,10,17.68,9.6,8.08,Email,Apple Pay
ORD-200354,2024-12-14,2024-12-20,CUST-3043,SKU-1018,4,27.65,0,110.6,54.0,56.6,Referral,Credit Card
ORD-200354,2024-12-14,2024-12-20,CUST-3043,SKU-1017,3,39.77,0,119.31,63.0,56.31,Referral,Credit Card
ORD-200354,2024-12-14,2024-12-20,CUST-3043,SKU-1019,2,24.52,10,44.14,22.0,22.14,Referral,Credit Card
ORD-200499,2024-12-14,2024-12-17,CUST-3058,SKU-1015,2,9.32,0,18.64,6.4,12.24,Paid Search,Apple Pay
ORD-200499,2024-12-14,2024-12-17,CUST-3058,SKU-1002,4,12.97,15,44.1,29.6,14.5,Paid Search,Apple Pay
ORD-202065,2024-12-14,2024-12-20,CUST-3241,SKU-1019,3,24.95,15,63.62,33.0,30.62,Email,Apple Pay
ORD-202519,2024-12-14,2024-12-16,CUST-3304,SKU-1003,5,12.01,10,54.05,31.5,22.55,Organic Search,PayPal
ORD-202031,2024-12-15,2024-12-22,CUST-3240,SKU-1010,1,41.72,0,41.72,19.5,22.22,Paid Search,PayPal
ORD-202031,2024-12-15,2024-12-22,CUST-3240,SKU-1019,5,24.42,10,109.89,55.0,54.89,Paid Search,PayPal
ORD-202215,2024-12-15,2024-12-20,CUST-3259,SKU-1012,2,18.13,10,32.63,13.0,19.63,Email,Apple Pay
ORD-202520,2024-12-15,2024-12-18,CUST-3304,SKU-1020,4,80.09,0,320.36,176.0,144.36,Paid Search,Bank Transfer
ORD-202520,2024-12-15,2024-12-18,CUST-3304,SKU-1002,5,13.34,0,66.7,37.0,29.7,Paid Search,Bank Transfer
ORD-200223,2024-12-16,2024-12-22,CUST-3030,SKU-1019,4,23.75,10,85.5,44.0,41.5,Organic Search,Bank Transfer
ORD-200879,2024-12-16,2024-12-20,CUST-3099,SKU-1007,1,451.58,0,451.58,280.0,171.58,Direct,PayPal
ORD-201794,2024-12-16,2024-12-19,CUST-3216,SKU-1020,4,81.32,10,292.75,176.0,116.75,Organic Search,Apple Pay
ORD-201794,2024-12-16,2024-12-19,CUST-3216,SKU-1019,5,23.75,0,118.75,55.0,63.75,Organic Search,Apple Pay
ORD-201794,2024-12-16,2024-12-19,CUST-3216,SKU-1008,1,132.78,5,126.14,74.0,52.14,Organic Search,Apple Pay
ORD-202406,2024-12-16,2024-12-22,CUST-3289,SKU-1012,5,18.81,0,94.05,32.5,61.55,Social,Apple Pay
ORD-202406,2024-12-16,2024-12-22,CUST-3289,SKU-1014,4,12.07,5,45.87,16.4,29.47,Social,Apple Pay
ORD-202406,2024-12-16,2024-12-22,CUST-3289,SKU-1013,5,7.65,15,32.51,12.0,20.51,Social,Apple Pay
ORD-202870,2024-12-16,2024-12-22,CUST-3334,SKU-1020,4,79.51,15,270.33,176.0,94.33,Email,Apple Pay
ORD-202870,2024-12-16,2024-12-22,CUST-3334,SKU-1007,1,464.9,0,464.9,280.0,184.9,Email,Apple Pay
ORD-202870,2024-12-16,2024-12-22,CUST-3334,SKU-1020,5,80.12,0,400.6,220.0,180.6,Email,Apple Pay
ORD-200298,2024-12-17,2024-12-20,CUST-3040,SKU-1019,3,23.87,0,71.61,33.0,38.61,Social,Cash on Delivery
ORD-200298,2024-12-17,2024-12-20,CUST-3040,SKU-1007,1,472.6,0,472.6,280.0,192.6,Social,Cash on Delivery
ORD-200298,2024-12-17,2024-12-20,CUST-3040,SKU-1020,3,77.86,10,210.22,132.0,78.22,Social,Cash on Delivery
ORD-200880,2024-12-17,2024-12-19,CUST-3099,SKU-1015,2,8.99,10,16.18,6.4,9.78,Paid Search,PayPal
ORD-200880,2024-12-17,2024-12-19,CUST-3099,SKU-1007,1,447.06,5,424.71,280.0,144.71,Paid Search,PayPal
ORD-200880,2024-12-17,2024-12-19,CUST-3099,SKU-1014,4,12.69,15,43.15,16.4,26.75,Paid Search,PayPal
ORD-201795,2024-12-17,2024-12-24,CUST-3216,SKU-1006,4,10.02,0,40.08,19.2,20.88,Paid Search,Bank Transfer
ORD-201795,2024-12-17,2024-12-24,CUST-3216,SKU-1013,3,7.58,20,18.19,7.2,10.99,Paid Search,Bank Transfer
ORD-202032,2024-12-17,2024-12-18,CUST-3240,SKU-1019,5,25.38,5,120.55,55.0,65.55,Paid Search,Apple Pay
ORD-202188,2024-12-17,2024-12-19,CUST-3257,SKU-1003,2,12.1,10,21.78,12.6,9.18,Referral,Credit Card
ORD-202188,2024-12-17,2024-12-19,CUST-3257,SKU-1012,4,18.21,0,72.84,26.0,46.84,Referral,Credit Card
ORD-202033,2024-12-18,2024-12-24,CUST-3240,SKU-1004,3,32.18,0,96.54,52.5,44.04,Social,Bank Transfer
ORD-202714,2024-12-18,2024-12-22,CUST-3320,SKU-1020,4,79.28,0,317.12,176.0,141.12,Email,Bank Transfer
ORD-202763,2024-12-18,2024-12-23,CUST-3324,SKU-1011,1,28.64,0,28.64,12.0,16.64,Social,Apple Pay
ORD-201294,2024-12-19,2024-12-25,CUST-3143,SKU-1013,5,7.86,0,39.3,12.0,27.3,Email,Credit Card
ORD-201322,2024-12-19,2024-12-25,CUST-3148,SKU-1011,1,27.85,5,26.46,12.0,14.46,Direct,Cash on Delivery
ORD-201663,2024-12-19,2024-12-26,CUST-3199,SKU-1019,3,25.32,20,60.77,33.0,27.77,Paid Search,Cash on Delivery
ORD-200367,2024-12-20,2024-12-26,CUST-3047,SKU-1013,2,7.49,5,14.23,4.8,9.43,Organic Search,Cash on Delivery
ORD-200367,2024-12-20,2024-12-26,CUST-3047,SKU-1009,1,34.33,0,34.33,15.0,19.33,Organic Search,Cash on Delivery
ORD-200556,2024-12-20,2024-12-25,CUST-3061,SKU-1012,3,17.98,0,53.94,19.5,34.44,Paid Search,Credit Card
ORD-200556,2024-12-20,2024-12-25,CUST-3061,SKU-1019,3,24.7,5,70.39,33.0,37.39,Paid Search,Credit Card
ORD-201109,2024-12-20,2024-12-24,CUST-3122,SKU-1018,4,27.44,5,104.27,54.0,50.27,Social,PayPal
ORD-201109,2024-12-20,2024-12-24,CUST-3122,SKU-1020,3,79.6,20,191.04,132.0,59.04,Social,PayPal
ORD-201109,2024-12-20,2024-12-24,CUST-3122,SKU-1019,4,25.26,0,101.04,44.0,57.04,Social,PayPal
ORD-201230,2024-12-20,2024-12-26,CUST-3138,SKU-1017,5,40.33,0,201.65,105.0,96.65,Organic Search,Cash on Delivery
ORD-201832,2024-12-20,2024-12-21,CUST-3217,SKU-1014,3,12.6,0,37.8,12.3,25.5,Paid Search,Apple Pay
ORD-202592,2024-12-20,2024-12-23,CUST-3311,SKU-1020,3,78.15,10,211.01,132.0,79.01,Organic Search,Cash on Delivery
ORD-202918,2024-12-20,2024-12-24,CUST-3342,SKU-1020,3,79.85,0,239.55,132.0,107.55,Social,Credit Card
ORD-200286,2024-12-21,2024-12-26,CUST-3038,SKU-1002,3,13.72,0,41.16,22.2,18.96,Paid Search,Cash on Delivery
ORD-200649,2024-12-21,2024-12-22,CUST-3070,SKU-1020,5,77.45,0,387.25,220.0,167.25,Social,Cash on Delivery
ORD-200744,2024-12-21,2024-12-23,CUST-3084,SKU-1020,3,80.69,0,242.07,132.0,110.07,Referral,Cash on Delivery
ORD-200785,2024-12-21,2024-12-28,CUST-3088,SKU-1020,4,81.24,0,324.96,176.0,148.96,Organic Search,Bank Transfer
ORD-202189,2024-12-21,2024-12-28,CUST-3257,SKU-1001,3,14.58,0,43.74,24.6,19.14,Direct,Bank Transfer
ORD-200047,2024-12-22,2024-12-26,CUST-3005,SKU-1010,1,43.85,0,43.85,19.5,24.35,Email,Cash on Delivery
ORD-200212,2024-12-22,2024-12-25,CUST-3027,SKU-1011,1,29.43,10,26.49,12.0,14.49,Email,PayPal
ORD-200212,2024-12-22,2024-12-25,CUST-3027,SKU-1018,3,27.77,15,70.81,40.5,30.31,Email,PayPal
ORD-200212,2024-12-22,2024-12-25,CUST-3027,SKU-1007,1,459.07,0,459.07,280.0,179.07,Email,PayPal
ORD-200334,2024-12-22,2024-12-29,CUST-3041,SKU-1020,3,77.8,0,233.4,132.0,101.4,Referral,PayPal
ORD-200334,2024-12-22,2024-12-29,CUST-3041,SKU-1019,3,24.34,10,65.72,33.0,32.72,Referral,PayPal
ORD-200334,2024-12-22,2024-12-29,CUST-3041,SKU-1019,3,23.62,0,70.86,33.0,37.86,Referral,PayPal
ORD-202216,2024-12-22,2024-12-23,CUST-3259,SKU-1019,2,23.77,15,40.41,22.0,18.41,Organic Search,Bank Transfer
ORD-202216,2024-12-22,2024-12-23,CUST-3259,SKU-1009,1,34.58,0,34.58,15.0,19.58,Organic Search,Bank Transfer
ORD-202474,2024-12-22,2024-12-29,CUST-3301,SKU-1014,5,12.69,0,63.45,20.5,42.95,Direct,PayPal
ORD-200224,2024-12-23,2024-12-28,CUST-3030,SKU-1020,3,78.18,0,234.54,132.0,102.54,Email,Credit Card
ORD-200224,2024-12-23,2024-12-28,CUST-3030,SKU-1004,3,33.57,5,95.67,52.5,43.17,Email,Credit Card
ORD-200224,2024-12-23,2024-12-28,CUST-3030,SKU-1019,4,23.98,0,95.92,44.0,51.92,Email,Credit Card
ORD-200335,2024-12-23,2024-12-25,CUST-3041,SKU-1020,3,83.7,5,238.55,132.0,106.55,Referral,Bank Transfer
ORD-200335,2024-12-23,2024-12-25,CUST-3041,SKU-1019,4,23.92,15,81.33,44.0,37.33,Referral,Bank Transfer
ORD-200513,2024-12-23,2024-12-30,CUST-3059,SKU-1008,1,133.93,15,113.84,74.0,39.84,Organic Search,Cash on Delivery
ORD-201087,2024-12-23,2024-12-24,CUST-3121,SKU-1012,4,17.9,5,68.02,26.0,42.02,Email,PayPal
ORD-201087,2024-12-23,2024-12-24,CUST-3121,SKU-1019,3,24.3,5,69.25,33.0,36.25,Email,PayPal
ORD-201087,2024-12-23,2024-12-24,CUST-3121,SKU-1019,4,24.88,0,99.52,44.0,55.52,Email,PayPal
ORD-202686,2024-12-23,2024-12-28,CUST-3318,SKU-1020,3,79.63,0,238.89,132.0,106.89,Organic Search,PayPal
ORD-202686,2024-12-23,2024-12-28,CUST-3318,SKU-1020,5,79.7,0,398.5,220.0,178.5,Organic Search,PayPal
ORD-201088,2024-12-24,2024-12-28,CUST-3121,SKU-1020,5,78.08,20,312.32,220.0,92.32,Organic Search,Bank Transfer
ORD-201110,2024-12-24,2024-12-31,CUST-3122,SKU-1010,1,44.3,0,44.3,19.5,24.8,Email,Cash on Delivery
ORD-202330,2024-12-24,2024-12-25,CUST-3281,SKU-1007,1,472.88,10,425.59,280.0,145.59,Referral,PayPal
ORD-200355,2024-12-25,2024-12-30,CUST-3043,SKU-1017,2,39.71,0,79.42,42.0,37.42,Direct,Credit Card
ORD-200355,2024-12-25,2024-12-30,CUST-3043,SKU-1014,4,12.49,20,39.97,16.4,23.57,Direct,Credit Card
ORD-200443,2024-12-25,2024-12-28,CUST-3053,SKU-1020,3,81.69,20,196.06,132.0,64.06,Paid Search,Cash on Delivery
ORD-201145,2024-12-25,2024-12-31,CUST-3128,SKU-1017,3,39.62,0,118.86,63.0,55.86,Email,Credit Card
ORD-201145,2024-12-25,2024-12-31,CUST-3128,SKU-1020,2,83.52,0,167.04,88.0,79.04,Email,Credit Card
ORD-202648,2024-12-25,2025-01-01,CUST-3317,SKU-1020,3,78.98,10,213.25,132.0,81.25,Paid Search,Apple Pay
ORD-202648,2024-12-25,2025-01-01,CUST-3317,SKU-1012,4,17.87,0,71.48,26.0,45.48,Paid Search,Apple Pay
ORD-202687,2024-12-25,2024-12-29,CUST-3318,SKU-1002,5,12.88,0,64.4,37.0,27.4,Direct,Apple Pay
ORD-202687,2024-12-25,2024-12-29,CUST-3318,SKU-1020,5,78.2,5,371.45,220.0,151.45,Direct,Apple Pay
ORD-202687,2024-12-25,2024-12-29,CUST-3318,SKU-1019,3,24.43,0,73.29,33.0,40.29,Direct,Apple Pay
ORD-200616,2024-12-26,2024-12-30,CUST-3067,SKU-1002,3,12.75,15,32.51,22.2,10.31,Organic Search,PayPal
ORD-200699,2024-12-26,2024-12-28,CUST-3074,SKU-1020,5,82.98,0,414.9,220.0,194.9,Paid Search,Credit Card
ORD-200699,2024-12-26,2024-12-28,CUST-3074,SKU-1019,3,24.92,0,74.76,33.0,41.76,Paid Search,Credit Card
ORD-200699,2024-12-26,2024-12-28,CUST-3074,SKU-1017,5,39.52,0,197.6,105.0,92.6,Paid Search,Credit Card
ORD-201005,2024-12-26,2024-12-27,CUST-3116,SKU-1017,4,38.78,5,147.36,84.0,63.36,Paid Search,PayPal
ORD-201560,2024-12-26,2025-01-01,CUST-3184,SKU-1019,2,25.05,0,50.1,22.0,28.1,Direct,Bank Transfer
ORD-201560,2024-12-26,2025-01-01,CUST-3184,SKU-1019,4,24.77,0,99.08,44.0,55.08,Direct,Bank Transfer
ORD-201624,2024-12-26,2025-01-01,CUST-3192,SKU-1020,5,83.42,0,417.1,220.0,197.1,Referral,Bank Transfer
ORD-202271,2024-12-26,2024-12-29,CUST-3271,SKU-1005,4,15.52,0,62.08,36.4,25.68,Social,PayPal
ORD-202271,2024-12-26,2024-12-29,CUST-3271,SKU-1003,4,11.89,10,42.8,25.2,17.6,Social,PayPal
ORD-202271,2024-12-26,2024-12-29,CUST-3271,SKU-1016,3,8.43,20,20.23,9.0,11.23,Social,PayPal
ORD-200250,2024-12-27,2025-01-01,CUST-3033,SKU-1016,3,8.75,0,26.25,9.0,17.25,Social,Apple Pay
ORD-201231,2024-12-27,2024-12-31,CUST-3138,SKU-1017,3,41.06,15,104.7,63.0,41.7,Paid Search,Apple Pay
ORD-201231,2024-12-27,2024-12-31,CUST-3138,SKU-1011,1,29.51,20,23.61,12.0,11.61,Paid Search,Apple Pay
ORD-201323,2024-12-27,2025-01-02,CUST-3148,SKU-1009,1,33.79,20,27.03,15.0,12.03,Email,Bank Transfer
ORD-201323,2024-12-27,2025-01-02,CUST-3148,SKU-1018,3,27.04,0,81.12,40.5,40.62,Email,Bank Transfer
ORD-201625,2024-12-27,2025-01-03,CUST-3192,SKU-1020,5,78.23,20,312.92,220.0,92.92,Referral,Credit Card
ORD-201833,2024-12-27,2024-12-31,CUST-3217,SKU-1019,4,24.25,0,97.0,44.0,53.0,Direct,Bank Transfer
ORD-201833,2024-12-27,2024-12-31,CUST-3217,SKU-1020,5,79.89,10,359.5,220.0,139.5,Direct,Bank Transfer
ORD-201833,2024-12-27,2024-12-31,CUST-3217,SKU-1020,4,80.36,10,289.3,176.0,113.3,Direct,Bank Transfer
ORD-201908,2024-12-27,2024-12-29,CUST-3223,SKU-1020,2,78.44,5,149.04,88.0,61.04,Organic Search,Apple Pay
ORD-201908,2024-12-27,2024-12-29,CUST-3223,SKU-1010,1,42.61,0,42.61,19.5,23.11,Organic Search,Apple Pay
ORD-201908,2024-12-27,2024-12-29,CUST-3223,SKU-1019,2,24.26,0,48.52,22.0,26.52,Organic Search,Apple Pay
ORD-202034,2024-12-27,2025-01-01,CUST-3240,SKU-1020,4,80.04,15,272.14,176.0,96.14,Paid Search,Credit Card
ORD-202034,2024-12-27,2025-01-01,CUST-3240,SKU-1008,1,126.64,0,126.64,74.0,52.64,Paid Search,Credit Card
ORD-202034,2024-12-27,2025-01-01,CUST-3240,SKU-1019,3,23.55,0,70.65,33.0,37.65,Paid Search,Credit Card
ORD-202649,2024-12-27,2025-01-01,CUST-3317,SKU-1013,5,7.77,0,38.85,12.0,26.85,Referral,PayPal
ORD-202649,2024-12-27,2025-01-01,CUST-3317,SKU-1004,4,32.84,10,118.22,70.0,48.22,Referral,PayPal
ORD-202649,2024-12-27,2025-01-01,CUST-3317,SKU-1005,3,15.7,15,40.03,27.3,12.73,Referral,PayPal
ORD-202824,2024-12-27,2024-12-31,CUST-3330,SKU-1020,4,79.02,0,316.08,176.0,140.08,Social,Bank Transfer
ORD-202824,2024-12-27,2024-12-31,CUST-3330,SKU-1015,4,9.03,10,32.51,12.8,19.71,Social,Bank Transfer
ORD-202871,2024-12-27,2024-12-30,CUST-3334,SKU-1001,3,14.34,0,43.02,24.6,18.42,Direct,Cash on Delivery
ORD-202871,2024-12-27,2024-12-30,CUST-3334,SKU-1006,5,10.11,20,40.44,24.0,16.44,Direct,Cash on Delivery
ORD-202871,2024-12-27,2024-12-30,CUST-3334,SKU-1020,4,81.7,0,326.8,176.0,150.8,Direct,Cash on Delivery
ORD-200557,2024-12-28,2025-01-02,CUST-3061,SKU-1002,5,13.24,5,62.89,37.0,25.89,Direct,Credit Card
ORD-200916,2024-12-28,2025-01-01,CUST-3106,SKU-1020,4,83.04,0,332.16,176.0,156.16,Paid Search,Bank Transfer
ORD-200916,2024-12-28,2025-01-01,CUST-3106,SKU-1015,5,8.9,0,44.5,16.0,28.5,Paid Search,Bank Transfer
ORD-200916,2024-12-28,2025-01-01,CUST-3106,SKU-1007,1,452.3,10,407.07,280.0,127.07,Paid Search,Bank Transfer
ORD-201172,2024-12-28,2025-01-03,CUST-3133,SKU-1013,4,7.61,0,30.44,9.6,20.84,Organic Search,PayPal
ORD-201454,2024-12-28,2025-01-04,CUST-3170,SKU-1016,2,8.48,10,15.26,6.0,9.26,Organic Search,Credit Card
ORD-201454,2024-12-28,2025-01-04,CUST-3170,SKU-1008,1,127.09,0,127.09,74.0,53.09,Organic Search,Credit Card
ORD-202790,2024-12-28,2025-01-01,CUST-3328,SKU-1005,2,14.74,20,23.58,18.2,5.38,Direct,Apple Pay
ORD-200700,2024-12-29,2025-01-03,CUST-3074,SKU-1019,4,24.54,10,88.34,44.0,44.34,Organic Search,Apple Pay
ORD-201444,2024-12-29,2025-01-03,CUST-3169,SKU-1009,1,34.23,10,30.81,15.0,15.81,Referral,Apple Pay
ORD-201444,2024-12-29,2025-01-03,CUST-3169,SKU-1020,3,80.91,10,218.46,132.0,86.46,Referral,Apple Pay
ORD-200591,2024-12-30,2025-01-04,CUST-3066,SKU-1017,3,40.88,0,122.64,63.0,59.64,Email,Bank Transfer
ORD-200591,2024-12-30,2025-01-04,CUST-3066,SKU-1003,3,12.07,10,32.59,18.9,13.69,Email,Bank Transfer
ORD-200591,2024-12-30,2025-01-04,CUST-3066,SKU-1005,3,15.81,0,47.43,27.3,20.13,Email,Bank Transfer
ORD-200677,2024-12-30,2025-01-04,CUST-3073,SKU-1019,3,23.84,0,71.52,33.0,38.52,Social,Apple Pay
ORD-200701,2024-12-30,2025-01-02,CUST-3074,SKU-1020,3,78.38,10,211.63,132.0,79.63,Paid Search,Apple Pay
ORD-201940,2024-12-30,2024-12-31,CUST-3228,SKU-1015,3,9.28,0,27.84,9.6,18.24,Referral,PayPal
ORD-202217,2024-12-30,2025-01-03,CUST-3259,SKU-1013,3,7.45,0,22.35,7.2,15.15,Email,Cash on Delivery
ORD-202217,2024-12-30,2025-01-03,CUST-3259,SKU-1010,1,41.74,10,37.57,19.5,18.07,Email,Cash on Delivery
ORD-200984,2024-12-31,2025-01-04,CUST-3113,SKU-1020,3,77.97,0,233.91,132.0,101.91,Paid Search,PayPal
ORD-202965,2024-12-31,2025-01-01,CUST-3349,SKU-1003,4,11.49,15,39.07,25.2,13.87,Paid Search,Apple Pay
ORD-202965,2024-12-31,2025-01-01,CUST-3349,SKU-1010,1,41.55,0,41.55,19.5,22.05,Paid Search,Apple Pay
ORD-200350,2025-01-01,2025-01-03,CUST-3042,SKU-1013,2,7.4,20,11.84,4.8,7.04,Referral,Cash on Delivery
ORD-200350,2025-01-01,2025-01-03,CUST-3042,SKU-1014,2,12.12,0,24.24,8.2,16.04,Referral,Cash on Delivery
ORD-200350,2025-01-01,2025-01-03,CUST-3042,SKU-1011,1,27.84,10,25.06,12.0,13.06,Referral,Cash on Delivery
ORD-200617,2025-01-01,2025-01-02,CUST-3067,SKU-1019,3,23.85,10,64.4,33.0,31.4,Paid Search,PayPal
ORD-200617,2025-01-01,2025-01-02,CUST-3067,SKU-1020,4,81.02,0,324.08,176.0,148.08,Paid Search,PayPal
ORD-200617,2025-01-01,2025-01-02,CUST-3067,SKU-1020,5,82.73,15,351.6,220.0,131.6,Paid Search,PayPal
ORD-200072,2025-01-02,2025-01-09,CUST-3007,SKU-1019,5,23.55,0,117.75,55.0,62.75,Social,PayPal
ORD-200072,2025-01-02,2025-01-09,CUST-3007,SKU-1012,3,18.24,20,43.78,19.5,24.28,Social,PayPal
ORD-201295,2025-01-02,2025-01-06,CUST-3143,SKU-1019,5,24.52,20,98.08,55.0,43.08,Paid Search,Bank Transfer
ORD-200399,2025-01-03,2025-01-10,CUST-3049,SKU-1001,3,14.98,15,38.2,24.6,13.6,Email,PayPal
ORD-200558,2025-01-03,2025-01-04,CUST-3061,SKU-1020,5,77.88,0,389.4,220.0,169.4,Social,Credit Card
ORD-200558,2025-01-03,2025-01-04,CUST-3061,SKU-1020,4,78.44,0,313.76,176.0,137.76,Social,Credit Card
ORD-201124,2025-01-03,2025-01-05,CUST-3125,SKU-1015,2,9.2,0,18.4,6.4,12.0,Email,Bank Transfer
ORD-201161,2025-01-03,2025-01-07,CUST-3132,SKU-1007,1,464.97,20,371.98,280.0,91.98,Direct,Credit Card
ORD-201161,2025-01-03,2025-01-07,CUST-3132,SKU-1011,1,29.63,10,26.67,12.0,14.67,Direct,Credit Card
ORD-201488,2025-01-03,2025-01-08,CUST-3172,SKU-1012,3,18.75,0,56.25,19.5,36.75,Organic Search,Cash on Delivery
ORD-201488,2025-01-03,2025-01-08,CUST-3172,SKU-1020,3,82.92,0,248.76,132.0,116.76,Organic Search,Cash on Delivery
ORD-201488,2025-01-03,2025-01-08,CUST-3172,SKU-1019,4,23.69,10,85.28,44.0,41.28,Organic Search,Cash on Delivery
ORD-202066,2025-01-03,2025-01-04,CUST-3241,SKU-1019,3,25.01,0,75.03,33.0,42.03,Organic Search,PayPal
ORD-200093,2025-01-04,2025-01-10,CUST-3008,SKU-1008,1,129.32,0,129.32,74.0,55.32,Social,Apple Pay
ORD-200093,2025-01-04,2025-01-10,CUST-3008,SKU-1020,2,78.41,0,156.82,88.0,68.82,Social,Apple Pay
ORD-201026,2025-01-04,2025-01-05,CUST-3118,SKU-1018,4,27.85,0,111.4,54.0,57.4,Social,Bank Transfer
ORD-201026,2025-01-04,2025-01-05,CUST-3118,SKU-1020,4,80.73,0,322.92,176.0,146.92,Social,Bank Transfer
ORD-201089,2025-01-04,2025-01-10,CUST-3121,SKU-1020,4,79.9,20,255.68,176.0,79.68,Direct,Credit Card
ORD-201146,2025-01-04,2025-01-10,CUST-3128,SKU-1019,4,24.59,0,98.36,44.0,54.36,Social,Cash on Delivery
ORD-201146,2025-01-04,2025-01-10,CUST-3128,SKU-1011,1,28.89,20,23.11,12.0,11.11,Social,Cash on Delivery
ORD-201626,2025-01-04,2025-01-08,CUST-3192,SKU-1014,3,12.14,15,30.96,12.3,18.66,Social,Cash on Delivery
ORD-201626,2025-01-04,2025-01-08,CUST-3192,SKU-1019,5,23.71,15,100.77,55.0,45.77,Social,Cash on Delivery
ORD-202940,2025-01-04,2025-01-11,CUST-3348,SKU-1006,4,10.49,20,33.57,19.2,14.37,Social,Cash on Delivery
ORD-202940,2025-01-04,2025-01-11,CUST-3348,SKU-1019,2,25.03,0,50.06,22.0,28.06,Social,Cash on Delivery
ORD-200094,2025-01-05,2025-01-07,CUST-3008,SKU-1019,2,25.28,0,50.56,22.0,28.56,Direct,Credit Card
ORD-200936,2025-01-05,2025-01-09,CUST-3108,SKU-1010,1,42.05,10,37.84,19.5,18.34,Paid Search,Credit Card
ORD-201796,2025-01-05,2025-01-12,CUST-3216,SKU-1019,5,24.52,0,122.6,55.0,67.6,Referral,Credit Card
ORD-201796,2025-01-05,2025-01-12,CUST-3216,SKU-1020,5,78.23,0,391.15,220.0,171.15,Referral,Credit Card
ORD-201796,2025-01-05,2025-01-12,CUST-3216,SKU-1020,5,78.26,10,352.17,220.0,132.17,Referral,Credit Card
ORD-202336,2025-01-05,2025-01-10,CUST-3284,SKU-1012,3,18.61,15,47.46,19.5,27.96,Organic Search,PayPal
ORD-202336,2025-01-05,2025-01-10,CUST-3284,SKU-1020,4,82.14,10,295.7,176.0,119.7,Organic Search,PayPal
ORD-202475,2025-01-05,2025-01-10,CUST-3301,SKU-1003,5,12.17,10,54.77,31.5,23.27,Referral,Bank Transfer
ORD-202475,2025-01-05,2025-01-10,CUST-3301,SKU-1009,1,34.06,15,28.95,15.0,13.95,Referral,Bank Transfer
ORD-200073,2025-01-06,2025-01-11,CUST-3007,SKU-1020,5,78.18,15,332.27,220.0,112.27,Social,Cash on Delivery
ORD-200073,2025-01-06,2025-01-11,CUST-3007,SKU-1020,3,77.89,0,233.67,132.0,101.67,Social,Cash on Delivery
ORD-200073,2025-01-06,2025-01-11,CUST-3007,SKU-1019,5,25.38,0,126.9,55.0,71.9,Social,Cash on Delivery
ORD-200559,2025-01-06,2025-01-08,CUST-3061,SKU-1002,4,12.99,0,51.96,29.6,22.36,Direct,Apple Pay
ORD-200559,2025-01-06,2025-01-08,CUST-3061,SKU-1020,3,83.46,15,212.82,132.0,80.82,Direct,Apple Pay
ORD-200559,2025-01-06,2025-01-08,CUST-3061,SKU-1020,3,81.9,0,245.7,132.0,113.7,Direct,Apple Pay
ORD-201489,2025-01-06,2025-01-07,CUST-3172,SKU-1019,4,24.27,15,82.52,44.0,38.52,Referral,Bank Transfer
ORD-201489,2025-01-06,2025-01-07,CUST-3172,SKU-1019,3,23.91,15,60.97,33.0,27.97,Referral,Bank Transfer
ORD-202593,2025-01-06,2025-01-10,CUST-3311,SKU-1019,4,25.07,10,90.25,44.0,46.25,Direct,Cash on Delivery
ORD-201090,2025-01-07,2025-01-13,CUST-3121,SKU-1020,3,80.98,0,242.94,132.0,110.94,Paid Search,PayPal
ORD-200074,2025-01-08,2025-01-10,CUST-3007,SKU-1002,3,13.2,10,35.64,22.2,13.44,Referral,PayPal
ORD-200730,2025-01-08,2025-01-14,CUST-3080,SKU-1009,1,35.24,20,28.19,15.0,13.19,Direct,PayPal
ORD-200730,2025-01-08,2025-01-14,CUST-3080,SKU-1002,2,13.26,0,26.52,14.8,11.72,Direct,PayPal
ORD-200730,2025-01-08,2025-01-14,CUST-3080,SKU-1017,2,40.03,0,80.06,42.0,38.06,Direct,PayPal
ORD-200251,2025-01-09,2025-01-12,CUST-3033,SKU-1019,3,23.88,10,64.48,33.0,31.48,Referral,Apple Pay
ORD-200251,2025-01-09,2025-01-12,CUST-3033,SKU-1018,3,28.27,15,72.09,40.5,31.59,Referral,Apple Pay
ORD-200251,2025-01-09,2025-01-12,CUST-3033,SKU-1019,3,25.29,10,68.28,33.0,35.28,Referral,Apple Pay
ORD-200444,2025-01-09,2025-01-13,CUST-3053,SKU-1020,5,77.75,20,311.0,220.0,91.0,Social,Apple Pay
ORD-201875,2025-01-09,2025-01-12,CUST-3220,SKU-1004,3,33.2,10,89.64,52.5,37.14,Email,Cash on Delivery
ORD-201875,2025-01-09,2025-01-12,CUST-3220,SKU-1004,3,32.89,5,93.74,52.5,41.24,Email,Cash on Delivery
ORD-201875,2025-01-09,2025-01-12,CUST-3220,SKU-1019,4,23.87,10,85.93,44.0,41.93,Email,Cash on Delivery
ORD-201328,2025-01-10,2025-01-15,CUST-3150,SKU-1001,4,14.57,20,46.62,32.8,13.82,Direct,PayPal
ORD-201348,2025-01-10,2025-01-16,CUST-3151,SKU-1001,4,14.42,0,57.68,32.8,24.88,Direct,Credit Card
ORD-201348,2025-01-10,2025-01-16,CUST-3151,SKU-1003,3,12.08,10,32.62,18.9,13.72,Direct,Credit Card
ORD-201834,2025-01-10,2025-01-14,CUST-3217,SKU-1002,4,13.56,0,54.24,29.6,24.64,Email,Apple Pay
ORD-201834,2025-01-10,2025-01-14,CUST-3217,SKU-1020,5,83.29,0,416.45,220.0,196.45,Email,Apple Pay
ORD-201945,2025-01-10,2025-01-13,CUST-3229,SKU-1002,2,13.7,15,23.29,14.8,8.49,Referral,Bank Transfer
ORD-202035,2025-01-10,2025-01-16,CUST-3240,SKU-1020,5,78.81,5,374.35,220.0,154.35,Email,Credit Card
ORD-202035,2025-01-10,2025-01-16,CUST-3240,SKU-1020,3,80.65,0,241.95,132.0,109.95,Email,Credit Card
ORD-202035,2025-01-10,2025-01-16,CUST-3240,SKU-1014,4,12.63,0,50.52,16.4,34.12,Email,Credit Card
ORD-202067,2025-01-10,2025-01-15,CUST-3241,SKU-1011,1,28.55,0,28.55,12.0,16.55,Social,Apple Pay
ORD-202067,2025-01-10,2025-01-15,CUST-3241,SKU-1019,4,24.53,0,98.12,44.0,54.12,Social,Apple Pay
ORD-202068,2025-01-10,2025-01-14,CUST-3241,SKU-1020,3,80.49,0,241.47,132.0,109.47,Paid Search,Cash on Delivery
ORD-200007,2025-01-11,2025-01-13,CUST-3001,SKU-1017,2,39.93,0,79.86,42.0,37.86,Paid Search,Apple Pay
ORD-201835,2025-01-11,2025-01-13,CUST-3217,SKU-1016,5,8.94,20,35.76,15.0,20.76,Referral,Apple Pay
ORD-201835,2025-01-11,2025-01-13,CUST-3217,SKU-1019,5,23.58,20,94.32,55.0,39.32,Referral,Apple Pay
ORD-202521,2025-01-11,2025-01-14,CUST-3304,SKU-1008,1,126.87,5,120.53,74.0,46.53,Paid Search,Bank Transfer
ORD-202993,2025-01-11,2025-01-13,CUST-3350,SKU-1009,1,33.64,0,33.64,15.0,18.64,Direct,Bank Transfer
ORD-200592,2025-01-12,2025-01-18,CUST-3066,SKU-1006,3,9.82,5,27.99,14.4,13.59,Direct,Bank Transfer
ORD-202522,2025-01-12,2025-01-18,CUST-3304,SKU-1003,3,11.36,0,34.08,18.9,15.18,Direct,Credit Card
ORD-202522,2025-01-12,2025-01-18,CUST-3304,SKU-1019,4,24.77,5,94.13,44.0,50.13,Direct,Credit Card
ORD-202522,2025-01-12,2025-01-18,CUST-3304,SKU-1020,4,77.69,0,310.76,176.0,134.76,Direct,Credit Card
ORD-200500,2025-01-13,2025-01-14,CUST-3058,SKU-1014,2,12.06,20,19.3,8.2,11.1,Organic Search,Bank Transfer
ORD-201091,2025-01-13,2025-01-18,CUST-3121,SKU-1012,4,19.05,0,76.2,26.0,50.2,Email,Apple Pay
ORD-201389,2025-01-13,2025-01-14,CUST-3161,SKU-1010,1,42.55,10,38.3,19.5,18.8,Paid Search,Cash on Delivery
ORD-201510,2025-01-13,2025-01-18,CUST-3173,SKU-1020,3,79.05,10,213.43,132.0,81.43,Referral,PayPal
ORD-202476,2025-01-13,2025-01-14,CUST-3301,SKU-1009,1,33.43,0,33.43,15.0,18.43,Social,Apple Pay
ORD-200075,2025-01-14,2025-01-20,CUST-3007,SKU-1014,3,11.86,0,35.58,12.3,23.28,Social,Cash on Delivery
ORD-201162,2025-01-14,2025-01-18,CUST-3132,SKU-1019,2,24.79,0,49.58,22.0,27.58,Direct,Bank Transfer
ORD-201162,2025-01-14,2025-01-18,CUST-3132,SKU-1005,4,15.04,10,54.14,36.4,17.74,Direct,Bank Transfer
ORD-202000,2025-01-14,2025-01-19,CUST-3237,SKU-1009,1,34.85,0,34.85,15.0,19.85,Paid Search,PayPal
ORD-202407,2025-01-14,2025-01-21,CUST-3289,SKU-1019,5,23.53,0,117.65,55.0,62.65,Referral,PayPal
ORD-202407,2025-01-14,2025-01-21,CUST-3289,SKU-1020,4,78.46,5,298.15,176.0,122.15,Referral,PayPal
ORD-202407,2025-01-14,2025-01-21,CUST-3289,SKU-1020,4,80.38,0,321.52,176.0,145.52,Referral,PayPal
ORD-200076,2025-01-15,2025-01-20,CUST-3007,SKU-1011,1,29.25,15,24.86,12.0,12.86,Paid Search,Cash on Delivery
ORD-200076,2025-01-15,2025-01-20,CUST-3007,SKU-1019,3,25.22,10,68.09,33.0,35.09,Paid Search,Cash on Delivery
ORD-200182,2025-01-15,2025-01-22,CUST-3022,SKU-1001,4,15.11,0,60.44,32.8,27.64,Email,Bank Transfer
ORD-200182,2025-01-15,2025-01-22,CUST-3022,SKU-1005,3,15.2,10,41.04,27.3,13.74,Email,Bank Transfer
ORD-200182,2025-01-15,2025-01-22,CUST-3022,SKU-1012,2,18.37,0,36.74,13.0,23.74,Email,Bank Transfer
ORD-200235,2025-01-15,2025-01-21,CUST-3032,SKU-1015,3,9.05,0,27.15,9.6,17.55,Direct,Apple Pay
ORD-200235,2025-01-15,2025-01-21,CUST-3032,SKU-1008,1,131.47,0,131.47,74.0,57.47,Direct,Apple Pay
ORD-200385,2025-01-15,2025-01-21,CUST-3048,SKU-1015,5,9.36,20,37.44,16.0,21.44,Email,Credit Card
ORD-200385,2025-01-15,2025-01-21,CUST-3048,SKU-1018,3,27.72,20,66.53,40.5,26.03,Email,Credit Card
ORD-200650,2025-01-15,2025-01-22,CUST-3070,SKU-1020,5,80.8,20,323.2,220.0,103.2,Social,Apple Pay
ORD-202218,2025-01-15,2025-01-20,CUST-3259,SKU-1019,2,24.16,0,48.32,22.0,26.32,Paid Search,PayPal
ORD-202523,2025-01-15,2025-01-16,CUST-3304,SKU-1019,4,23.77,0,95.08,44.0,51.08,Referral,Credit Card
ORD-202523,2025-01-15,2025-01-16,CUST-3304,SKU-1019,3,23.75,15,60.56,33.0,27.56,Referral,Credit Card
ORD-202552,2025-01-15,2025-01-19,CUST-3310,SKU-1012,3,18.53,0,55.59,19.5,36.09,Email,Credit Card
ORD-202966,2025-01-15,2025-01-18,CUST-3349,SKU-1019,4,24.24,10,87.26,44.0,43.26,Social,Cash on Delivery
ORD-202966,2025-01-15,2025-01-18,CUST-3349,SKU-1017,4,38.47,0,153.88,84.0,69.88,Social,Cash on Delivery
ORD-202966,2025-01-15,2025-01-18,CUST-3349,SKU-1019,3,24.29,0,72.87,33.0,39.87,Social,Cash on Delivery
ORD-202001,2025-01-16,2025-01-17,CUST-3237,SKU-1011,1,29.56,0,29.56,12.0,17.56,Direct,PayPal
ORD-202001,2025-01-16,2025-01-17,CUST-3237,SKU-1013,2,7.87,20,12.59,4.8,7.79,Direct,PayPal
ORD-200736,2025-01-17,2025-01-24,CUST-3081,SKU-1009,1,33.59,0,33.59,15.0,18.59,Paid Search,Cash on Delivery
ORD-200736,2025-01-17,2025-01-24,CUST-3081,SKU-1020,4,82.09,0,328.36,176.0,152.36,Paid Search,Cash on Delivery
ORD-200736,2025-01-17,2025-01-24,CUST-3081,SKU-1005,3,15.11,20,36.26,27.3,8.96,Paid Search,Cash on Delivery
ORD-200956,2025-01-17,2025-01-24,CUST-3111,SKU-1003,4,11.75,0,47.0,25.2,21.8,Direct,PayPal
ORD-202367,2025-01-17,2025-01-19,CUST-3288,SKU-1009,1,33.53,10,30.18,15.0,15.18,Referral,PayPal
ORD-202367,2025-01-17,2025-01-19,CUST-3288,SKU-1003,3,11.65,15,29.71,18.9,10.81,Referral,PayPal
ORD-202594,2025-01-17,2025-01-19,CUST-3311,SKU-1019,3,24.52,0,73.56,33.0,40.56,Direct,PayPal
ORD-202594,2025-01-17,2025-01-19,CUST-3311,SKU-1013,4,7.4,0,29.6,9.6,20.0,Direct,PayPal
ORD-200445,2025-01-18,2025-01-25,CUST-3053,SKU-1019,4,25.14,0,100.56,44.0,56.56,Direct,Cash on Delivery
ORD-200445,2025-01-18,2025-01-25,CUST-3053,SKU-1020,5,81.09,5,385.18,220.0,165.18,Direct,Cash on Delivery
ORD-200740,2025-01-18,2025-01-22,CUST-3083,SKU-1018,1,28.08,0,28.08,13.5,14.58,Email,Apple Pay
ORD-200751,2025-01-18,2025-01-21,CUST-3086,SKU-1011,1,29.58,20,23.66,12.0,11.66,Referral,Cash on Delivery
ORD-200828,2025-01-18,2025-01-19,CUST-3091,SKU-1020,4,80.45,10,289.62,176.0,113.62,Organic Search,PayPal
ORD-202318,2025-01-18,2025-01-23,CUST-3279,SKU-1005,4,14.98,5,56.92,36.4,20.52,Organic Search,PayPal
ORD-202318,2025-01-18,2025-01-23,CUST-3279,SKU-1020,4,78.49,10,282.56,176.0,106.56,Organic Search,PayPal
ORD-202967,2025-01-18,2025-01-19,CUST-3349,SKU-1019,3,24.76,10,66.85,33.0,33.85,Email,PayPal
ORD-200358,2025-01-19,2025-01-21,CUST-3044,SKU-1005,2,15.27,5,29.01,18.2,10.81,Referral,Apple Pay
ORD-200894,2025-01-19,2025-01-21,CUST-3102,SKU-1016,1,8.55,5,8.12,3.0,5.12,Email,Credit Card
ORD-200894,2025-01-19,2025-01-21,CUST-3102,SKU-1003,3,12.03,0,36.09,18.9,17.19,Email,Credit Card
ORD-201329,2025-01-19,2025-01-23,CUST-3150,SKU-1009,1,33.66,0,33.66,15.0,18.66,Paid Search,Apple Pay
ORD-200225,2025-01-20,2025-01-23,CUST-3030,SKU-1020,3,82.62,0,247.86,132.0,115.86,Direct,Cash on Delivery
ORD-200225,2025-01-20,2025-01-23,CUST-3030,SKU-1020,4,79.79,5,303.2,176.0,127.2,Direct,Cash on Delivery
ORD-200917,2025-01-20,2025-01-21,CUST-3106,SKU-1019,3,24.52,20,58.85,33.0,25.85,Email,PayPal
ORD-200917,2025-01-20,2025-01-21,CUST-3106,SKU-1002,3,13.57,15,34.6,22.2,12.4,Email,PayPal
ORD-202036,2025-01-20,2025-01-21,CUST-3240,SKU-1017,4,40.26,20,128.83,84.0,44.83,Referral,Credit Card
ORD-202872,2025-01-20,2025-01-26,CUST-3334,SKU-1019,5,24.01,0,120.05,55.0,65.05,Organic Search,Cash on Delivery
ORD-202872,2025-01-20,2025-01-26,CUST-3334,SKU-1019,4,24.49,0,97.96,44.0,53.96,Organic Search,Cash on Delivery
ORD-201092,2025-01-21,2025-01-24,CUST-3121,SKU-1003,4,11.4,0,45.6,25.2,20.4,Organic Search,Credit Card
ORD-201092,2025-01-21,2025-01-24,CUST-3121,SKU-1020,5,82.19,0,410.95,220.0,190.95,Organic Search,Credit Card
ORD-201092,2025-01-21,2025-01-24,CUST-3121,SKU-1007,1,450.94,5,428.39,280.0,148.39,Organic Search,Credit Card
ORD-201173,2025-01-21,2025-01-27,CUST-3133,SKU-1018,3,27.54,0,82.62,40.5,42.12,Direct,Bank Transfer
ORD-201173,2025-01-21,2025-01-27,CUST-3133,SKU-1012,4,18.33,10,65.99,26.0,39.99,Direct,Bank Transfer
ORD-201349,2025-01-21,2025-01-27,CUST-3151,SKU-1003,2,11.94,10,21.49,12.6,8.89,Paid Search,Apple Pay
ORD-201490,2025-01-21,2025-01-25,CUST-3172,SKU-1020,3,82.04,0,246.12,132.0,114.12,Paid Search,Cash on Delivery
ORD-201490,2025-01-21,2025-01-25,CUST-3172,SKU-1011,1,28.84,0,28.84,12.0,16.84,Paid Search,Cash on Delivery
ORD-201490,2025-01-21,2025-01-25,CUST-3172,SKU-1008,1,128.51,15,109.23,74.0,35.23,Paid Search,Cash on Delivery
ORD-202037,2025-01-21,2025-01-28,CUST-3240,SKU-1009,1,34.48,10,31.03,15.0,16.03,Paid Search,PayPal
ORD-202037,2025-01-21,2025-01-28,CUST-3240,SKU-1020,3,77.92,0,233.76,132.0,101.76,Paid Search,PayPal
ORD-202037,2025-01-21,2025-01-28,CUST-3240,SKU-1019,4,23.56,10,84.82,44.0,40.82,Paid Search,PayPal
ORD-200593,2025-01-22,2025-01-25,CUST-3066,SKU-1020,3,78.26,15,199.56,132.0,67.56,Organic Search,Apple Pay
ORD-202168,2025-01-22,2025-01-24,CUST-3254,SKU-1015,2,9.42,0,18.84,6.4,12.44,Direct,PayPal
ORD-202168,2025-01-22,2025-01-24,CUST-3254,SKU-1017,2,38.77,10,69.79,42.0,27.79,Direct,PayPal
ORD-202227,2025-01-22,2025-01-27,CUST-3263,SKU-1007,1,462.52,0,462.52,280.0,182.52,Social,Apple Pay
ORD-202227,2025-01-22,2025-01-27,CUST-3263,SKU-1013,3,7.41,20,17.78,7.2,10.58,Social,Apple Pay
ORD-202272,2025-01-22,2025-01-29,CUST-3271,SKU-1005,4,15.5,0,62.0,36.4,25.6,Organic Search,Cash on Delivery
ORD-202532,2025-01-22,2025-01-27,CUST-3307,SKU-1006,1,9.84,10,8.86,4.8,4.06,Referral,PayPal
ORD-202532,2025-01-22,2025-01-27,CUST-3307,SKU-1003,3,11.57,10,31.24,18.9,12.34,Referral,PayPal
ORD-200446,2025-01-23,2025-01-29,CUST-3053,SKU-1020,5,80.0,0,400.0,220.0,180.0,Email,Credit Card
ORD-200618,2025-01-23,2025-01-27,CUST-3067,SKU-1020,3,80.94,20,194.26,132.0,62.26,Paid Search,Apple Pay
ORD-200985,2025-01-23,2025-01-28,CUST-3113,SKU-1006,4,10.39,0,41.56,19.2,22.36,Social,Apple Pay
ORD-200985,2025-01-23,2025-01-28,CUST-3113,SKU-1020,5,81.23,10,365.54,220.0,145.54,Social,Apple Pay
ORD-200985,2025-01-23,2025-01-28,CUST-3113,SKU-1010,1,41.56,5,39.48,19.5,19.98,Social,Apple Pay
ORD-201007,2025-01-23,2025-01-29,CUST-3117,SKU-1015,3,9.38,10,25.33,9.6,15.73,Referral,Bank Transfer
ORD-201007,2025-01-23,2025-01-29,CUST-3117,SKU-1014,3,12.52,10,33.8,12.3,21.5,Referral,Bank Transfer
ORD-202002,2025-01-23,2025-01-29,CUST-3237,SKU-1018,3,27.83,20,66.79,40.5,26.29,Social,Credit Card
ORD-202002,2025-01-23,2025-01-29,CUST-3237,SKU-1006,3,9.79,20,23.5,14.4,9.1,Social,Credit Card
ORD-202002,2025-01-23,2025-01-29,CUST-3237,SKU-1006,4,9.88,0,39.52,19.2,20.32,Social,Credit Card
ORD-202038,2025-01-23,2025-01-29,CUST-3240,SKU-1020,3,78.7,10,212.49,132.0,80.49,Organic Search,Apple Pay
ORD-202745,2025-01-23,2025-01-27,CUST-3321,SKU-1020,3,83.01,0,249.03,132.0,117.03,Direct,Apple Pay
ORD-202745,2025-01-23,2025-01-27,CUST-3321,SKU-1004,5,33.65,15,143.01,87.5,55.51,Direct,Apple Pay
ORD-202745,2025-01-23,2025-01-27,CUST-3321,SKU-1018,4,27.84,0,111.36,54.0,57.36,Direct,Apple Pay
ORD-200514,2025-01-24,2025-01-26,CUST-3059,SKU-1012,2,18.23,10,32.81,13.0,19.81,Paid Search,Bank Transfer
ORD-201667,2025-01-24,2025-01-26,CUST-3201,SKU-1014,2,12.55,15,21.34,8.2,13.14,Organic Search,PayPal
ORD-201667,2025-01-24,2025-01-26,CUST-3201,SKU-1010,1,42.39,20,33.91,19.5,14.41,Organic Search,PayPal
ORD-201667,2025-01-24,2025-01-26,CUST-3201,SKU-1015,2,9.29,10,16.72,6.4,10.32,Organic Search,PayPal
ORD-201946,2025-01-24,2025-01-25,CUST-3229,SKU-1004,4,32.99,0,131.96,70.0,61.96,Referral,Apple Pay
ORD-202302,2025-01-24,2025-01-31,CUST-3277,SKU-1015,1,8.99,0,8.99,3.2,5.79,Email,Bank Transfer
ORD-202331,2025-01-24,2025-01-29,CUST-3281,SKU-1001,3,14.79,10,39.93,24.6,15.33,Email,Cash on Delivery
ORD-200746,2025-01-25,2025-01-31,CUST-3085,SKU-1007,1,467.1,0,467.1,280.0,187.1,Social,Cash on Delivery
ORD-200918,2025-01-25,2025-01-30,CUST-3106,SKU-1007,1,455.58,0,455.58,280.0,175.58,Referral,Cash on Delivery
ORD-200918,2025-01-25,2025-01-30,CUST-3106,SKU-1020,4,79.76,5,303.09,176.0,127.09,Referral,Cash on Delivery
ORD-200918,2025-01-25,2025-01-30,CUST-3106,SKU-1016,4,9.0,0,36.0,12.0,24.0,Referral,Cash on Delivery
ORD-201296,2025-01-25,2025-01-26,CUST-3143,SKU-1011,1,28.47,10,25.62,12.0,13.62,Referral,PayPal
ORD-201353,2025-01-25,2025-01-31,CUST-3153,SKU-1010,1,42.66,10,38.39,19.5,18.89,Direct,Apple Pay
ORD-202595,2025-01-25,2025-01-29,CUST-3311,SKU-1016,5,8.34,15,35.45,15.0,20.45,Email,PayPal
ORD-200252,2025-01-26,2025-01-30,CUST-3033,SKU-1002,3,13.28,0,39.84,22.2,17.64,Direct,Cash on Delivery
ORD-200252,2025-01-26,2025-01-30,CUST-3033,SKU-1019,4,24.54,0,98.16,44.0,54.16,Direct,Cash on Delivery
ORD-200252,2025-01-26,2025-01-30,CUST-3033,SKU-1004,3,32.79,0,98.37,52.5,45.87,Direct,Cash on Delivery
ORD-200299,2025-01-26,2025-01-29,CUST-3040,SKU-1018,3,27.69,0,83.07,40.5,42.57,Referral,Bank Transfer
ORD-200829,2025-01-26,2025-02-02,CUST-3091,SKU-1013,4,7.41,0,29.64,9.6,20.04,Direct,Bank Transfer
ORD-201232,2025-01-26,2025-01-27,CUST-3138,SKU-1019,3,25.08,20,60.19,33.0,27.19,Email,Bank Transfer
ORD-201232,2025-01-26,2025-01-27,CUST-3138,SKU-1020,5,78.1,20,312.4,220.0,92.4,Email,Bank Transfer
ORD-201232,2025-01-26,2025-01-27,CUST-3138,SKU-1020,3,81.14,0,243.42,132.0,111.42,Email,Bank Transfer
ORD-202190,2025-01-26,2025-02-02,CUST-3257,SKU-1019,3,24.11,10,65.1,33.0,32.1,Social,PayPal
ORD-200008,2025-01-27,2025-02-02,CUST-3001,SKU-1019,4,24.39,10,87.8,44.0,43.8,Paid Search,Credit Card
ORD-200226,2025-01-27,2025-02-01,CUST-3030,SKU-1008,1,131.09,0,131.09,74.0,57.09,Organic Search,Credit Card
ORD-200256,2025-01-27,2025-02-01,CUST-3035,SKU-1013,2,7.65,0,15.3,4.8,10.5,Social,Bank Transfer
ORD-202069,2025-01-27,2025-02-02,CUST-3241,SKU-1004,4,32.48,5,123.42,70.0,53.42,Email,Apple Pay
ORD-202069,2025-01-27,2025-02-02,CUST-3241,SKU-1020,3,81.03,5,230.94,132.0,98.94,Email,Apple Pay
ORD-202069,2025-01-27,2025-02-02,CUST-3241,SKU-1001,5,14.7,15,62.48,41.0,21.48,Email,Apple Pay
ORD-200077,2025-01-28,2025-02-04,CUST-3007,SKU-1019,4,24.88,0,99.52,44.0,55.52,Organic Search,Credit Card
ORD-202650,2025-01-28,2025-02-04,CUST-3317,SKU-1012,4,17.89,20,57.25,26.0,31.25,Social,Bank Transfer
ORD-202650,2025-01-28,2025-02-04,CUST-3317,SKU-1003,5,11.82,0,59.1,31.5,27.6,Social,Bank Transfer
ORD-200501,2025-01-29,2025-01-30,CUST-3058,SKU-1008,1,131.55,20,105.24,74.0,31.24,Direct,Credit Card
ORD-200560,2025-01-29,2025-02-05,CUST-3061,SKU-1019,5,24.48,0,122.4,55.0,67.4,Organic Search,PayPal
ORD-200560,2025-01-29,2025-02-05,CUST-3061,SKU-1018,4,26.9,0,107.6,54.0,53.6,Organic Search,PayPal
ORD-201233,2025-01-29,2025-02-04,CUST-3138,SKU-1019,5,25.43,10,114.44,55.0,59.44,Direct,PayPal
ORD-201797,2025-01-29,2025-01-30,CUST-3216,SKU-1019,3,24.43,20,58.63,33.0,25.63,Referral,Bank Transfer
ORD-200406,2025-01-30,2025-02-03,CUST-3051,SKU-1003,3,11.98,0,35.94,18.9,17.04,Paid Search,Apple Pay
ORD-202994,2025-01-30,2025-01-31,CUST-3350,SKU-1006,2,9.82,0,19.64,9.6,10.04,Direct,Cash on Delivery
ORD-202994,2025-01-30,2025-01-31,CUST-3350,SKU-1001,3,15.28,10,41.26,24.6,16.66,Direct,Cash on Delivery
ORD-202994,2025-01-30,2025-01-31,CUST-3350,SKU-1008,1,127.68,0,127.68,74.0,53.68,Direct,Cash on Delivery
ORD-200447,2025-01-31,2025-02-06,CUST-3053,SKU-1020,3,80.62,0,241.86,132.0,109.86,Paid Search,Bank Transfer
ORD-201255,2025-01-31,2025-02-06,CUST-3141,SKU-1009,1,35.86,0,35.86,15.0,20.86,Direct,Credit Card
ORD-201511,2025-01-31,2025-02-02,CUST-3173,SKU-1016,3,8.54,5,24.34,9.0,15.34,Referral,Cash on Delivery
ORD-201511,2025-01-31,2025-02-02,CUST-3173,SKU-1019,2,25.28,10,45.5,22.0,23.5,Referral,Cash on Delivery
ORD-202368,2025-01-31,2025-02-07,CUST-3288,SKU-1004,3,32.82,0,98.46,52.5,45.96,Paid Search,Bank Transfer
ORD-200448,2025-02-01,2025-02-03,CUST-3053,SKU-1020,4,81.03,0,324.12,176.0,148.12,Organic Search,Bank Transfer
ORD-200515,2025-02-01,2025-02-03,CUST-3059,SKU-1007,1,443.41,0,443.41,280.0,163.41,Social,Cash on Delivery
ORD-200515,2025-02-01,2025-02-03,CUST-3059,SKU-1003,2,11.67,15,19.84,12.6,7.24,Social,Cash on Delivery
ORD-200515,2025-02-01,2025-02-03,CUST-3059,SKU-1020,3,81.87,10,221.05,132.0,89.05,Social,Cash on Delivery
ORD-200561,2025-02-01,2025-02-06,CUST-3061,SKU-1003,4,11.68,5,44.38,25.2,19.18,Email,PayPal
ORD-200561,2025-02-01,2025-02-06,CUST-3061,SKU-1017,5,40.52,20,162.08,105.0,57.08,Email,PayPal
ORD-200823,2025-02-01,2025-02-05,CUST-3090,SKU-1011,1,28.89,20,23.11,12.0,11.11,Paid Search,Bank Transfer
ORD-200823,2025-02-01,2025-02-05,CUST-3090,SKU-1013,1,7.88,10,7.09,2.4,4.69,Paid Search,Bank Transfer
ORD-200823,2025-02-01,2025-02-05,CUST-3090,SKU-1016,3,8.4,10,22.68,9.0,13.68,Paid Search,Bank Transfer
ORD-201561,2025-02-01,2025-02-05,CUST-3184,SKU-1013,2,7.65,20,12.24,4.8,7.44,Paid Search,Apple Pay
ORD-202228,2025-02-01,2025-02-06,CUST-3263,SKU-1018,1,27.92,10,25.13,13.5,11.63,Referral,PayPal
ORD-200336,2025-02-02,2025-02-05,CUST-3041,SKU-1008,1,134.28,0,134.28,74.0,60.28,Organic Search,Credit Card
ORD-200336,2025-02-02,2025-02-05,CUST-3041,SKU-1003,3,11.84,0,35.52,18.9,16.62,Organic Search,Credit Card
ORD-200336,2025-02-02,2025-02-05,CUST-3041,SKU-1020,3,78.2,10,211.14,132.0,79.14,Organic Search,Credit Card
ORD-200516,2025-02-02,2025-02-05,CUST-3059,SKU-1011,1,28.05,0,28.05,12.0,16.05,Organic Search,Credit Card
ORD-200516,2025-02-02,2025-02-05,CUST-3059,SKU-1018,4,27.03,0,108.12,54.0,54.12,Organic Search,Credit Card
ORD-200516,2025-02-02,2025-02-05,CUST-3059,SKU-1020,4,77.84,15,264.66,176.0,88.66,Organic Search,Credit Card
ORD-200651,2025-02-02,2025-02-03,CUST-3070,SKU-1020,5,81.86,20,327.44,220.0,107.44,Direct,PayPal
ORD-201512,2025-02-02,2025-02-05,CUST-3173,SKU-1019,4,24.67,10,88.81,44.0,44.81,Paid Search,Bank Transfer
ORD-202524,2025-02-02,2025-02-06,CUST-3304,SKU-1020,5,78.14,0,390.7,220.0,170.7,Referral,Credit Card
ORD-202524,2025-02-02,2025-02-06,CUST-3304,SKU-1019,4,23.58,10,84.89,44.0,40.89,Referral,Credit Card
ORD-200702,2025-02-03,2025-02-06,CUST-3074,SKU-1019,4,25.36,20,81.15,44.0,37.15,Organic Search,Credit Card
ORD-201324,2025-02-03,2025-02-09,CUST-3148,SKU-1017,4,38.94,10,140.18,84.0,56.18,Paid Search,Apple Pay
ORD-202968,2025-02-03,2025-02-10,CUST-3349,SKU-1020,4,78.09,0,312.36,176.0,136.36,Direct,Credit Card
ORD-202968,2025-02-03,2025-02-10,CUST-3349,SKU-1020,4,78.55,0,314.2,176.0,138.2,Direct,Credit Card
ORD-201048,2025-02-04,2025-02-06,CUST-3120,SKU-1015,3,9.07,20,21.77,9.6,12.17,Organic Search,Cash on Delivery
ORD-201048,2025-02-04,2025-02-06,CUST-3120,SKU-1015,3,9.21,0,27.63,9.6,18.03,Organic Search,Cash on Delivery
ORD-200183,2025-02-05,2025-02-12,CUST-3022,SKU-1020,2,79.09,10,142.36,88.0,54.36,Email,Apple Pay
ORD-200213,2025-02-05,2025-02-08,CUST-3027,SKU-1011,1,29.2,0,29.2,12.0,17.2,Paid Search,Bank Transfer
ORD-200619,2025-02-05,2025-02-10,CUST-3067,SKU-1008,1,131.35,0,131.35,74.0,57.35,Organic Search,Apple Pay
ORD-200786,2025-02-05,2025-02-10,CUST-3088,SKU-1012,5,18.39,0,91.95,32.5,59.45,Organic Search,Credit Card
ORD-200786,2025-02-05,2025-02-10,CUST-3088,SKU-1018,4,28.02,0,112.08,54.0,58.08,Organic Search,Credit Card
ORD-200881,2025-02-05,2025-02-11,CUST-3099,SKU-1020,2,81.76,0,163.52,88.0,75.52,Paid Search,Bank Transfer
ORD-200881,2025-02-05,2025-02-11,CUST-3099,SKU-1019,2,24.4,15,41.48,22.0,19.48,Paid Search,Bank Transfer
ORD-200986,2025-02-06,2025-02-13,CUST-3113,SKU-1004,5,31.84,0,159.2,87.5,71.7,Paid Search,Apple Pay
ORD-202279,2025-02-06,2025-02-09,CUST-3272,SKU-1012,2,18.14,0,36.28,13.0,23.28,Email,Apple Pay
ORD-202279,2025-02-06,2025-02-09,CUST-3272,SKU-1003,2,11.35,10,20.43,12.6,7.83,Email,Apple Pay
ORD-202477,2025-02-06,2025-02-12,CUST-3301,SKU-1006,5,10.08,0,50.4,24.0,26.4,Organic Search,Credit Card
ORD-202477,2025-02-06,2025-02-12,CUST-3301,SKU-1006,3,9.81,10,26.49,14.4,12.09,Organic Search,Credit Card
ORD-200449,2025-02-07,2025-02-10,CUST-3053,SKU-1019,3,24.2,10,65.34,33.0,32.34,Organic Search,PayPal
ORD-200449,2025-02-07,2025-02-10,CUST-3053,SKU-1020,4,81.04,0,324.16,176.0,148.16,Organic Search,PayPal
ORD-200449,2025-02-07,2025-02-10,CUST-3053,SKU-1004,5,31.72,0,158.6,87.5,71.1,Organic Search,PayPal
ORD-200678,2025-02-07,2025-02-13,CUST-3073,SKU-1003,3,11.45,20,27.48,18.9,8.58,Organic Search,Cash on Delivery
ORD-200678,2025-02-07,2025-02-13,CUST-3073,SKU-1003,4,11.4,0,45.6,25.2,20.4,Organic Search,Cash on Delivery
ORD-201049,2025-02-07,2025-02-09,CUST-3120,SKU-1003,4,11.81,0,47.24,25.2,22.04,Direct,PayPal
ORD-201049,2025-02-07,2025-02-09,CUST-3120,SKU-1014,4,11.87,15,40.36,16.4,23.96,Direct,PayPal
ORD-201049,2025-02-07,2025-02-09,CUST-3120,SKU-1013,4,7.43,0,29.72,9.6,20.12,Direct,PayPal
ORD-201234,2025-02-07,2025-02-13,CUST-3138,SKU-1003,4,12.09,10,43.52,25.2,18.32,Paid Search,PayPal
ORD-202303,2025-02-07,2025-02-10,CUST-3277,SKU-1007,1,459.62,0,459.62,280.0,179.62,Social,PayPal
ORD-202303,2025-02-07,2025-02-10,CUST-3277,SKU-1016,3,8.47,10,22.87,9.0,13.87,Social,PayPal
ORD-202764,2025-02-07,2025-02-10,CUST-3324,SKU-1017,4,39.26,0,157.04,84.0,73.04,Direct,Apple Pay
ORD-202764,2025-02-07,2025-02-10,CUST-3324,SKU-1003,3,11.37,0,34.11,18.9,15.21,Direct,Apple Pay
ORD-202764,2025-02-07,2025-02-10,CUST-3324,SKU-1002,4,13.68,0,54.72,29.6,25.12,Direct,Apple Pay
ORD-200450,2025-02-08,2025-02-15,CUST-3053,SKU-1019,4,24.28,15,82.55,44.0,38.55,Organic Search,Apple Pay
ORD-200450,2025-02-08,2025-02-15,CUST-3053,SKU-1020,4,78.07,10,281.05,176.0,105.05,Organic Search,Apple Pay
ORD-201147,2025-02-08,2025-02-13,CUST-3128,SKU-1020,2,78.24,20,125.18,88.0,37.18,Organic Search,Apple Pay
ORD-201538,2025-02-08,2025-02-15,CUST-3181,SKU-1019,2,25.34,0,50.68,22.0,28.68,Direct,Bank Transfer
ORD-201697,2025-02-08,2025-02-12,CUST-3207,SKU-1001,3,14.45,0,43.35,24.6,18.75,Social,Bank Transfer
ORD-201798,2025-02-08,2025-02-13,CUST-3216,SKU-1020,5,77.62,0,388.1,220.0,168.1,Organic Search,PayPal
ORD-201798,2025-02-08,2025-02-13,CUST-3216,SKU-1019,4,23.59,0,94.36,44.0,50.36,Organic Search,PayPal
ORD-201799,2025-02-08,2025-02-13,CUST-3216,SKU-1020,3,81.31,10,219.54,132.0,87.54,Referral,Credit Card
ORD-201799,2025-02-08,2025-02-13,CUST-3216,SKU-1019,4,24.06,0,96.24,44.0,52.24,Referral,Credit Card
ORD-202163,2025-02-08,2025-02-12,CUST-3251,SKU-1012,3,18.02,0,54.06,19.5,34.56,Referral,Cash on Delivery
ORD-202163,2025-02-08,2025-02-12,CUST-3251,SKU-1008,1,134.21,0,134.21,74.0,60.21,Referral,Cash on Delivery
ORD-202163,2025-02-08,2025-02-12,CUST-3251,SKU-1001,3,14.44,20,34.66,24.6,10.06,Referral,Cash on Delivery
ORD-200287,2025-02-09,2025-02-14,CUST-3038,SKU-1010,1,43.63,10,39.27,19.5,19.77,Referral,Cash on Delivery
ORD-200987,2025-02-09,2025-02-11,CUST-3113,SKU-1007,1,449.43,20,359.54,280.0,79.54,Email,PayPal
ORD-200987,2025-02-09,2025-02-11,CUST-3113,SKU-1020,4,81.77,0,327.08,176.0,151.08,Email,PayPal
ORD-200987,2025-02-09,2025-02-11,CUST-3113,SKU-1004,4,32.71,5,124.3,70.0,54.3,Email,PayPal
ORD-202280,2025-02-09,2025-02-11,CUST-3272,SKU-1001,4,14.46,0,57.84,32.8,25.04,Organic Search,Cash on Delivery
ORD-202280,2025-02-09,2025-02-11,CUST-3272,SKU-1019,3,24.82,10,67.01,33.0,34.01,Organic Search,Cash on Delivery
ORD-202280,2025-02-09,2025-02-11,CUST-3272,SKU-1018,3,27.56,20,66.14,40.5,25.64,Organic Search,Cash on Delivery
ORD-202760,2025-02-09,2025-02-10,CUST-3323,SKU-1018,2,27.55,10,49.59,27.0,22.59,Direct,PayPal
ORD-202834,2025-02-09,2025-02-11,CUST-3331,SKU-1009,1,34.66,0,34.66,15.0,19.66,Email,Apple Pay
ORD-202834,2025-02-09,2025-02-11,CUST-3331,SKU-1002,1,13.34,20,10.67,7.4,3.27,Email,Apple Pay
ORD-202941,2025-02-09,2025-02-10,CUST-3348,SKU-1020,2,78.72,0,157.44,88.0,69.44,Direct,Cash on Delivery
ORD-200351,2025-02-10,2025-02-17,CUST-3042,SKU-1019,4,24.83,20,79.46,44.0,35.46,Organic Search,Cash on Delivery
ORD-200351,2025-02-10,2025-02-17,CUST-3042,SKU-1020,3,77.88,0,233.64,132.0,101.64,Organic Search,Cash on Delivery
ORD-201027,2025-02-10,2025-02-16,CUST-3118,SKU-1013,4,7.72,0,30.88,9.6,21.28,Direct,PayPal
ORD-202003,2025-02-10,2025-02-11,CUST-3237,SKU-1007,1,460.82,0,460.82,280.0,180.82,Social,PayPal
ORD-202942,2025-02-10,2025-02-16,CUST-3348,SKU-1019,3,23.64,15,60.28,33.0,27.28,Direct,PayPal
ORD-200787,2025-02-11,2025-02-13,CUST-3088,SKU-1003,5,11.58,0,57.9,31.5,26.4,Referral,Cash on Delivery
ORD-201163,2025-02-11,2025-02-16,CUST-3132,SKU-1004,4,32.06,15,109.0,70.0,39.0,Direct,Bank Transfer
ORD-201163,2025-02-11,2025-02-16,CUST-3132,SKU-1015,2,8.86,0,17.72,6.4,11.32,Direct,Bank Transfer
ORD-201382,2025-02-11,2025-02-16,CUST-3159,SKU-1008,1,131.77,5,125.18,74.0,51.18,Paid Search,Bank Transfer
ORD-201382,2025-02-11,2025-02-16,CUST-3159,SKU-1018,1,27.81,10,25.03,13.5,11.53,Paid Search,Bank Transfer
ORD-201839,2025-02-11,2025-02-15,CUST-3218,SKU-1019,1,24.62,10,22.16,11.0,11.16,Referral,PayPal
ORD-201839,2025-02-11,2025-02-15,CUST-3218,SKU-1013,2,7.89,0,15.78,4.8,10.98,Referral,PayPal
ORD-202756,2025-02-11,2025-02-16,CUST-3322,SKU-1018,3,27.66,10,74.68,40.5,34.18,Paid Search,PayPal
ORD-200352,2025-02-12,2025-02-17,CUST-3042,SKU-1019,3,24.87,0,74.61,33.0,41.61,Email,Credit Card
ORD-200352,2025-02-12,2025-02-17,CUST-3042,SKU-1019,3,25.13,0,75.39,33.0,42.39,Email,Credit Card
ORD-201258,2025-02-12,2025-02-15,CUST-3142,SKU-1014,3,12.06,0,36.18,12.3,23.88,Paid Search,PayPal
ORD-201258,2025-02-12,2025-02-15,CUST-3142,SKU-1003,2,11.31,0,22.62,12.6,10.02,Paid Search,PayPal
ORD-201258,2025-02-12,2025-02-15,CUST-3142,SKU-1007,1,460.04,10,414.04,280.0,134.04,Paid Search,PayPal
ORD-201585,2025-02-12,2025-02-13,CUST-3190,SKU-1007,1,451.57,0,451.57,280.0,171.57,Referral,Apple Pay
ORD-202688,2025-02-12,2025-02-17,CUST-3318,SKU-1006,3,10.34,5,29.47,14.4,15.07,Social,Cash on Delivery
ORD-202688,2025-02-12,2025-02-17,CUST-3318,SKU-1020,3,82.53,0,247.59,132.0,115.59,Social,Cash on Delivery
ORD-202746,2025-02-12,2025-02-13,CUST-3321,SKU-1017,5,39.29,15,166.98,105.0,61.98,Organic Search,Bank Transfer
ORD-200255,2025-02-13,2025-02-16,CUST-3034,SKU-1005,2,15.55,5,29.55,18.2,11.35,Referral,PayPal
ORD-200255,2025-02-13,2025-02-16,CUST-3034,SKU-1012,3,17.96,10,48.49,19.5,28.99,Referral,PayPal
ORD-200788,2025-02-13,2025-02-20,CUST-3088,SKU-1019,4,24.6,15,83.64,44.0,39.64,Referral,Apple Pay
ORD-200788,2025-02-13,2025-02-20,CUST-3088,SKU-1019,4,24.97,0,99.88,44.0,55.88,Referral,Apple Pay
ORD-201951,2025-02-13,2025-02-20,CUST-3232,SKU-1009,1,33.66,0,33.66,15.0,18.66,Social,Apple Pay
ORD-201951,2025-02-13,2025-02-20,CUST-3232,SKU-1004,2,32.34,15,54.98,35.0,19.98,Social,Apple Pay
ORD-201951,2025-02-13,2025-02-20,CUST-3232,SKU-1017,1,40.92,5,38.87,21.0,17.87,Social,Apple Pay
ORD-202161,2025-02-13,2025-02-16,CUST-3249,SKU-1008,1,131.55,10,118.4,74.0,44.4,Paid Search,PayPal
ORD-202161,2025-02-13,2025-02-16,CUST-3249,SKU-1002,2,13.72,5,26.07,14.8,11.27,Paid Search,PayPal
ORD-202161,2025-02-13,2025-02-16,CUST-3249,SKU-1016,3,8.7,10,23.49,9.0,14.49,Paid Search,PayPal
ORD-200830,2025-02-14,2025-02-21,CUST-3091,SKU-1010,1,43.3,10,38.97,19.5,19.47,Direct,Credit Card
ORD-200830,2025-02-14,2025-02-21,CUST-3091,SKU-1012,4,18.05,0,72.2,26.0,46.2,Direct,Credit Card
ORD-201586,2025-02-14,2025-02-17,CUST-3190,SKU-1012,1,18.4,0,18.4,6.5,11.9,Organic Search,Bank Transfer
ORD-201586,2025-02-14,2025-02-17,CUST-3190,SKU-1016,2,8.81,5,16.74,6.0,10.74,Organic Search,Bank Transfer
ORD-201586,2025-02-14,2025-02-17,CUST-3190,SKU-1002,3,13.6,0,40.8,22.2,18.6,Organic Search,Bank Transfer
ORD-201688,2025-02-14,2025-02-15,CUST-3205,SKU-1011,1,28.56,10,25.7,12.0,13.7,Organic Search,Apple Pay
ORD-201688,2025-02-14,2025-02-15,CUST-3205,SKU-1002,2,13.24,0,26.48,14.8,11.68,Organic Search,Apple Pay
ORD-201688,2025-02-14,2025-02-15,CUST-3205,SKU-1015,2,9.37,20,14.99,6.4,8.59,Organic Search,Apple Pay
ORD-201840,2025-02-14,2025-02-21,CUST-3218,SKU-1018,2,28.1,0,56.2,27.0,29.2,Referral,Bank Transfer
ORD-201840,2025-02-14,2025-02-21,CUST-3218,SKU-1011,1,28.84,0,28.84,12.0,16.84,Referral,Bank Transfer
ORD-201840,2025-02-14,2025-02-21,CUST-3218,SKU-1019,1,23.78,20,19.02,11.0,8.02,Referral,Bank Transfer
ORD-202173,2025-02-14,2025-02-18,CUST-3256,SKU-1007,1,474.53,15,403.35,280.0,123.35,Referral,Credit Card
ORD-202596,2025-02-14,2025-02-18,CUST-3311,SKU-1020,3,81.87,10,221.05,132.0,89.05,Social,PayPal
ORD-200184,2025-02-15,2025-02-22,CUST-3022,SKU-1009,1,34.12,0,34.12,15.0,19.12,Direct,Apple Pay
ORD-200236,2025-02-15,2025-02-16,CUST-3032,SKU-1001,3,15.16,10,40.93,24.6,16.33,Referral,Cash on Delivery
ORD-200353,2025-02-15,2025-02-17,CUST-3042,SKU-1011,1,27.83,0,27.83,12.0,15.83,Direct,Bank Transfer
ORD-200400,2025-02-15,2025-02-16,CUST-3049,SKU-1014,3,11.85,10,31.99,12.3,19.69,Email,PayPal
ORD-200577,2025-02-15,2025-02-17,CUST-3064,SKU-1010,1,41.84,10,37.66,19.5,18.16,Social,Cash on Delivery
ORD-200577,2025-02-15,2025-02-17,CUST-3064,SKU-1019,4,25.03,0,100.12,44.0,56.12,Social,Cash on Delivery
ORD-200577,2025-02-15,2025-02-17,CUST-3064,SKU-1019,4,24.24,15,82.42,44.0,38.42,Social,Cash on Delivery
ORD-201716,2025-02-15,2025-02-22,CUST-3209,SKU-1012,1,18.51,0,18.51,6.5,12.01,Direct,Bank Transfer
ORD-201876,2025-02-15,2025-02-16,CUST-3220,SKU-1020,3,82.71,20,198.5,132.0,66.5,Referral,Bank Transfer
ORD-201876,2025-02-15,2025-02-16,CUST-3220,SKU-1019,4,24.23,0,96.92,44.0,52.92,Referral,Bank Transfer
ORD-202258,2025-02-15,2025-02-17,CUST-3270,SKU-1006,2,10.34,0,20.68,9.6,11.08,Email,Bank Transfer
ORD-202319,2025-02-15,2025-02-16,CUST-3279,SKU-1003,3,11.77,0,35.31,18.9,16.41,Email,Apple Pay
ORD-202319,2025-02-15,2025-02-16,CUST-3279,SKU-1019,2,23.88,10,42.98,22.0,20.98,Email,Apple Pay
ORD-202319,2025-02-15,2025-02-16,CUST-3279,SKU-1007,1,464.85,0,464.85,280.0,184.85,Email,Apple Pay
ORD-202369,2025-02-15,2025-02-17,CUST-3288,SKU-1020,3,79.65,10,215.06,132.0,83.06,Referral,Cash on Delivery
ORD-202484,2025-02-15,2025-02-16,CUST-3303,SKU-1004,2,32.03,0,64.06,35.0,29.06,Organic Search,Bank Transfer
ORD-202715,2025-02-15,2025-02-20,CUST-3320,SKU-1016,3,8.34,0,25.02,9.0,16.02,Referral,Apple Pay
ORD-202715,2025-02-15,2025-02-20,CUST-3320,SKU-1004,4,31.5,0,126.0,70.0,56.0,Referral,Apple Pay
ORD-202715,2025-02-15,2025-02-20,CUST-3320,SKU-1019,4,24.39,0,97.56,44.0,53.56,Referral,Apple Pay
ORD-201235,2025-02-16,2025-02-18,CUST-3138,SKU-1019,4,23.92,5,90.9,44.0,46.9,Social,Bank Transfer
ORD-201235,2025-02-16,2025-02-18,CUST-3138,SKU-1002,4,13.45,10,48.42,29.6,18.82,Social,Bank Transfer
ORD-202332,2025-02-16,2025-02-22,CUST-3281,SKU-1004,2,31.92,0,63.84,35.0,28.84,Social,PayPal
ORD-202332,2025-02-16,2025-02-22,CUST-3281,SKU-1009,1,35.49,0,35.49,15.0,20.49,Social,PayPal
ORD-200104,2025-02-17,2025-02-18,CUST-3011,SKU-1013,2,7.64,10,13.75,4.8,8.95,Paid Search,Cash on Delivery
ORD-200104,2025-02-17,2025-02-18,CUST-3011,SKU-1020,3,79.07,10,213.49,132.0,81.49,Paid Search,Cash on Delivery
ORD-200401,2025-02-17,2025-02-18,CUST-3049,SKU-1017,3,39.99,0,119.97,63.0,56.97,Referral,Credit Card
ORD-200401,2025-02-17,2025-02-18,CUST-3049,SKU-1020,3,82.15,0,246.45,132.0,114.45,Referral,Credit Card
ORD-200401,2025-02-17,2025-02-18,CUST-3049,SKU-1011,1,28.51,10,25.66,12.0,13.66,Referral,Credit Card
ORD-200679,2025-02-17,2025-02-24,CUST-3073,SKU-1020,4,83.59,10,300.92,176.0,124.92,Social,Credit Card
ORD-201131,2025-02-17,2025-02-18,CUST-3127,SKU-1016,1,8.72,5,8.28,3.0,5.28,Paid Search,PayPal
ORD-201131,2025-02-17,2025-02-18,CUST-3127,SKU-1001,2,14.42,15,24.51,16.4,8.11,Paid Search,PayPal
ORD-201761,2025-02-17,2025-02-18,CUST-3215,SKU-1020,2,78.18,0,156.36,88.0,68.36,Direct,Cash on Delivery
ORD-201800,2025-02-17,2025-02-20,CUST-3216,SKU-1019,4,24.45,0,97.8,44.0,53.8,Social,Cash on Delivery
ORD-201800,2025-02-17,2025-02-20,CUST-3216,SKU-1013,3,7.88,0,23.64,7.2,16.44,Social,Cash on Delivery
ORD-201800,2025-02-17,2025-02-20,CUST-3216,SKU-1007,1,440.98,5,418.93,280.0,138.93,Social,Cash on Delivery
ORD-201954,2025-02-17,2025-02-20,CUST-3233,SKU-1004,2,32.95,0,65.9,35.0,30.9,Organic Search,PayPal
ORD-201954,2025-02-17,2025-02-20,CUST-3233,SKU-1011,1,28.07,0,28.07,12.0,16.07,Organic Search,PayPal
ORD-202007,2025-02-17,2025-02-20,CUST-3238,SKU-1003,1,12.06,0,12.06,6.3,5.76,Organic Search,Bank Transfer
ORD-202007,2025-02-17,2025-02-20,CUST-3238,SKU-1018,2,27.92,0,55.84,27.0,28.84,Organic Search,Bank Transfer
ORD-202007,2025-02-17,2025-02-20,CUST-3238,SKU-1015,2,9.44,0,18.88,6.4,12.48,Organic Search,Bank Transfer
ORD-202219,2025-02-17,2025-02-20,CUST-3259,SKU-1014,3,12.46,10,33.64,12.3,21.34,Social,PayPal
ORD-202219,2025-02-17,2025-02-20,CUST-3259,SKU-1001,3,14.69,10,39.66,24.6,15.06,Social,PayPal
ORD-202837,2025-02-17,2025-02-22,CUST-3332,SKU-1016,2,8.65,5,16.43,6.0,10.43,Organic Search,Credit Card
ORD-200359,2025-02-18,2025-02-24,CUST-3044,SKU-1003,1,11.54,0,11.54,6.3,5.24,Referral,PayPal
ORD-200359,2025-02-18,2025-02-24,CUST-3044,SKU-1012,1,18.52,0,18.52,6.5,12.02,Referral,PayPal
ORD-200957,2025-02-18,2025-02-25,CUST-3112,SKU-1016,1,8.38,10,7.54,3.0,4.54,Email,Cash on Delivery
ORD-201877,2025-02-18,2025-02-20,CUST-3220,SKU-1020,3,79.51,0,238.53,132.0,106.53,Email,Apple Pay
ORD-201877,2025-02-18,2025-02-20,CUST-3220,SKU-1007,1,472.16,0,472.16,280.0,192.16,Email,Apple Pay
ORD-202132,2025-02-18,2025-02-22,CUST-3246,SKU-1004,4,32.46,20,103.87,70.0,33.87,Organic Search,PayPal
ORD-202132,2025-02-18,2025-02-22,CUST-3246,SKU-1020,4,82.32,10,296.35,176.0,120.35,Organic Search,PayPal
ORD-200578,2025-02-19,2025-02-24,CUST-3064,SKU-1012,4,17.93,0,71.72,26.0,45.72,Organic Search,Apple Pay
ORD-200578,2025-02-19,2025-02-24,CUST-3064,SKU-1020,4,78.71,20,251.87,176.0,75.87,Organic Search,Apple Pay
ORD-200578,2025-02-19,2025-02-24,CUST-3064,SKU-1019,4,25.16,0,100.64,44.0,56.64,Organic Search,Apple Pay
ORD-202158,2025-02-19,2025-02-25,CUST-3248,SKU-1010,1,41.81,0,41.81,19.5,22.31,Email,Cash on Delivery
ORD-202273,2025-02-19,2025-02-26,CUST-3271,SKU-1001,3,15.27,15,38.94,24.6,14.34,Organic Search,Bank Transfer
ORD-202273,2025-02-19,2025-02-26,CUST-3271,SKU-1007,1,458.86,10,412.97,280.0,132.97,Organic Search,Bank Transfer
ORD-202273,2025-02-19,2025-02-26,CUST-3271,SKU-1014,2,11.78,0,23.56,8.2,15.36,Organic Search,Bank Transfer
ORD-202322,2025-02-19,2025-02-24,CUST-3280,SKU-1006,1,10.03,5,9.53,4.8,4.73,Referral,Bank Transfer
ORD-200517,2025-02-20,2025-02-24,CUST-3059,SKU-1020,2,83.06,15,141.2,88.0,53.2,Organic Search,Apple Pay
ORD-201717,2025-02-20,2025-02-23,CUST-3209,SKU-1012,2,17.87,0,35.74,13.0,22.74,Direct,Cash on Delivery
ORD-202334,2025-02-20,2025-02-22,CUST-3283,SKU-1006,2,9.8,0,19.6,9.6,10.0,Direct,PayPal
ORD-202747,2025-02-20,2025-02-23,CUST-3321,SKU-1019,5,24.77,0,123.85,55.0,68.85,Social,PayPal
ORD-202747,2025-02-20,2025-02-23,CUST-3321,SKU-1012,4,18.62,0,74.48,26.0,48.48,Social,PayPal
ORD-200824,2025-02-21,2025-02-27,CUST-3090,SKU-1014,3,12.37,5,35.25,12.3,22.95,Direct,Credit Card
ORD-200919,2025-02-21,2025-02-26,CUST-3106,SKU-1009,1,35.63,5,33.85,15.0,18.85,Direct,Cash on Delivery
ORD-200919,2025-02-21,2025-02-26,CUST-3106,SKU-1001,3,15.31,10,41.34,24.6,16.74,Direct,Cash on Delivery
ORD-201491,2025-02-21,2025-02-25,CUST-3172,SKU-1002,3,12.92,10,34.88,22.2,12.68,Email,Apple Pay
ORD-201491,2025-02-21,2025-02-25,CUST-3172,SKU-1011,1,28.81,0,28.81,12.0,16.81,Email,Apple Pay
ORD-202169,2025-02-21,2025-02-28,CUST-3254,SKU-1001,3,14.73,10,39.77,24.6,15.17,Organic Search,Bank Transfer
ORD-202169,2025-02-21,2025-02-28,CUST-3254,SKU-1002,2,13.1,0,26.2,14.8,11.4,Organic Search,Bank Transfer
ORD-202323,2025-02-21,2025-02-28,CUST-3280,SKU-1001,3,15.37,10,41.5,24.6,16.9,Social,Apple Pay
ORD-202689,2025-02-21,2025-02-27,CUST-3318,SKU-1019,5,24.02,0,120.1,55.0,65.1,Referral,Cash on Delivery
ORD-202689,2025-02-21,2025-02-27,CUST-3318,SKU-1012,3,18.48,20,44.35,19.5,24.85,Referral,Cash on Delivery
ORD-200253,2025-02-22,2025-02-27,CUST-3033,SKU-1001,3,15.04,0,45.12,24.6,20.52,Organic Search,Bank Transfer
ORD-200253,2025-02-22,2025-02-27,CUST-3033,SKU-1003,4,12.08,0,48.32,25.2,23.12,Organic Search,Bank Transfer
ORD-200253,2025-02-22,2025-02-27,CUST-3033,SKU-1003,3,12.13,0,36.39,18.9,17.49,Organic Search,Bank Transfer
ORD-200789,2025-02-22,2025-02-24,CUST-3088,SKU-1017,3,40.32,0,120.96,63.0,57.96,Direct,Apple Pay
ORD-200820,2025-02-22,2025-02-28,CUST-3089,SKU-1011,1,28.58,0,28.58,12.0,16.58,Direct,Cash on Delivery
ORD-200891,2025-02-22,2025-02-28,CUST-3101,SKU-1007,1,446.69,10,402.02,280.0,122.02,Social,PayPal
ORD-200891,2025-02-22,2025-02-28,CUST-3101,SKU-1019,2,23.93,0,47.86,22.0,25.86,Social,PayPal
ORD-200920,2025-02-22,2025-02-24,CUST-3106,SKU-1019,4,24.87,15,84.56,44.0,40.56,Referral,Credit Card
ORD-200920,2025-02-22,2025-02-24,CUST-3106,SKU-1019,4,25.03,0,100.12,44.0,56.12,Referral,Credit Card
ORD-201093,2025-02-22,2025-03-01,CUST-3121,SKU-1011,1,29.26,10,26.33,12.0,14.33,Paid Search,Cash on Delivery
ORD-201698,2025-02-22,2025-02-27,CUST-3207,SKU-1019,2,24.05,0,48.1,22.0,26.1,Referral,Credit Card
ORD-201698,2025-02-22,2025-02-27,CUST-3207,SKU-1001,3,14.51,0,43.53,24.6,18.93,Referral,Credit Card
ORD-202039,2025-02-22,2025-02-26,CUST-3240,SKU-1018,4,27.2,0,108.8,54.0,54.8,Social,PayPal
ORD-202039,2025-02-22,2025-02-26,CUST-3240,SKU-1016,4,8.64,0,34.56,12.0,22.56,Social,PayPal
ORD-202039,2025-02-22,2025-02-26,CUST-3240,SKU-1019,4,23.84,5,90.59,44.0,46.59,Social,PayPal
ORD-202070,2025-02-22,2025-02-23,CUST-3241,SKU-1017,4,40.97,5,155.69,84.0,71.69,Organic Search,Bank Transfer
ORD-202553,2025-02-22,2025-02-24,CUST-3310,SKU-1020,2,82.05,20,131.28,88.0,43.28,Social,Bank Transfer
ORD-202553,2025-02-22,2025-02-24,CUST-3310,SKU-1019,4,23.85,20,76.32,44.0,32.32,Social,Bank Transfer
ORD-202553,2025-02-22,2025-02-24,CUST-3310,SKU-1008,1,127.83,5,121.44,74.0,47.44,Social,Bank Transfer
ORD-200231,2025-02-23,2025-02-26,CUST-3031,SKU-1006,3,10.22,0,30.66,14.4,16.26,Email,PayPal
ORD-200988,2025-02-23,2025-02-26,CUST-3113,SKU-1019,4,25.22,20,80.7,44.0,36.7,Referral,PayPal
ORD-200988,2025-02-23,2025-02-26,CUST-3113,SKU-1012,3,18.4,0,55.2,19.5,35.7,Referral,PayPal
ORD-201154,2025-02-23,2025-03-02,CUST-3130,SKU-1011,1,28.57,20,22.86,12.0,10.86,Referral,Cash on Delivery
ORD-201330,2025-02-23,2025-02-24,CUST-3150,SKU-1006,3,10.39,0,31.17,14.4,16.77,Organic Search,Apple Pay
ORD-201330,2025-02-23,2025-02-24,CUST-3150,SKU-1005,2,15.05,15,25.59,18.2,7.39,Organic Search,Apple Pay
ORD-202597,2025-02-23,2025-02-24,CUST-3311,SKU-1005,3,15.14,10,40.88,27.3,13.58,Paid Search,Apple Pay
ORD-202597,2025-02-23,2025-02-24,CUST-3311,SKU-1014,5,12.2,10,54.9,20.5,34.4,Paid Search,Apple Pay
ORD-202781,2025-02-23,2025-02-24,CUST-3327,SKU-1016,1,8.63,0,8.63,3.0,5.63,Organic Search,Bank Transfer
ORD-200237,2025-02-24,2025-03-01,CUST-3032,SKU-1020,4,79.31,10,285.52,176.0,109.52,Paid Search,Bank Transfer
ORD-200451,2025-02-24,2025-02-28,CUST-3053,SKU-1019,4,24.8,0,99.2,44.0,55.2,Organic Search,Cash on Delivery
ORD-200452,2025-02-24,2025-02-27,CUST-3053,SKU-1018,3,28.07,5,80.0,40.5,39.5,Direct,Apple Pay
ORD-200452,2025-02-24,2025-02-27,CUST-3053,SKU-1006,5,10.02,0,50.1,24.0,26.1,Direct,Apple Pay
ORD-202825,2025-02-24,2025-03-01,CUST-3330,SKU-1018,4,26.6,0,106.4,54.0,52.4,Email,Apple Pay
ORD-202825,2025-02-24,2025-03-01,CUST-3330,SKU-1019,4,24.71,10,88.96,44.0,44.96,Email,Apple Pay
ORD-200257,2025-02-25,2025-02-26,CUST-3035,SKU-1010,1,43.47,15,36.95,19.5,17.45,Paid Search,Credit Card
ORD-200257,2025-02-25,2025-02-26,CUST-3035,SKU-1016,2,8.4,20,13.44,6.0,7.44,Paid Search,Credit Card
ORD-201297,2025-02-25,2025-03-03,CUST-3143,SKU-1004,4,32.33,20,103.46,70.0,33.46,Referral,Credit Card
ORD-201297,2025-02-25,2025-03-03,CUST-3143,SKU-1010,1,42.22,10,38.0,19.5,18.5,Referral,Credit Card
ORD-201297,2025-02-25,2025-03-03,CUST-3143,SKU-1019,5,23.92,20,95.68,55.0,40.68,Referral,Credit Card
ORD-202412,2025-02-25,2025-03-04,CUST-3290,SKU-1007,1,442.63,10,398.37,280.0,118.37,Paid Search,Bank Transfer
ORD-202412,2025-02-25,2025-03-04,CUST-3290,SKU-1012,2,18.13,10,32.63,13.0,19.63,Paid Search,Bank Transfer
ORD-202412,2025-02-25,2025-03-04,CUST-3290,SKU-1008,1,133.64,0,133.64,74.0,59.64,Paid Search,Bank Transfer
ORD-202450,2025-02-25,2025-03-01,CUST-3299,SKU-1018,2,26.53,0,53.06,27.0,26.06,Organic Search,Credit Card
ORD-202450,2025-02-25,2025-03-01,CUST-3299,SKU-1019,2,24.43,0,48.86,22.0,26.86,Organic Search,Credit Card
ORD-202450,2025-02-25,2025-03-01,CUST-3299,SKU-1016,2,8.94,10,16.09,6.0,10.09,Organic Search,Credit Card
ORD-200361,2025-02-26,2025-03-03,CUST-3045,SKU-1018,1,26.65,15,22.65,13.5,9.15,Email,Apple Pay
ORD-201111,2025-02-26,2025-03-02,CUST-3122,SKU-1013,2,7.76,5,14.74,4.8,9.94,Referral,Apple Pay
ORD-201358,2025-02-26,2025-02-28,CUST-3154,SKU-1006,2,9.86,5,18.73,9.6,9.13,Paid Search,Cash on Delivery
ORD-201358,2025-02-26,2025-02-28,CUST-3154,SKU-1011,1,27.51,0,27.51,12.0,15.51,Paid Search,Cash on Delivery
ORD-201358,2025-02-26,2025-02-28,CUST-3154,SKU-1004,3,32.26,10,87.1,52.5,34.6,Paid Search,Cash on Delivery
ORD-202289,2025-02-26,2025-03-01,CUST-3274,SKU-1005,2,15.04,10,27.07,18.2,8.87,Paid Search,Credit Card
ORD-202289,2025-02-26,2025-03-01,CUST-3274,SKU-1004,2,32.16,0,64.32,35.0,29.32,Paid Search,Credit Card
ORD-202289,2025-02-26,2025-03-01,CUST-3274,SKU-1006,2,10.3,10,18.54,9.6,8.94,Paid Search,Credit Card
ORD-200477,2025-02-27,2025-03-03,CUST-3054,SKU-1019,4,24.59,15,83.61,44.0,39.61,Direct,Bank Transfer
ORD-201298,2025-02-27,2025-03-01,CUST-3143,SKU-1007,1,442.24,10,398.02,280.0,118.02,Direct,Bank Transfer
ORD-201690,2025-02-27,2025-02-28,CUST-3206,SKU-1017,2,38.24,10,68.83,42.0,26.83,Organic Search,Cash on Delivery
ORD-202004,2025-02-27,2025-03-03,CUST-3237,SKU-1014,2,12.27,15,20.86,8.2,12.66,Email,Credit Card
ORD-202004,2025-02-27,2025-03-03,CUST-3237,SKU-1009,1,34.9,0,34.9,15.0,19.9,Email,Credit Card
ORD-202004,2025-02-27,2025-03-03,CUST-3237,SKU-1019,2,23.92,5,45.45,22.0,23.45,Email,Credit Card
ORD-202241,2025-02-27,2025-03-03,CUST-3264,SKU-1020,4,77.63,0,310.52,176.0,134.52,Paid Search,Credit Card
ORD-202040,2025-02-28,2025-03-05,CUST-3240,SKU-1013,5,7.79,20,31.16,12.0,19.16,Referral,Bank Transfer
ORD-202071,2025-02-28,2025-03-06,CUST-3241,SKU-1019,5,25.34,0,126.7,55.0,71.7,Email,PayPal
ORD-202071,2025-02-28,2025-03-06,CUST-3241,SKU-1012,3,17.94,20,43.06,19.5,23.56,Email,PayPal
ORD-202353,2025-02-28,2025-03-06,CUST-3287,SKU-1014,1,11.86,10,10.67,4.1,6.57,Referral,Cash on Delivery
ORD-202353,2025-02-28,2025-03-06,CUST-3287,SKU-1017,1,39.58,20,31.66,21.0,10.66,Referral,Cash on Delivery
ORD-202353,2025-02-28,2025-03-06,CUST-3287,SKU-1001,1,14.91,20,11.93,8.2,3.73,Referral,Cash on Delivery
ORD-202598,2025-02-28,2025-03-01,CUST-3311,SKU-1016,5,8.8,0,44.0,15.0,29.0,Referral,Cash on Delivery
ORD-202598,2025-02-28,2025-03-01,CUST-3311,SKU-1020,4,83.08,20,265.86,176.0,89.86,Referral,Cash on Delivery
ORD-202765,2025-02-28,2025-03-03,CUST-3324,SKU-1001,4,14.79,20,47.33,32.8,14.53,Social,PayPal
ORD-202765,2025-02-28,2025-03-03,CUST-3324,SKU-1020,2,79.18,0,158.36,88.0,70.36,Social,PayPal
ORD-202765,2025-02-28,2025-03-03,CUST-3324,SKU-1019,3,24.02,0,72.06,33.0,39.06,Social,PayPal
ORD-202969,2025-02-28,2025-03-01,CUST-3349,SKU-1010,1,43.38,10,39.04,19.5,19.54,Organic Search,Cash on Delivery
ORD-201256,2025-03-01,2025-03-04,CUST-3141,SKU-1020,2,80.84,0,161.68,88.0,73.68,Paid Search,Apple Pay
ORD-201427,2025-03-01,2025-03-05,CUST-3167,SKU-1001,2,14.96,5,28.42,16.4,12.02,Paid Search,Credit Card
ORD-201699,2025-03-01,2025-03-03,CUST-3207,SKU-1016,4,8.5,0,34.0,12.0,22.0,Organic Search,Apple Pay
ORD-202133,2025-03-01,2025-03-02,CUST-3246,SKU-1005,5,15.37,5,73.01,45.5,27.51,Paid Search,PayPal
ORD-202133,2025-03-01,2025-03-02,CUST-3246,SKU-1019,4,23.55,5,89.49,44.0,45.49,Paid Search,PayPal
ORD-202343,2025-03-01,2025-03-06,CUST-3285,SKU-1020,3,81.58,0,244.74,132.0,112.74,Social,Credit Card
ORD-202343,2025-03-01,2025-03-06,CUST-3285,SKU-1003,4,11.4,0,45.6,25.2,20.4,Social,Credit Card
ORD-200124,2025-03-02,2025-03-09,CUST-3014,SKU-1010,1,43.82,10,39.44,19.5,19.94,Social,Cash on Delivery
ORD-200202,2025-03-02,2025-03-08,CUST-3025,SKU-1007,1,448.67,15,381.37,280.0,101.37,Paid Search,Credit Card
ORD-200202,2025-03-02,2025-03-08,CUST-3025,SKU-1014,3,12.32,5,35.11,12.3,22.81,Paid Search,Credit Card
ORD-200272,2025-03-02,2025-03-05,CUST-3036,SKU-1014,4,12.46,0,49.84,16.4,33.44,Referral,Cash on Delivery
ORD-200272,2025-03-02,2025-03-05,CUST-3036,SKU-1011,1,29.65,10,26.68,12.0,14.68,Referral,Cash on Delivery
ORD-200562,2025-03-02,2025-03-07,CUST-3061,SKU-1001,5,14.59,0,72.95,41.0,31.95,Referral,Credit Card
ORD-200731,2025-03-02,2025-03-03,CUST-3080,SKU-1007,1,464.29,15,394.65,280.0,114.65,Organic Search,Cash on Delivery
ORD-200731,2025-03-02,2025-03-03,CUST-3080,SKU-1009,1,33.61,20,26.89,15.0,11.89,Organic Search,Cash on Delivery
ORD-201627,2025-03-03,2025-03-05,CUST-3192,SKU-1020,5,81.38,0,406.9,220.0,186.9,Email,Apple Pay
ORD-201628,2025-03-03,2025-03-07,CUST-3192,SKU-1020,5,83.21,15,353.64,220.0,133.64,Referral,Apple Pay
ORD-202072,2025-03-03,2025-03-06,CUST-3241,SKU-1020,4,78.96,10,284.26,176.0,108.26,Organic Search,Credit Card
ORD-200680,2025-03-04,2025-03-08,CUST-3073,SKU-1004,3,31.45,5,89.63,52.5,37.13,Direct,Cash on Delivery
ORD-200680,2025-03-04,2025-03-08,CUST-3073,SKU-1020,3,81.56,0,244.68,132.0,112.68,Direct,Cash on Delivery
ORD-200680,2025-03-04,2025-03-08,CUST-3073,SKU-1020,3,83.32,10,224.96,132.0,92.96,Direct,Cash on Delivery
ORD-201544,2025-03-04,2025-03-05,CUST-3183,SKU-1008,1,135.13,0,135.13,74.0,61.13,Referral,Apple Pay
ORD-201544,2025-03-04,2025-03-05,CUST-3183,SKU-1007,1,440.42,0,440.42,280.0,160.42,Referral,Apple Pay
ORD-201911,2025-03-04,2025-03-06,CUST-3224,SKU-1014,2,12.49,0,24.98,8.2,16.78,Direct,Bank Transfer
ORD-201923,2025-03-04,2025-03-11,CUST-3225,SKU-1008,1,132.23,10,119.01,74.0,45.01,Social,PayPal
ORD-202164,2025-03-04,2025-03-09,CUST-3251,SKU-1014,2,12.14,0,24.28,8.2,16.08,Social,Cash on Delivery
ORD-202164,2025-03-04,2025-03-09,CUST-3251,SKU-1003,3,11.42,20,27.41,18.9,8.51,Social,Cash on Delivery
ORD-202281,2025-03-04,2025-03-08,CUST-3272,SKU-1010,1,42.16,0,42.16,19.5,22.66,Email,PayPal
ORD-202282,2025-03-04,2025-03-05,CUST-3272,SKU-1017,2,39.5,0,79.0,42.0,37.0,Organic Search,Bank Transfer
ORD-200337,2025-03-05,2025-03-09,CUST-3041,SKU-1019,5,25.02,0,125.1,55.0,70.1,Organic Search,Credit Card
ORD-200453,2025-03-05,2025-03-11,CUST-3053,SKU-1009,1,33.95,0,33.95,15.0,18.95,Direct,Bank Transfer
ORD-200453,2025-03-05,2025-03-11,CUST-3053,SKU-1019,3,23.81,10,64.29,33.0,31.29,Direct,Bank Transfer
ORD-200453,2025-03-05,2025-03-11,CUST-3053,SKU-1018,3,26.82,0,80.46,40.5,39.96,Direct,Bank Transfer
ORD-200518,2025-03-05,2025-03-10,CUST-3059,SKU-1019,3,23.57,0,70.71,33.0,37.71,Email,Apple Pay
ORD-201259,2025-03-05,2025-03-11,CUST-3142,SKU-1017,3,39.4,10,106.38,63.0,43.38,Social,Bank Transfer
ORD-201259,2025-03-05,2025-03-11,CUST-3142,SKU-1014,2,11.98,0,23.96,8.2,15.76,Social,Bank Transfer
ORD-201259,2025-03-05,2025-03-11,CUST-3142,SKU-1007,1,465.47,15,395.65,280.0,115.65,Social,Bank Transfer
ORD-200078,2025-03-06,2025-03-10,CUST-3007,SKU-1020,3,83.56,10,225.61,132.0,93.61,Direct,Bank Transfer
ORD-200078,2025-03-06,2025-03-10,CUST-3007,SKU-1020,5,80.88,5,384.18,220.0,164.18,Direct,Bank Transfer
ORD-200078,2025-03-06,2025-03-10,CUST-3007,SKU-1015,5,9.27,15,39.4,16.0,23.4,Direct,Bank Transfer
ORD-200368,2025-03-06,2025-03-09,CUST-3047,SKU-1012,4,18.49,0,73.96,26.0,47.96,Referral,Credit Card
ORD-200368,2025-03-06,2025-03-09,CUST-3047,SKU-1019,3,24.23,0,72.69,33.0,39.69,Referral,Credit Card
ORD-200368,2025-03-06,2025-03-09,CUST-3047,SKU-1016,3,8.95,5,25.51,9.0,16.51,Referral,Credit Card
ORD-200752,2025-03-07,2025-03-08,CUST-3086,SKU-1004,3,33.46,0,100.38,52.5,47.88,Referral,Credit Card
ORD-200790,2025-03-07,2025-03-08,CUST-3088,SKU-1020,5,81.18,15,345.02,220.0,125.02,Direct,Bank Transfer
ORD-201909,2025-03-07,2025-03-12,CUST-3223,SKU-1017,2,40.97,15,69.65,42.0,27.65,Paid Search,PayPal
ORD-201909,2025-03-07,2025-03-12,CUST-3223,SKU-1009,1,34.51,10,31.06,15.0,16.06,Paid Search,PayPal
ORD-202041,2025-03-07,2025-03-13,CUST-3240,SKU-1019,3,23.95,0,71.85,33.0,38.85,Email,Apple Pay
ORD-202451,2025-03-07,2025-03-12,CUST-3299,SKU-1013,3,7.4,0,22.2,7.2,15.0,Referral,PayPal
ORD-202651,2025-03-07,2025-03-14,CUST-3317,SKU-1020,5,82.13,5,390.12,220.0,170.12,Referral,Cash on Delivery
ORD-202651,2025-03-07,2025-03-14,CUST-3317,SKU-1004,5,32.55,5,154.61,87.5,67.11,Referral,Cash on Delivery
ORD-202651,2025-03-07,2025-03-14,CUST-3317,SKU-1019,5,24.32,0,121.6,55.0,66.6,Referral,Cash on Delivery
ORD-200258,2025-03-08,2025-03-14,CUST-3035,SKU-1006,2,9.98,20,15.97,9.6,6.37,Referral,Credit Card
ORD-202344,2025-03-08,2025-03-13,CUST-3285,SKU-1006,2,10.37,15,17.63,9.6,8.03,Direct,PayPal
ORD-202344,2025-03-08,2025-03-13,CUST-3285,SKU-1019,2,24.15,20,38.64,22.0,16.64,Direct,PayPal
ORD-202748,2025-03-08,2025-03-15,CUST-3321,SKU-1006,3,9.71,0,29.13,14.4,14.73,Email,Bank Transfer
ORD-200821,2025-03-09,2025-03-10,CUST-3089,SKU-1013,4,7.44,10,26.78,9.6,17.18,Paid Search,Apple Pay
ORD-200821,2025-03-09,2025-03-10,CUST-3089,SKU-1020,3,79.31,20,190.34,132.0,58.34,Paid Search,Apple Pay
ORD-202259,2025-03-09,2025-03-14,CUST-3270,SKU-1006,3,9.79,10,26.43,14.4,12.03,Referral,PayPal
ORD-202826,2025-03-09,2025-03-16,CUST-3330,SKU-1019,4,24.26,10,87.34,44.0,43.34,Email,PayPal
ORD-202970,2025-03-09,2025-03-12,CUST-3349,SKU-1019,5,23.63,20,94.52,55.0,39.52,Referral,PayPal
ORD-202970,2025-03-09,2025-03-12,CUST-3349,SKU-1001,4,15.09,0,60.36,32.8,27.56,Referral,PayPal
ORD-201152,2025-03-10,2025-03-12,CUST-3129,SKU-1013,3,7.44,20,17.86,7.2,10.66,Social,Cash on Delivery
ORD-201152,2025-03-10,2025-03-12,CUST-3129,SKU-1020,4,81.14,10,292.1,176.0,116.1,Social,Cash on Delivery
ORD-201152,2025-03-10,2025-03-12,CUST-3129,SKU-1013,4,7.9,0,31.6,9.6,22.0,Social,Cash on Delivery
ORD-202619,2025-03-10,2025-03-14,CUST-3315,SKU-1004,2,32.53,15,55.3,35.0,20.3,Referral,Credit Card
ORD-201686,2025-03-12,2025-03-16,CUST-3204,SKU-1018,3,27.16,10,73.33,40.5,32.83,Direct,Bank Transfer
ORD-201726,2025-03-14,2025-03-18,CUST-3211,SKU-1007,1,462.52,20,370.02,280.0,90.02,Email,Cash on Delivery
ORD-202320,2025-03-14,2025-03-21,CUST-3279,SKU-1004,3,33.47,0,100.41,52.5,47.91,Social,Credit Card
ORD-202320,2025-03-14,2025-03-21,CUST-3279,SKU-1014,4,12.31,0,49.24,16.4,32.84,Social,Credit Card
ORD-202716,2025-03-15,2025-03-20,CUST-3320,SKU-1019,3,23.57,0,70.71,33.0,37.71,Email,Credit Card
ORD-202716,2025-03-15,2025-03-20,CUST-3320,SKU-1020,4,82.89,0,331.56,176.0,155.56,Email,Credit Card
ORD-200563,2025-03-17,2025-03-21,CUST-3061,SKU-1020,3,82.63,20,198.31,132.0,66.31,Social,PayPal
ORD-200563,2025-03-17,2025-03-21,CUST-3061,SKU-1008,1,132.51,0,132.51,74.0,58.51,Social,PayPal
ORD-200563,2025-03-17,2025-03-21,CUST-3061,SKU-1020,3,81.64,10,220.43,132.0,88.43,Social,PayPal
ORD-200753,2025-03-17,2025-03-18,CUST-3086,SKU-1014,2,12.48,0,24.96,8.2,16.76,Referral,PayPal
ORD-200753,2025-03-17,2025-03-18,CUST-3086,SKU-1015,3,9.45,0,28.35,9.6,18.75,Referral,PayPal
ORD-200753,2025-03-17,2025-03-18,CUST-3086,SKU-1019,4,24.74,5,94.01,44.0,50.01,Referral,PayPal
ORD-201157,2025-03-17,2025-03-24,CUST-3131,SKU-1018,2,28.18,0,56.36,27.0,29.36,Organic Search,Credit Card
ORD-201157,2025-03-17,2025-03-24,CUST-3131,SKU-1015,1,8.84,10,7.96,3.2,4.76,Organic Search,Credit Card
ORD-201157,2025-03-17,2025-03-24,CUST-3131,SKU-1004,2,32.18,10,57.92,35.0,22.92,Organic Search,Credit Card
ORD-202413,2025-03-17,2025-03-19,CUST-3290,SKU-1003,1,12.17,10,10.95,6.3,4.65,Paid Search,Credit Card
ORD-202413,2025-03-17,2025-03-19,CUST-3290,SKU-1012,1,17.76,10,15.98,6.5,9.48,Paid Search,Credit Card
ORD-200185,2025-03-18,2025-03-23,CUST-3022,SKU-1018,2,27.89,15,47.41,27.0,20.41,Paid Search,Credit Card
ORD-200185,2025-03-18,2025-03-23,CUST-3022,SKU-1019,4,24.29,10,87.44,44.0,43.44,Paid Search,Credit Card
ORD-200338,2025-03-18,2025-03-23,CUST-3041,SKU-1019,3,24.79,0,74.37,33.0,41.37,Paid Search,Bank Transfer
ORD-200681,2025-03-18,2025-03-23,CUST-3073,SKU-1020,3,81.25,0,243.75,132.0,111.75,Social,Cash on Delivery
ORD-200681,2025-03-18,2025-03-23,CUST-3073,SKU-1008,1,128.95,20,103.16,74.0,29.16,Social,Cash on Delivery
ORD-200921,2025-03-18,2025-03-24,CUST-3106,SKU-1020,4,82.9,0,331.6,176.0,155.6,Social,Cash on Delivery
ORD-201629,2025-03-18,2025-03-25,CUST-3192,SKU-1019,4,23.81,0,95.24,44.0,51.24,Direct,PayPal
ORD-201174,2025-03-19,2025-03-22,CUST-3133,SKU-1015,2,8.98,0,17.96,6.4,11.56,Email,PayPal
ORD-201174,2025-03-19,2025-03-22,CUST-3133,SKU-1002,4,13.32,20,42.62,29.6,13.02,Email,PayPal
ORD-201174,2025-03-19,2025-03-22,CUST-3133,SKU-1019,2,24.38,0,48.76,22.0,26.76,Email,PayPal
ORD-201492,2025-03-19,2025-03-23,CUST-3172,SKU-1019,5,23.95,0,119.75,55.0,64.75,Organic Search,Cash on Delivery
ORD-201836,2025-03-19,2025-03-26,CUST-3217,SKU-1019,5,24.87,0,124.35,55.0,69.35,Direct,PayPal
ORD-201836,2025-03-19,2025-03-26,CUST-3217,SKU-1005,4,15.7,0,62.8,36.4,26.4,Direct,PayPal
ORD-202525,2025-03-19,2025-03-26,CUST-3304,SKU-1006,5,10.04,0,50.2,24.0,26.2,Organic Search,Bank Transfer
ORD-202525,2025-03-19,2025-03-26,CUST-3304,SKU-1020,5,80.81,5,383.85,220.0,163.85,Organic Search,Bank Transfer
ORD-201674,2025-03-20,2025-03-26,CUST-3202,SKU-1010,1,43.57,0,43.57,19.5,24.07,Organic Search,PayPal
ORD-201674,2025-03-20,2025-03-26,CUST-3202,SKU-1002,3,13.02,0,39.06,22.2,16.86,Organic Search,PayPal
ORD-202478,2025-03-20,2025-03-22,CUST-3301,SKU-1020,3,81.78,0,245.34,132.0,113.34,Direct,Cash on Delivery
ORD-201008,2025-03-21,2025-03-22,CUST-3117,SKU-1016,3,8.79,10,23.73,9.0,14.73,Direct,Bank Transfer
ORD-201153,2025-03-21,2025-03-23,CUST-3129,SKU-1019,3,25.18,0,75.54,33.0,42.54,Organic Search,PayPal
ORD-202274,2025-03-21,2025-03-22,CUST-3271,SKU-1020,4,80.46,10,289.66,176.0,113.66,Referral,Cash on Delivery
ORD-202274,2025-03-21,2025-03-22,CUST-3271,SKU-1009,1,34.44,0,34.44,15.0,19.44,Referral,Cash on Delivery
ORD-202902,2025-03-21,2025-03-27,CUST-3339,SKU-1017,1,39.99,0,39.99,21.0,18.99,Organic Search,Bank Transfer
ORD-202902,2025-03-21,2025-03-27,CUST-3339,SKU-1013,3,7.61,0,22.83,7.2,15.63,Organic Search,Bank Transfer
ORD-201924,2025-03-22,2025-03-27,CUST-3225,SKU-1011,1,29.6,0,29.6,12.0,17.6,Referral,Credit Card
ORD-201941,2025-03-22,2025-03-24,CUST-3228,SKU-1016,4,8.63,15,29.34,12.0,17.34,Referral,PayPal
ORD-201941,2025-03-22,2025-03-24,CUST-3228,SKU-1009,1,33.65,0,33.65,15.0,18.65,Referral,PayPal
ORD-202873,2025-03-22,2025-03-25,CUST-3334,SKU-1019,5,25.11,0,125.55,55.0,70.55,Email,PayPal
ORD-202873,2025-03-22,2025-03-25,CUST-3334,SKU-1020,4,77.8,0,311.2,176.0,135.2,Email,PayPal
ORD-200273,2025-03-23,2025-03-26,CUST-3036,SKU-1020,2,81.45,0,162.9,88.0,74.9,Paid Search,Bank Transfer
ORD-202370,2025-03-23,2025-03-26,CUST-3288,SKU-1017,2,39.07,0,78.14,42.0,36.14,Organic Search,Cash on Delivery
ORD-202370,2025-03-23,2025-03-26,CUST-3288,SKU-1011,1,27.8,10,25.02,12.0,13.02,Organic Search,Cash on Delivery
ORD-202370,2025-03-23,2025-03-26,CUST-3288,SKU-1019,2,24.17,0,48.34,22.0,26.34,Organic Search,Cash on Delivery
ORD-200227,2025-03-24,2025-03-25,CUST-3030,SKU-1008,1,130.39,10,117.35,74.0,43.35,Social,PayPal
ORD-200579,2025-03-24,2025-03-31,CUST-3064,SKU-1020,2,79.79,0,159.58,88.0,71.58,Paid Search,Credit Card
ORD-200579,2025-03-24,2025-03-31,CUST-3064,SKU-1020,2,83.23,10,149.81,88.0,61.81,Paid Search,Credit Card
ORD-200579,2025-03-24,2025-03-31,CUST-3064,SKU-1018,4,26.92,20,86.14,54.0,32.14,Paid Search,Credit Card
ORD-200652,2025-03-24,2025-03-25,CUST-3070,SKU-1019,4,23.78,15,80.85,44.0,36.85,Social,Apple Pay
ORD-200652,2025-03-24,2025-03-25,CUST-3070,SKU-1002,5,13.43,0,67.15,37.0,30.15,Social,Apple Pay
ORD-201587,2025-03-24,2025-03-31,CUST-3190,SKU-1016,1,8.51,15,7.23,3.0,4.23,Social,PayPal
ORD-202874,2025-03-24,2025-03-29,CUST-3334,SKU-1020,5,82.6,20,330.4,220.0,110.4,Email,Cash on Delivery
ORD-202874,2025-03-24,2025-03-29,CUST-3334,SKU-1012,5,18.67,10,84.02,32.5,51.52,Email,Cash on Delivery
ORD-200300,2025-03-25,2025-03-29,CUST-3040,SKU-1019,4,23.85,20,76.32,44.0,32.32,Direct,Bank Transfer
ORD-200386,2025-03-25,2025-03-26,CUST-3048,SKU-1016,5,8.9,15,37.82,15.0,22.82,Referral,PayPal
ORD-200386,2025-03-25,2025-03-26,CUST-3048,SKU-1019,5,23.92,10,107.64,55.0,52.64,Referral,PayPal
ORD-200571,2025-03-25,2025-03-29,CUST-3063,SKU-1002,3,12.89,15,32.87,22.2,10.67,Referral,PayPal
ORD-200571,2025-03-25,2025-03-29,CUST-3063,SKU-1001,1,15.12,20,12.1,8.2,3.9,Referral,PayPal
ORD-201562,2025-03-26,2025-03-29,CUST-3184,SKU-1020,4,83.06,20,265.79,176.0,89.79,Direct,PayPal
ORD-202134,2025-03-26,2025-03-31,CUST-3246,SKU-1012,4,18.52,15,62.97,26.0,36.97,Email,Bank Transfer
ORD-202134,2025-03-26,2025-03-31,CUST-3246,SKU-1003,4,11.62,0,46.48,25.2,21.28,Email,Bank Transfer
ORD-202134,2025-03-26,2025-03-31,CUST-3246,SKU-1019,5,24.84,10,111.78,55.0,56.78,Email,Bank Transfer
ORD-202345,2025-03-26,2025-03-30,CUST-3285,SKU-1009,1,34.98,0,34.98,15.0,19.98,Referral,PayPal
ORD-202345,2025-03-26,2025-03-30,CUST-3285,SKU-1020,4,78.16,0,312.64,176.0,136.64,Referral,PayPal
ORD-202599,2025-03-26,2025-03-31,CUST-3311,SKU-1020,4,79.7,0,318.8,176.0,142.8,Social,Credit Card
ORD-200454,2025-03-27,2025-04-03,CUST-3053,SKU-1014,3,11.99,5,34.17,12.3,21.87,Direct,Credit Card
ORD-200454,2025-03-27,2025-04-03,CUST-3053,SKU-1020,5,81.31,10,365.9,220.0,145.9,Direct,Credit Card
ORD-200454,2025-03-27,2025-04-03,CUST-3053,SKU-1020,3,82.05,10,221.53,132.0,89.53,Direct,Credit Card
ORD-201028,2025-03-27,2025-04-01,CUST-3118,SKU-1020,3,79.76,0,239.28,132.0,107.28,Direct,Bank Transfer
ORD-201175,2025-03-27,2025-03-28,CUST-3133,SKU-1020,2,78.5,0,157.0,88.0,69.0,Organic Search,PayPal
ORD-201175,2025-03-27,2025-03-28,CUST-3133,SKU-1019,2,24.92,0,49.84,22.0,27.84,Organic Search,PayPal
ORD-201175,2025-03-27,2025-03-28,CUST-3133,SKU-1010,1,43.92,10,39.53,19.5,20.03,Organic Search,PayPal
ORD-200339,2025-03-28,2025-03-29,CUST-3041,SKU-1008,1,131.24,0,131.24,74.0,57.24,Referral,Cash on Delivery
ORD-200653,2025-03-28,2025-04-03,CUST-3070,SKU-1020,3,82.43,0,247.29,132.0,115.29,Email,Credit Card
ORD-201125,2025-03-28,2025-04-04,CUST-3125,SKU-1019,2,23.55,10,42.39,22.0,20.39,Referral,PayPal
ORD-201762,2025-03-28,2025-04-04,CUST-3215,SKU-1008,1,135.22,15,114.94,74.0,40.94,Email,Credit Card
ORD-201762,2025-03-28,2025-04-04,CUST-3215,SKU-1014,4,12.28,20,39.3,16.4,22.9,Email,Credit Card
ORD-201762,2025-03-28,2025-04-04,CUST-3215,SKU-1019,4,25.04,5,95.15,44.0,51.15,Email,Credit Card
ORD-201878,2025-03-28,2025-04-04,CUST-3220,SKU-1014,5,12.71,20,50.84,20.5,30.34,Referral,Apple Pay
ORD-202135,2025-03-28,2025-03-29,CUST-3246,SKU-1019,4,23.55,0,94.2,44.0,50.2,Email,Cash on Delivery
ORD-202153,2025-03-28,2025-04-04,CUST-3247,SKU-1019,4,25.29,0,101.16,44.0,57.16,Email,Bank Transfer
ORD-202153,2025-03-28,2025-04-04,CUST-3247,SKU-1019,4,24.63,0,98.52,44.0,54.52,Email,Bank Transfer
ORD-202153,2025-03-28,2025-04-04,CUST-3247,SKU-1019,5,24.39,20,97.56,55.0,42.56,Email,Bank Transfer
ORD-200228,2025-03-29,2025-03-30,CUST-3030,SKU-1008,1,128.54,20,102.83,74.0,28.83,Social,Credit Card
ORD-200228,2025-03-29,2025-03-30,CUST-3030,SKU-1010,1,43.93,15,37.34,19.5,17.84,Social,Credit Card
ORD-200228,2025-03-29,2025-03-30,CUST-3030,SKU-1002,4,13.38,15,45.49,29.6,15.89,Social,Credit Card
ORD-200402,2025-03-29,2025-03-30,CUST-3049,SKU-1015,3,9.47,0,28.41,9.6,18.81,Paid Search,Apple Pay
ORD-200402,2025-03-29,2025-03-30,CUST-3049,SKU-1019,3,24.74,0,74.22,33.0,41.22,Paid Search,Apple Pay
ORD-200950,2025-03-29,2025-04-02,CUST-3110,SKU-1001,2,14.91,0,29.82,16.4,13.42,Social,PayPal
ORD-201513,2025-03-29,2025-04-04,CUST-3173,SKU-1020,4,83.09,15,282.51,176.0,106.51,Organic Search,Bank Transfer
ORD-201513,2025-03-29,2025-04-04,CUST-3173,SKU-1013,3,7.57,0,22.71,7.2,15.51,Organic Search,Bank Transfer
ORD-201513,2025-03-29,2025-04-04,CUST-3173,SKU-1004,3,31.71,10,85.62,52.5,33.12,Organic Search,Bank Transfer
ORD-202005,2025-03-29,2025-04-05,CUST-3237,SKU-1020,4,81.3,0,325.2,176.0,149.2,Organic Search,Cash on Delivery
ORD-202005,2025-03-29,2025-04-05,CUST-3237,SKU-1003,3,11.95,0,35.85,18.9,16.95,Organic Search,Cash on Delivery
ORD-202005,2025-03-29,2025-04-05,CUST-3237,SKU-1003,2,11.44,0,22.88,12.6,10.28,Organic Search,Cash on Delivery
ORD-202088,2025-03-29,2025-04-02,CUST-3243,SKU-1018,1,27.16,0,27.16,13.5,13.66,Referral,Apple Pay
ORD-202088,2025-03-29,2025-04-02,CUST-3243,SKU-1017,2,40.4,0,80.8,42.0,38.8,Referral,Apple Pay
ORD-202791,2025-03-29,2025-04-02,CUST-3328,SKU-1012,4,18.05,5,68.59,26.0,42.59,Direct,PayPal
ORD-200238,2025-03-30,2025-04-04,CUST-3032,SKU-1014,3,11.99,15,30.57,12.3,18.27,Referral,Apple Pay
ORD-200238,2025-03-30,2025-04-04,CUST-3032,SKU-1003,2,11.99,10,21.58,12.6,8.98,Referral,Apple Pay
ORD-200238,2025-03-30,2025-04-04,CUST-3032,SKU-1002,4,12.81,10,46.12,29.6,16.52,Referral,Apple Pay
ORD-200620,2025-03-30,2025-03-31,CUST-3067,SKU-1002,3,13.63,20,32.71,22.2,10.51,Paid Search,Apple Pay
ORD-200620,2025-03-30,2025-03-31,CUST-3067,SKU-1013,4,7.77,5,29.53,9.6,19.93,Paid Search,Apple Pay
ORD-200620,2025-03-30,2025-03-31,CUST-3067,SKU-1007,1,461.06,0,461.06,280.0,181.06,Paid Search,Apple Pay
ORD-200682,2025-03-30,2025-04-03,CUST-3073,SKU-1013,3,7.87,0,23.61,7.2,16.41,Organic Search,Apple Pay
ORD-200682,2025-03-30,2025-04-03,CUST-3073,SKU-1020,4,82.07,0,328.28,176.0,152.28,Organic Search,Apple Pay
ORD-200703,2025-03-30,2025-04-03,CUST-3074,SKU-1013,3,7.71,20,18.5,7.2,11.3,Organic Search,Bank Transfer
ORD-201006,2025-03-30,2025-04-02,CUST-3116,SKU-1019,3,25.07,10,67.69,33.0,34.69,Referral,PayPal
ORD-201299,2025-03-30,2025-04-04,CUST-3143,SKU-1019,4,24.91,20,79.71,44.0,35.71,Email,Cash on Delivery
ORD-201738,2025-03-30,2025-04-02,CUST-3212,SKU-1011,1,29.46,15,25.04,12.0,13.04,Paid Search,Cash on Delivery
ORD-202042,2025-03-30,2025-04-05,CUST-3240,SKU-1009,1,35.22,0,35.22,15.0,20.22,Email,Cash on Delivery
ORD-202042,2025-03-30,2025-04-05,CUST-3240,SKU-1020,3,78.29,5,223.13,132.0,91.13,Email,Cash on Delivery
ORD-202042,2025-03-30,2025-04-05,CUST-3240,SKU-1020,3,82.13,0,246.39,132.0,114.39,Email,Cash on Delivery
ORD-202073,2025-03-30,2025-04-05,CUST-3241,SKU-1020,4,79.17,0,316.68,176.0,140.68,Email,Apple Pay
ORD-202371,2025-03-31,2025-04-04,CUST-3288,SKU-1020,3,83.32,0,249.96,132.0,117.96,Email,Credit Card
ORD-202827,2025-03-31,2025-04-02,CUST-3330,SKU-1018,4,26.79,0,107.16,54.0,53.16,Email,PayPal
ORD-201350,2025-04-01,2025-04-04,CUST-3151,SKU-1012,2,18.91,0,37.82,13.0,24.82,Email,Bank Transfer
ORD-201763,2025-04-01,2025-04-02,CUST-3215,SKU-1019,4,25.1,0,100.4,44.0,56.4,Paid Search,Credit Card
ORD-201763,2025-04-01,2025-04-02,CUST-3215,SKU-1019,2,25.37,10,45.67,22.0,23.67,Paid Search,Credit Card
ORD-201925,2025-04-01,2025-04-04,CUST-3225,SKU-1020,4,79.12,0,316.48,176.0,140.48,Direct,Credit Card
ORD-201925,2025-04-01,2025-04-04,CUST-3225,SKU-1010,1,41.82,0,41.82,19.5,22.32,Direct,Credit Card
ORD-202757,2025-04-01,2025-04-05,CUST-3322,SKU-1020,4,82.89,5,314.98,176.0,138.98,Email,PayPal
ORD-202757,2025-04-01,2025-04-05,CUST-3322,SKU-1016,2,8.46,0,16.92,6.0,10.92,Email,PayPal
ORD-202757,2025-04-01,2025-04-05,CUST-3322,SKU-1006,2,9.94,0,19.88,9.6,10.28,Email,PayPal
ORD-200704,2025-04-02,2025-04-04,CUST-3074,SKU-1020,3,80.72,0,242.16,132.0,110.16,Referral,Apple Pay
ORD-201445,2025-04-02,2025-04-08,CUST-3169,SKU-1006,2,10.45,20,16.72,9.6,7.12,Direct,Cash on Delivery
ORD-201445,2025-04-02,2025-04-08,CUST-3169,SKU-1019,3,24.93,0,74.79,33.0,41.79,Direct,Cash on Delivery
ORD-201563,2025-04-02,2025-04-08,CUST-3184,SKU-1013,3,7.52,0,22.56,7.2,15.36,Paid Search,Apple Pay
ORD-201563,2025-04-02,2025-04-08,CUST-3184,SKU-1006,4,10.42,0,41.68,19.2,22.48,Paid Search,Apple Pay
ORD-201563,2025-04-02,2025-04-08,CUST-3184,SKU-1018,3,28.41,10,76.71,40.5,36.21,Paid Search,Apple Pay
ORD-202971,2025-04-02,2025-04-03,CUST-3349,SKU-1019,5,25.09,0,125.45,55.0,70.45,Paid Search,Credit Card
ORD-200594,2025-04-03,2025-04-06,CUST-3066,SKU-1019,3,24.8,0,74.4,33.0,41.4,Email,PayPal
ORD-200791,2025-04-03,2025-04-08,CUST-3088,SKU-1019,3,23.53,10,63.53,33.0,30.53,Email,Credit Card
ORD-202652,2025-04-03,2025-04-06,CUST-3317,SKU-1013,3,7.35,0,22.05,7.2,14.85,Paid Search,Bank Transfer
ORD-202652,2025-04-03,2025-04-06,CUST-3317,SKU-1019,4,25.34,0,101.36,44.0,57.36,Paid Search,Bank Transfer
ORD-202828,2025-04-03,2025-04-10,CUST-3330,SKU-1002,3,12.95,20,31.08,22.2,8.88,Email,Apple Pay
ORD-202828,2025-04-03,2025-04-10,CUST-3330,SKU-1002,5,13.04,5,61.94,37.0,24.94,Email,Apple Pay
ORD-202828,2025-04-03,2025-04-10,CUST-3330,SKU-1019,4,24.52,20,78.46,44.0,34.46,Email,Apple Pay
ORD-202838,2025-04-03,2025-04-09,CUST-3332,SKU-1011,1,28.12,15,23.9,12.0,11.9,Referral,Cash on Delivery
ORD-202838,2025-04-03,2025-04-09,CUST-3332,SKU-1018,2,27.32,20,43.71,27.0,16.71,Referral,Cash on Delivery
ORD-200105,2025-04-04,2025-04-07,CUST-3011,SKU-1013,2,7.36,0,14.72,4.8,9.92,Email,Cash on Delivery
ORD-200105,2025-04-04,2025-04-07,CUST-3011,SKU-1014,3,12.3,10,33.21,12.3,20.91,Email,Cash on Delivery
ORD-201300,2025-04-04,2025-04-06,CUST-3143,SKU-1020,3,83.1,0,249.3,132.0,117.3,Referral,Cash on Delivery
ORD-201675,2025-04-04,2025-04-11,CUST-3202,SKU-1020,2,78.32,10,140.98,88.0,52.98,Referral,Apple Pay
ORD-201675,2025-04-04,2025-04-11,CUST-3202,SKU-1019,4,24.34,5,92.49,44.0,48.49,Referral,Apple Pay
ORD-202074,2025-04-04,2025-04-05,CUST-3241,SKU-1020,3,82.61,10,223.05,132.0,91.05,Paid Search,Apple Pay
ORD-202074,2025-04-04,2025-04-05,CUST-3241,SKU-1014,3,12.21,0,36.63,12.3,24.33,Paid Search,Apple Pay
ORD-202074,2025-04-04,2025-04-05,CUST-3241,SKU-1019,3,23.82,0,71.46,33.0,38.46,Paid Search,Apple Pay
ORD-200095,2025-04-05,2025-04-11,CUST-3008,SKU-1020,3,79.99,0,239.97,132.0,107.97,Referral,Cash on Delivery
ORD-200716,2025-04-05,2025-04-12,CUST-3077,SKU-1009,1,34.32,0,34.32,15.0,19.32,Organic Search,PayPal
ORD-200716,2025-04-05,2025-04-12,CUST-3077,SKU-1011,1,27.82,0,27.82,12.0,15.82,Organic Search,PayPal
ORD-201094,2025-04-05,2025-04-09,CUST-3121,SKU-1020,5,78.57,20,314.28,220.0,94.28,Email,PayPal
ORD-201630,2025-04-05,2025-04-11,CUST-3192,SKU-1001,5,14.89,5,70.73,41.0,29.73,Email,Credit Card
ORD-201630,2025-04-05,2025-04-11,CUST-3192,SKU-1003,3,11.49,0,34.47,18.9,15.57,Email,Credit Card
ORD-201630,2025-04-05,2025-04-11,CUST-3192,SKU-1020,4,78.78,5,299.36,176.0,123.36,Email,Credit Card
ORD-202075,2025-04-05,2025-04-10,CUST-3241,SKU-1020,5,79.12,0,395.6,220.0,175.6,Social,Bank Transfer
ORD-202829,2025-04-05,2025-04-07,CUST-3330,SKU-1010,1,41.92,0,41.92,19.5,22.42,Direct,Credit Card
ORD-202927,2025-04-05,2025-04-07,CUST-3345,SKU-1015,2,9.19,0,18.38,6.4,11.98,Organic Search,Credit Card
ORD-202927,2025-04-05,2025-04-07,CUST-3345,SKU-1005,3,14.74,0,44.22,27.3,16.92,Organic Search,Credit Card
ORD-202927,2025-04-05,2025-04-07,CUST-3345,SKU-1004,3,33.64,10,90.83,52.5,38.33,Organic Search,Credit Card
ORD-200654,2025-04-06,2025-04-12,CUST-3070,SKU-1013,3,7.55,0,22.65,7.2,15.45,Social,PayPal
ORD-200654,2025-04-06,2025-04-12,CUST-3070,SKU-1012,4,18.52,15,62.97,26.0,36.97,Social,PayPal
ORD-200654,2025-04-06,2025-04-12,CUST-3070,SKU-1009,1,35.1,10,31.59,15.0,16.59,Social,PayPal
ORD-201428,2025-04-06,2025-04-07,CUST-3167,SKU-1015,2,8.92,0,17.84,6.4,11.44,Paid Search,Apple Pay
ORD-201986,2025-04-06,2025-04-13,CUST-3236,SKU-1006,5,9.95,0,49.75,24.0,25.75,Paid Search,PayPal
ORD-202242,2025-04-06,2025-04-12,CUST-3264,SKU-1010,1,42.53,10,38.28,19.5,18.78,Organic Search,PayPal
ORD-202242,2025-04-06,2025-04-12,CUST-3264,SKU-1002,4,12.95,0,51.8,29.6,22.2,Organic Search,PayPal
ORD-202690,2025-04-06,2025-04-13,CUST-3318,SKU-1001,3,14.79,0,44.37,24.6,19.77,Email,Bank Transfer
ORD-202972,2025-04-06,2025-04-09,CUST-3349,SKU-1010,1,41.62,0,41.62,19.5,22.12,Organic Search,Bank Transfer
ORD-202972,2025-04-06,2025-04-09,CUST-3349,SKU-1020,3,81.36,0,244.08,132.0,112.08,Organic Search,Bank Transfer
ORD-200229,2025-04-07,2025-04-12,CUST-3030,SKU-1019,2,24.43,0,48.86,22.0,26.86,Organic Search,PayPal
ORD-200229,2025-04-07,2025-04-12,CUST-3030,SKU-1011,1,28.62,0,28.62,12.0,16.62,Organic Search,PayPal
ORD-200655,2025-04-07,2025-04-13,CUST-3070,SKU-1019,3,25.15,10,67.9,33.0,34.9,Direct,Cash on Delivery
ORD-200655,2025-04-07,2025-04-13,CUST-3070,SKU-1008,1,135.02,0,135.02,74.0,61.02,Direct,Cash on Delivery
ORD-200655,2025-04-07,2025-04-13,CUST-3070,SKU-1019,5,24.24,20,96.96,55.0,41.96,Direct,Cash on Delivery
ORD-201564,2025-04-07,2025-04-13,CUST-3184,SKU-1002,4,13.41,0,53.64,29.6,24.04,Organic Search,PayPal
ORD-201564,2025-04-07,2025-04-13,CUST-3184,SKU-1020,3,82.12,20,197.09,132.0,65.09,Organic Search,PayPal
ORD-202372,2025-04-07,2025-04-10,CUST-3288,SKU-1012,2,18.68,0,37.36,13.0,24.36,Referral,Bank Transfer
ORD-202479,2025-04-07,2025-04-08,CUST-3301,SKU-1003,5,11.78,0,58.9,31.5,27.4,Referral,Apple Pay
ORD-202830,2025-04-07,2025-04-12,CUST-3330,SKU-1004,5,31.93,20,127.72,87.5,40.22,Referral,Apple Pay
ORD-200455,2025-04-08,2025-04-09,CUST-3053,SKU-1007,1,453.05,0,453.05,280.0,173.05,Organic Search,Bank Transfer
ORD-200455,2025-04-08,2025-04-09,CUST-3053,SKU-1020,5,81.16,0,405.8,220.0,185.8,Organic Search,Bank Transfer
ORD-200705,2025-04-08,2025-04-13,CUST-3074,SKU-1020,4,77.77,10,279.97,176.0,103.97,Email,Cash on Delivery
ORD-201164,2025-04-08,2025-04-14,CUST-3132,SKU-1002,3,13.77,10,37.18,22.2,14.98,Referral,Credit Card
ORD-201164,2025-04-08,2025-04-14,CUST-3132,SKU-1019,3,24.92,20,59.81,33.0,26.81,Referral,Credit Card
ORD-201095,2025-04-09,2025-04-11,CUST-3121,SKU-1011,1,29.24,5,27.78,12.0,15.78,Organic Search,Bank Transfer
ORD-201095,2025-04-09,2025-04-11,CUST-3121,SKU-1020,4,78.84,15,268.06,176.0,92.06,Organic Search,Bank Transfer
ORD-201651,2025-04-09,2025-04-11,CUST-3197,SKU-1015,2,9.39,0,18.78,6.4,12.38,Referral,Apple Pay
ORD-201700,2025-04-09,2025-04-11,CUST-3207,SKU-1016,3,8.37,10,22.6,9.0,13.6,Email,Bank Transfer
ORD-201747,2025-04-09,2025-04-10,CUST-3214,SKU-1010,1,42.17,0,42.17,19.5,22.67,Paid Search,PayPal
ORD-202043,2025-04-09,2025-04-12,CUST-3240,SKU-1005,5,15.31,0,76.55,45.5,31.05,Paid Search,Bank Transfer
ORD-202159,2025-04-09,2025-04-12,CUST-3248,SKU-1016,2,8.94,0,17.88,6.0,11.88,Social,Cash on Delivery
ORD-200009,2025-04-10,2025-04-13,CUST-3002,SKU-1017,2,39.54,0,79.08,42.0,37.08,Email,PayPal
ORD-200230,2025-04-10,2025-04-11,CUST-3030,SKU-1013,2,7.69,0,15.38,4.8,10.58,Organic Search,Credit Card
ORD-200656,2025-04-10,2025-04-13,CUST-3070,SKU-1020,3,83.25,0,249.75,132.0,117.75,Organic Search,Bank Transfer
ORD-200656,2025-04-10,2025-04-13,CUST-3070,SKU-1013,5,7.84,0,39.2,12.0,27.2,Organic Search,Bank Transfer
ORD-200892,2025-04-10,2025-04-17,CUST-3101,SKU-1019,2,25.2,0,50.4,22.0,28.4,Social,PayPal
ORD-200892,2025-04-10,2025-04-17,CUST-3101,SKU-1017,2,38.79,10,69.82,42.0,27.82,Social,PayPal
ORD-200892,2025-04-10,2025-04-17,CUST-3101,SKU-1009,1,34.92,10,31.43,15.0,16.43,Social,PayPal
ORD-202154,2025-04-10,2025-04-16,CUST-3247,SKU-1016,3,8.43,10,22.76,9.0,13.76,Email,Apple Pay
ORD-202154,2025-04-10,2025-04-16,CUST-3247,SKU-1020,5,82.39,10,370.75,220.0,150.75,Email,Apple Pay
ORD-202154,2025-04-10,2025-04-16,CUST-3247,SKU-1002,5,13.67,0,68.35,37.0,31.35,Email,Apple Pay
ORD-202165,2025-04-10,2025-04-15,CUST-3251,SKU-1018,2,28.58,10,51.44,27.0,24.44,Email,Credit Card
ORD-202165,2025-04-10,2025-04-15,CUST-3251,SKU-1002,2,13.36,10,24.05,14.8,9.25,Email,Credit Card
ORD-202165,2025-04-10,2025-04-15,CUST-3251,SKU-1015,2,9.49,0,18.98,6.4,12.58,Email,Credit Card
ORD-202220,2025-04-10,2025-04-17,CUST-3259,SKU-1013,2,7.48,5,14.21,4.8,9.41,Direct,Credit Card
ORD-202220,2025-04-10,2025-04-17,CUST-3259,SKU-1020,3,77.65,0,232.95,132.0,100.95,Direct,Credit Card
ORD-200717,2025-04-11,2025-04-13,CUST-3077,SKU-1008,1,136.44,0,136.44,74.0,62.44,Organic Search,PayPal
ORD-200717,2025-04-11,2025-04-13,CUST-3077,SKU-1011,1,29.45,20,23.56,12.0,11.56,Organic Search,PayPal
ORD-200717,2025-04-11,2025-04-13,CUST-3077,SKU-1010,1,41.77,10,37.59,19.5,18.09,Organic Search,PayPal
ORD-200958,2025-04-11,2025-04-18,CUST-3112,SKU-1003,2,11.31,15,19.23,12.6,6.63,Email,Credit Card
ORD-201727,2025-04-11,2025-04-12,CUST-3211,SKU-1017,1,41.06,0,41.06,21.0,20.06,Direct,Credit Card
ORD-202076,2025-04-11,2025-04-18,CUST-3241,SKU-1020,3,80.03,5,228.09,132.0,96.09,Referral,Cash on Delivery
ORD-202275,2025-04-11,2025-04-12,CUST-3271,SKU-1017,4,40.77,0,163.08,84.0,79.08,Organic Search,Apple Pay
ORD-200407,2025-04-12,2025-04-16,CUST-3051,SKU-1017,1,39.48,0,39.48,21.0,18.48,Paid Search,PayPal
ORD-200989,2025-04-12,2025-04-19,CUST-3113,SKU-1019,3,23.55,0,70.65,33.0,37.65,Organic Search,Bank Transfer
ORD-200989,2025-04-12,2025-04-19,CUST-3113,SKU-1012,5,18.84,0,94.2,32.5,61.7,Organic Search,Bank Transfer
ORD-200989,2025-04-12,2025-04-19,CUST-3113,SKU-1019,4,23.89,5,90.78,44.0,46.78,Organic Search,Bank Transfer
ORD-201987,2025-04-12,2025-04-13,CUST-3236,SKU-1019,5,24.57,10,110.56,55.0,55.56,Paid Search,Credit Card
ORD-201987,2025-04-12,2025-04-13,CUST-3236,SKU-1020,5,79.93,20,319.72,220.0,99.72,Paid Search,Credit Card
ORD-201987,2025-04-12,2025-04-13,CUST-3236,SKU-1017,4,39.0,0,156.0,84.0,72.0,Paid Search,Credit Card
ORD-200356,2025-04-13,2025-04-16,CUST-3043,SKU-1016,3,8.39,10,22.65,9.0,13.65,Email,Apple Pay
ORD-200667,2025-04-13,2025-04-19,CUST-3072,SKU-1017,3,40.3,5,114.85,63.0,51.85,Organic Search,PayPal
ORD-201176,2025-04-13,2025-04-20,CUST-3133,SKU-1013,4,7.6,0,30.4,9.6,20.8,Social,Bank Transfer
ORD-201176,2025-04-13,2025-04-20,CUST-3133,SKU-1019,2,23.65,0,47.3,22.0,25.3,Social,Bank Transfer
ORD-201493,2025-04-13,2025-04-14,CUST-3172,SKU-1019,5,24.48,15,104.04,55.0,49.04,Paid Search,PayPal
ORD-201493,2025-04-13,2025-04-14,CUST-3172,SKU-1019,3,23.72,10,64.04,33.0,31.04,Paid Search,PayPal
ORD-201493,2025-04-13,2025-04-14,CUST-3172,SKU-1009,1,35.96,10,32.36,15.0,17.36,Paid Search,PayPal
ORD-201494,2025-04-13,2025-04-15,CUST-3172,SKU-1020,5,78.25,15,332.56,220.0,112.56,Direct,PayPal
ORD-201801,2025-04-13,2025-04-17,CUST-3216,SKU-1020,3,80.36,10,216.97,132.0,84.97,Email,PayPal
ORD-201801,2025-04-13,2025-04-17,CUST-3216,SKU-1019,4,24.87,0,99.48,44.0,55.48,Email,PayPal
ORD-201801,2025-04-13,2025-04-17,CUST-3216,SKU-1014,4,11.99,0,47.96,16.4,31.56,Email,PayPal
ORD-201926,2025-04-13,2025-04-16,CUST-3225,SKU-1004,2,33.86,0,67.72,35.0,32.72,Social,PayPal
ORD-200564,2025-04-14,2025-04-20,CUST-3061,SKU-1015,3,8.84,0,26.52,9.6,16.92,Paid Search,Bank Transfer
ORD-201879,2025-04-14,2025-04-20,CUST-3220,SKU-1019,5,23.73,5,112.72,55.0,57.72,Referral,PayPal
ORD-201879,2025-04-14,2025-04-20,CUST-3220,SKU-1020,4,77.62,0,310.48,176.0,134.48,Referral,PayPal
ORD-201879,2025-04-14,2025-04-20,CUST-3220,SKU-1020,5,79.7,0,398.5,220.0,178.5,Referral,PayPal
ORD-202408,2025-04-14,2025-04-20,CUST-3289,SKU-1020,5,79.84,0,399.2,220.0,179.2,Referral,PayPal
ORD-202408,2025-04-14,2025-04-20,CUST-3289,SKU-1020,4,81.24,0,324.96,176.0,148.96,Referral,PayPal
ORD-202408,2025-04-14,2025-04-20,CUST-3289,SKU-1016,4,8.41,5,31.96,12.0,19.96,Referral,PayPal
ORD-202526,2025-04-14,2025-04-17,CUST-3304,SKU-1009,1,33.53,0,33.53,15.0,18.53,Organic Search,PayPal
ORD-201393,2025-04-15,2025-04-17,CUST-3163,SKU-1009,1,33.88,5,32.19,15.0,17.19,Referral,Credit Card
ORD-201393,2025-04-15,2025-04-17,CUST-3163,SKU-1019,2,24.88,0,49.76,22.0,27.76,Referral,Credit Card
ORD-202409,2025-04-15,2025-04-20,CUST-3289,SKU-1019,3,24.88,10,67.18,33.0,34.18,Email,PayPal
ORD-202409,2025-04-15,2025-04-20,CUST-3289,SKU-1019,4,25.22,0,100.88,44.0,56.88,Email,PayPal
ORD-201050,2025-04-16,2025-04-17,CUST-3120,SKU-1013,3,7.51,0,22.53,7.2,15.33,Paid Search,PayPal
ORD-201301,2025-04-16,2025-04-21,CUST-3143,SKU-1008,1,132.06,5,125.46,74.0,51.46,Referral,PayPal
ORD-201302,2025-04-16,2025-04-19,CUST-3143,SKU-1007,1,445.54,10,400.99,280.0,120.99,Direct,Bank Transfer
ORD-201701,2025-04-16,2025-04-19,CUST-3207,SKU-1006,4,10.3,5,39.14,19.2,19.94,Direct,Bank Transfer
ORD-201802,2025-04-16,2025-04-21,CUST-3216,SKU-1020,5,83.41,0,417.05,220.0,197.05,Paid Search,Apple Pay
ORD-201802,2025-04-16,2025-04-21,CUST-3216,SKU-1019,4,25.05,0,100.2,44.0,56.2,Paid Search,Apple Pay
ORD-201802,2025-04-16,2025-04-21,CUST-3216,SKU-1006,5,10.08,0,50.4,24.0,26.4,Paid Search,Apple Pay
ORD-201880,2025-04-16,2025-04-19,CUST-3220,SKU-1014,4,12.68,0,50.72,16.4,34.32,Social,Bank Transfer
ORD-202527,2025-04-16,2025-04-19,CUST-3304,SKU-1020,4,80.22,20,256.7,176.0,80.7,Paid Search,Cash on Delivery
ORD-200079,2025-04-17,2025-04-22,CUST-3007,SKU-1004,3,32.02,10,86.45,52.5,33.95,Paid Search,Apple Pay
ORD-201631,2025-04-17,2025-04-23,CUST-3192,SKU-1010,1,41.29,0,41.29,19.5,21.79,Direct,Bank Transfer
ORD-201631,2025-04-17,2025-04-23,CUST-3192,SKU-1020,3,80.39,15,204.99,132.0,72.99,Direct,Bank Transfer
ORD-202006,2025-04-17,2025-04-21,CUST-3237,SKU-1020,3,82.81,20,198.74,132.0,66.74,Social,Apple Pay
ORD-200186,2025-04-18,2025-04-24,CUST-3022,SKU-1010,1,41.17,0,41.17,19.5,21.67,Referral,PayPal
ORD-200203,2025-04-18,2025-04-22,CUST-3025,SKU-1005,2,15.31,0,30.62,18.2,12.42,Referral,Apple Pay
ORD-200621,2025-04-18,2025-04-24,CUST-3067,SKU-1019,5,24.12,10,108.54,55.0,53.54,Referral,Credit Card
ORD-201446,2025-04-18,2025-04-20,CUST-3169,SKU-1019,4,24.39,10,87.8,44.0,43.8,Organic Search,PayPal
ORD-201446,2025-04-18,2025-04-20,CUST-3169,SKU-1020,2,83.55,10,150.39,88.0,62.39,Organic Search,PayPal
ORD-202290,2025-04-18,2025-04-25,CUST-3274,SKU-1002,3,13.6,0,40.8,22.2,18.6,Social,Cash on Delivery
ORD-202290,2025-04-18,2025-04-25,CUST-3274,SKU-1008,1,127.05,10,114.34,74.0,40.34,Social,Cash on Delivery
ORD-202452,2025-04-18,2025-04-21,CUST-3300,SKU-1006,2,10.35,0,20.7,9.6,11.1,Email,Apple Pay
ORD-200706,2025-04-19,2025-04-21,CUST-3074,SKU-1019,5,25.1,0,125.5,55.0,70.5,Organic Search,Cash on Delivery
ORD-200747,2025-04-19,2025-04-20,CUST-3085,SKU-1015,2,9.27,0,18.54,6.4,12.14,Direct,PayPal
ORD-200747,2025-04-19,2025-04-20,CUST-3085,SKU-1009,1,33.61,0,33.61,15.0,18.61,Direct,PayPal
ORD-202410,2025-04-19,2025-04-22,CUST-3289,SKU-1004,5,33.87,0,169.35,87.5,81.85,Social,Apple Pay
ORD-202410,2025-04-19,2025-04-22,CUST-3289,SKU-1006,3,10.08,10,27.22,14.4,12.82,Social,Apple Pay
ORD-202410,2025-04-19,2025-04-22,CUST-3289,SKU-1020,3,80.24,10,216.65,132.0,84.65,Social,Apple Pay
ORD-202875,2025-04-19,2025-04-26,CUST-3334,SKU-1019,5,25.21,15,107.14,55.0,52.14,Organic Search,Credit Card
ORD-202875,2025-04-19,2025-04-26,CUST-3334,SKU-1005,3,15.74,10,42.5,27.3,15.2,Organic Search,Credit Card
ORD-202875,2025-04-19,2025-04-26,CUST-3334,SKU-1017,3,39.73,0,119.19,63.0,56.19,Organic Search,Credit Card
ORD-200080,2025-04-20,2025-04-23,CUST-3007,SKU-1019,4,24.36,0,97.44,44.0,53.44,Paid Search,Apple Pay
ORD-200080,2025-04-20,2025-04-23,CUST-3007,SKU-1009,1,33.37,10,30.03,15.0,15.03,Paid Search,Apple Pay
ORD-200080,2025-04-20,2025-04-23,CUST-3007,SKU-1015,4,9.51,0,38.04,12.8,25.24,Paid Search,Apple Pay
ORD-200096,2025-04-20,2025-04-23,CUST-3008,SKU-1016,2,8.44,10,15.19,6.0,9.19,Email,Cash on Delivery
ORD-201257,2025-04-20,2025-04-24,CUST-3141,SKU-1007,1,467.73,10,420.96,280.0,140.96,Referral,Cash on Delivery
ORD-201257,2025-04-20,2025-04-24,CUST-3141,SKU-1014,3,12.0,20,28.8,12.3,16.5,Referral,Cash on Delivery
ORD-201881,2025-04-20,2025-04-26,CUST-3220,SKU-1019,5,24.48,0,122.4,55.0,67.4,Referral,Bank Transfer
ORD-201881,2025-04-20,2025-04-26,CUST-3220,SKU-1019,3,25.02,20,60.05,33.0,27.05,Referral,Bank Transfer
ORD-201882,2025-04-20,2025-04-21,CUST-3220,SKU-1011,1,29.39,0,29.39,12.0,17.39,Direct,PayPal
ORD-201882,2025-04-20,2025-04-21,CUST-3220,SKU-1020,5,78.48,0,392.4,220.0,172.4,Direct,PayPal
ORD-201910,2025-04-20,2025-04-21,CUST-3223,SKU-1016,4,8.6,0,34.4,12.0,22.4,Social,PayPal
ORD-201910,2025-04-20,2025-04-21,CUST-3223,SKU-1020,2,80.62,10,145.12,88.0,57.12,Social,PayPal
ORD-201942,2025-04-20,2025-04-22,CUST-3228,SKU-1007,1,464.95,0,464.95,280.0,184.95,Referral,Bank Transfer
ORD-202453,2025-04-20,2025-04-24,CUST-3300,SKU-1004,3,33.29,0,99.87,52.5,47.37,Organic Search,PayPal
ORD-200825,2025-04-21,2025-04-24,CUST-3090,SKU-1018,1,27.68,0,27.68,13.5,14.18,Organic Search,Credit Card
ORD-200825,2025-04-21,2025-04-24,CUST-3090,SKU-1006,1,9.96,10,8.96,4.8,4.16,Organic Search,Credit Card
ORD-202304,2025-04-22,2025-04-27,CUST-3277,SKU-1007,1,472.63,0,472.63,280.0,192.63,Direct,Cash on Delivery
ORD-202876,2025-04-22,2025-04-26,CUST-3334,SKU-1020,4,83.33,0,333.32,176.0,157.32,Social,Cash on Delivery
ORD-200408,2025-04-23,2025-04-28,CUST-3051,SKU-1010,1,42.22,10,38.0,19.5,18.5,Email,PayPal
ORD-200595,2025-04-23,2025-04-24,CUST-3066,SKU-1014,2,11.88,20,19.01,8.2,10.81,Paid Search,PayPal
ORD-200831,2025-04-23,2025-04-29,CUST-3091,SKU-1002,4,13.72,0,54.88,29.6,25.28,Paid Search,Credit Card
ORD-201689,2025-04-23,2025-04-29,CUST-3205,SKU-1007,1,446.6,10,401.94,280.0,121.94,Referral,Apple Pay
ORD-201689,2025-04-23,2025-04-29,CUST-3205,SKU-1014,2,12.28,0,24.56,8.2,16.36,Referral,Apple Pay
ORD-201837,2025-04-23,2025-04-29,CUST-3217,SKU-1016,4,8.72,5,33.14,12.0,21.14,Referral,Bank Transfer
ORD-202089,2025-04-23,2025-04-28,CUST-3243,SKU-1007,1,444.57,0,444.57,280.0,164.57,Organic Search,Bank Transfer
ORD-202155,2025-04-23,2025-04-25,CUST-3247,SKU-1020,3,78.47,0,235.41,132.0,103.41,Referral,PayPal
ORD-202373,2025-04-23,2025-04-25,CUST-3288,SKU-1020,3,81.4,15,207.57,132.0,75.57,Direct,PayPal
ORD-202758,2025-04-23,2025-04-26,CUST-3322,SKU-1020,3,82.5,10,222.75,132.0,90.75,Paid Search,Apple Pay
ORD-200340,2025-04-24,2025-04-25,CUST-3041,SKU-1004,4,33.76,5,128.29,70.0,58.29,Direct,Credit Card
ORD-201303,2025-04-24,2025-05-01,CUST-3143,SKU-1004,5,32.26,10,145.17,87.5,57.67,Social,Apple Pay
ORD-201303,2025-04-24,2025-05-01,CUST-3143,SKU-1019,4,24.78,0,99.12,44.0,55.12,Social,Apple Pay
ORD-201883,2025-04-24,2025-04-27,CUST-3220,SKU-1014,3,12.21,0,36.63,12.3,24.33,Direct,PayPal
ORD-201883,2025-04-24,2025-04-27,CUST-3220,SKU-1019,5,25.36,5,120.46,55.0,65.46,Direct,PayPal
ORD-201988,2025-04-24,2025-04-26,CUST-3236,SKU-1019,5,23.95,0,119.75,55.0,64.75,Paid Search,PayPal
ORD-202321,2025-04-24,2025-05-01,CUST-3279,SKU-1013,4,7.66,15,26.04,9.6,16.44,Direct,Cash on Delivery
ORD-202782,2025-04-24,2025-05-01,CUST-3327,SKU-1005,3,14.89,5,42.44,27.3,15.14,Organic Search,Apple Pay
ORD-202782,2025-04-24,2025-05-01,CUST-3327,SKU-1003,1,11.93,15,10.14,6.3,3.84,Organic Search,Apple Pay
ORD-200565,2025-04-25,2025-04-27,CUST-3061,SKU-1019,5,24.19,5,114.9,55.0,59.9,Paid Search,Bank Transfer
ORD-200565,2025-04-25,2025-04-27,CUST-3061,SKU-1007,1,475.56,20,380.45,280.0,100.45,Paid Search,Bank Transfer
ORD-200792,2025-04-25,2025-04-27,CUST-3088,SKU-1020,3,78.31,0,234.93,132.0,102.93,Organic Search,PayPal
ORD-202077,2025-04-25,2025-04-28,CUST-3241,SKU-1020,5,80.4,0,402.0,220.0,182.0,Paid Search,PayPal
ORD-202354,2025-04-25,2025-04-26,CUST-3287,SKU-1018,3,27.99,0,83.97,40.5,43.47,Paid Search,Credit Card
ORD-202354,2025-04-25,2025-04-26,CUST-3287,SKU-1006,1,10.05,5,9.55,4.8,4.75,Paid Search,Credit Card
ORD-200403,2025-04-26,2025-04-30,CUST-3049,SKU-1020,2,80.12,10,144.22,88.0,56.22,Paid Search,Bank Transfer
ORD-201155,2025-04-26,2025-04-29,CUST-3130,SKU-1004,2,31.71,20,50.74,35.0,15.74,Paid Search,Cash on Delivery
ORD-201304,2025-04-26,2025-05-01,CUST-3143,SKU-1014,4,12.47,10,44.89,16.4,28.49,Organic Search,Cash on Delivery
ORD-202691,2025-04-26,2025-05-02,CUST-3318,SKU-1019,4,25.35,0,101.4,44.0,57.4,Email,Apple Pay
ORD-202691,2025-04-26,2025-05-02,CUST-3318,SKU-1010,1,41.96,0,41.96,19.5,22.46,Email,Apple Pay
ORD-200360,2025-04-27,2025-04-29,CUST-3044,SKU-1002,3,13.71,5,39.07,22.2,16.87,Referral,Credit Card
ORD-200360,2025-04-27,2025-04-29,CUST-3044,SKU-1019,1,23.68,10,21.31,11.0,10.31,Referral,Credit Card
ORD-201148,2025-04-27,2025-04-29,CUST-3128,SKU-1011,1,27.59,10,24.83,12.0,12.83,Direct,Cash on Delivery
ORD-201148,2025-04-27,2025-04-29,CUST-3128,SKU-1019,3,24.43,0,73.29,33.0,40.29,Direct,Cash on Delivery
ORD-201331,2025-04-27,2025-05-04,CUST-3150,SKU-1014,4,11.9,0,47.6,16.4,31.2,Social,Apple Pay
ORD-201331,2025-04-27,2025-05-04,CUST-3150,SKU-1002,3,13.21,5,37.65,22.2,15.45,Social,Apple Pay
ORD-201331,2025-04-27,2025-05-04,CUST-3150,SKU-1014,2,12.56,20,20.1,8.2,11.9,Social,Apple Pay
ORD-202620,2025-04-27,2025-04-28,CUST-3315,SKU-1003,2,11.95,0,23.9,12.6,11.3,Social,Apple Pay
ORD-202620,2025-04-27,2025-04-28,CUST-3315,SKU-1015,1,8.87,5,8.43,3.2,5.23,Social,Apple Pay
ORD-202692,2025-04-27,2025-05-03,CUST-3318,SKU-1017,4,39.38,20,126.02,84.0,42.02,Paid Search,PayPal
ORD-202692,2025-04-27,2025-05-03,CUST-3318,SKU-1019,5,23.83,5,113.19,55.0,58.19,Paid Search,PayPal
ORD-202692,2025-04-27,2025-05-03,CUST-3318,SKU-1020,3,83.43,10,225.26,132.0,93.26,Paid Search,PayPal
ORD-202653,2025-04-28,2025-05-02,CUST-3317,SKU-1019,4,24.74,0,98.96,44.0,54.96,Organic Search,PayPal
ORD-202653,2025-04-28,2025-05-02,CUST-3317,SKU-1019,3,23.79,0,71.37,33.0,38.37,Organic Search,PayPal
ORD-202653,2025-04-28,2025-05-02,CUST-3317,SKU-1019,5,24.75,10,111.38,55.0,56.38,Organic Search,PayPal
ORD-201912,2025-04-29,2025-05-05,CUST-3224,SKU-1003,3,11.43,5,32.58,18.9,13.68,Organic Search,Bank Transfer
ORD-201912,2025-04-29,2025-05-05,CUST-3224,SKU-1007,1,457.59,15,388.95,280.0,108.95,Organic Search,Bank Transfer
ORD-202162,2025-04-29,2025-05-02,CUST-3250,SKU-1006,2,10.01,15,17.02,9.6,7.42,Paid Search,PayPal
ORD-202717,2025-04-29,2025-05-02,CUST-3320,SKU-1007,1,464.83,5,441.59,280.0,161.59,Paid Search,Apple Pay
ORD-202717,2025-04-29,2025-05-02,CUST-3320,SKU-1012,2,18.54,0,37.08,13.0,24.08,Paid Search,Apple Pay
ORD-200341,2025-04-30,2025-05-07,CUST-3041,SKU-1020,3,77.65,20,186.36,132.0,54.36,Direct,PayPal
ORD-200341,2025-04-30,2025-05-07,CUST-3041,SKU-1019,3,25.25,0,75.75,33.0,42.75,Direct,PayPal
ORD-200341,2025-04-30,2025-05-07,CUST-3041,SKU-1019,5,23.94,0,119.7,55.0,64.7,Direct,PayPal
ORD-200596,2025-04-30,2025-05-07,CUST-3066,SKU-1020,2,77.95,20,124.72,88.0,36.72,Social,Apple Pay
ORD-200596,2025-04-30,2025-05-07,CUST-3066,SKU-1019,2,25.36,0,50.72,22.0,28.72,Social,Apple Pay
ORD-201236,2025-04-30,2025-05-05,CUST-3138,SKU-1019,3,24.79,15,63.21,33.0,30.21,Paid Search,Cash on Delivery
ORD-201236,2025-04-30,2025-05-05,CUST-3138,SKU-1010,1,42.45,0,42.45,19.5,22.95,Paid Search,Cash on Delivery
ORD-201236,2025-04-30,2025-05-05,CUST-3138,SKU-1002,3,13.32,10,35.96,22.2,13.76,Paid Search,Cash on Delivery
ORD-201495,2025-04-30,2025-05-06,CUST-3172,SKU-1019,5,24.97,0,124.85,55.0,69.85,Organic Search,Apple Pay
ORD-200035,2025-05-01,2025-05-08,CUST-3004,SKU-1020,4,77.91,10,280.48,176.0,104.48,Paid Search,Apple Pay
ORD-200035,2025-05-01,2025-05-08,CUST-3004,SKU-1019,3,24.35,0,73.05,33.0,40.05,Paid Search,Apple Pay
ORD-200035,2025-05-01,2025-05-08,CUST-3004,SKU-1019,4,24.27,0,97.08,44.0,53.08,Paid Search,Apple Pay
ORD-200478,2025-05-01,2025-05-02,CUST-3054,SKU-1020,4,78.88,10,283.97,176.0,107.97,Referral,PayPal
ORD-200893,2025-05-01,2025-05-07,CUST-3101,SKU-1018,2,27.12,0,54.24,27.0,27.24,Direct,Credit Card
ORD-200893,2025-05-01,2025-05-07,CUST-3101,SKU-1010,1,43.42,20,34.74,19.5,15.24,Direct,Credit Card
ORD-201632,2025-05-01,2025-05-06,CUST-3192,SKU-1001,3,14.88,0,44.64,24.6,20.04,Social,PayPal
ORD-201841,2025-05-01,2025-05-05,CUST-3218,SKU-1005,3,15.29,0,45.87,27.3,18.57,Organic Search,Bank Transfer
ORD-202529,2025-05-01,2025-05-03,CUST-3305,SKU-1008,1,128.61,0,128.61,74.0,54.61,Email,Credit Card
ORD-202529,2025-05-01,2025-05-03,CUST-3305,SKU-1006,3,10.27,0,30.81,14.4,16.41,Email,Credit Card
ORD-202973,2025-05-01,2025-05-06,CUST-3349,SKU-1019,3,25.16,5,71.71,33.0,38.71,Paid Search,Cash on Delivery
ORD-202973,2025-05-01,2025-05-06,CUST-3349,SKU-1019,3,24.77,5,70.59,33.0,37.59,Paid Search,Cash on Delivery
ORD-200036,2025-05-02,2025-05-04,CUST-3004,SKU-1019,5,23.56,0,117.8,55.0,62.8,Referral,Apple Pay
ORD-200036,2025-05-02,2025-05-04,CUST-3004,SKU-1003,4,11.71,0,46.84,25.2,21.64,Referral,Apple Pay
ORD-200495,2025-05-02,2025-05-03,CUST-3057,SKU-1017,2,40.48,10,72.86,42.0,30.86,Direct,Apple Pay
ORD-200495,2025-05-02,2025-05-03,CUST-3057,SKU-1007,1,458.96,20,367.17,280.0,87.17,Direct,Apple Pay
ORD-200495,2025-05-02,2025-05-03,CUST-3057,SKU-1014,4,11.79,0,47.16,16.4,30.76,Direct,Apple Pay
ORD-200566,2025-05-02,2025-05-03,CUST-3061,SKU-1020,5,82.05,0,410.25,220.0,190.25,Paid Search,Credit Card
ORD-200737,2025-05-02,2025-05-03,CUST-3081,SKU-1012,3,18.69,15,47.66,19.5,28.16,Organic Search,Cash on Delivery
ORD-200737,2025-05-02,2025-05-03,CUST-3081,SKU-1002,2,12.86,15,21.86,14.8,7.06,Organic Search,Cash on Delivery
ORD-200737,2025-05-02,2025-05-03,CUST-3081,SKU-1013,2,7.46,20,11.94,4.8,7.14,Organic Search,Cash on Delivery
ORD-201633,2025-05-02,2025-05-07,CUST-3192,SKU-1020,3,79.59,0,238.77,132.0,106.77,Direct,Apple Pay
ORD-201633,2025-05-02,2025-05-07,CUST-3192,SKU-1020,3,79.6,5,226.86,132.0,94.86,Direct,Apple Pay
ORD-201884,2025-05-02,2025-05-08,CUST-3220,SKU-1005,5,15.9,0,79.5,45.5,34.0,Social,Apple Pay
ORD-201884,2025-05-02,2025-05-08,CUST-3220,SKU-1016,5,9.0,0,45.0,15.0,30.0,Social,Apple Pay
ORD-202831,2025-05-02,2025-05-04,CUST-3330,SKU-1019,5,23.71,10,106.7,55.0,51.7,Organic Search,Bank Transfer
ORD-202831,2025-05-02,2025-05-04,CUST-3330,SKU-1016,4,8.78,0,35.12,12.0,23.12,Organic Search,Bank Transfer
ORD-202831,2025-05-02,2025-05-04,CUST-3330,SKU-1020,5,83.06,0,415.3,220.0,195.3,Organic Search,Bank Transfer
ORD-202974,2025-05-02,2025-05-04,CUST-3349,SKU-1020,3,83.61,10,225.75,132.0,93.75,Social,Cash on Delivery
ORD-200081,2025-05-03,2025-05-04,CUST-3007,SKU-1015,4,9.52,10,34.27,12.8,21.47,Referral,Cash on Delivery
ORD-200081,2025-05-03,2025-05-04,CUST-3007,SKU-1020,4,79.88,0,319.52,176.0,143.52,Referral,Cash on Delivery
ORD-200793,2025-05-03,2025-05-07,CUST-3088,SKU-1010,1,43.03,0,43.03,19.5,23.53,Email,Apple Pay
ORD-200895,2025-05-03,2025-05-08,CUST-3102,SKU-1010,1,42.16,10,37.94,19.5,18.44,Referral,Credit Card
ORD-200895,2025-05-03,2025-05-08,CUST-3102,SKU-1011,1,27.77,20,22.22,12.0,10.22,Referral,Credit Card
ORD-200990,2025-05-03,2025-05-04,CUST-3113,SKU-1007,1,475.27,5,451.51,280.0,171.51,Referral,Apple Pay
ORD-201149,2025-05-03,2025-05-05,CUST-3128,SKU-1020,3,80.1,10,216.27,132.0,84.27,Referral,Apple Pay
ORD-201237,2025-05-03,2025-05-04,CUST-3138,SKU-1019,3,25.25,0,75.75,33.0,42.75,Direct,Apple Pay
ORD-201237,2025-05-03,2025-05-04,CUST-3138,SKU-1020,3,79.18,0,237.54,132.0,105.54,Direct,Apple Pay
ORD-202766,2025-05-03,2025-05-08,CUST-3324,SKU-1005,2,15.13,0,30.26,18.2,12.06,Paid Search,PayPal
ORD-202766,2025-05-03,2025-05-08,CUST-3324,SKU-1011,1,29.26,0,29.26,12.0,17.26,Paid Search,PayPal
ORD-200106,2025-05-04,2025-05-06,CUST-3011,SKU-1012,2,18.02,0,36.04,13.0,23.04,Social,Bank Transfer
ORD-200865,2025-05-04,2025-05-07,CUST-3098,SKU-1013,2,7.51,15,12.77,4.8,7.97,Social,Bank Transfer
ORD-200865,2025-05-04,2025-05-07,CUST-3098,SKU-1014,2,12.37,0,24.74,8.2,16.54,Social,Bank Transfer
ORD-200865,2025-05-04,2025-05-07,CUST-3098,SKU-1015,2,9.26,20,14.82,6.4,8.42,Social,Bank Transfer
ORD-202919,2025-05-04,2025-05-07,CUST-3342,SKU-1020,2,80.96,0,161.92,88.0,73.92,Paid Search,Credit Card
ORD-200456,2025-05-05,2025-05-07,CUST-3053,SKU-1010,1,42.27,0,42.27,19.5,22.77,Organic Search,PayPal
ORD-200745,2025-05-05,2025-05-12,CUST-3084,SKU-1011,1,28.82,5,27.38,12.0,15.38,Paid Search,PayPal
ORD-200745,2025-05-05,2025-05-12,CUST-3084,SKU-1017,2,40.37,0,80.74,42.0,38.74,Paid Search,PayPal
ORD-200745,2025-05-05,2025-05-12,CUST-3084,SKU-1019,3,24.29,0,72.87,33.0,39.87,Paid Search,PayPal
ORD-201652,2025-05-05,2025-05-06,CUST-3197,SKU-1010,1,42.16,0,42.16,19.5,22.66,Social,Bank Transfer
ORD-202832,2025-05-05,2025-05-08,CUST-3330,SKU-1019,4,23.73,0,94.92,44.0,50.92,Organic Search,PayPal
ORD-202832,2025-05-05,2025-05-08,CUST-3330,SKU-1020,4,79.15,0,316.6,176.0,140.6,Organic Search,PayPal
ORD-202877,2025-05-05,2025-05-09,CUST-3334,SKU-1019,3,24.18,20,58.03,33.0,25.03,Social,PayPal
ORD-202975,2025-05-05,2025-05-10,CUST-3349,SKU-1020,3,80.92,10,218.48,132.0,86.48,Organic Search,PayPal
ORD-202975,2025-05-05,2025-05-10,CUST-3349,SKU-1019,4,25.33,5,96.25,44.0,52.25,Organic Search,PayPal
ORD-202975,2025-05-05,2025-05-10,CUST-3349,SKU-1020,4,82.74,0,330.96,176.0,154.96,Organic Search,PayPal
ORD-200037,2025-05-06,2025-05-07,CUST-3004,SKU-1020,5,82.42,10,370.89,220.0,150.89,Social,Bank Transfer
ORD-200567,2025-05-06,2025-05-09,CUST-3061,SKU-1019,5,25.08,0,125.4,55.0,70.4,Referral,Cash on Delivery
ORD-202414,2025-05-06,2025-05-12,CUST-3290,SKU-1014,1,12.05,5,11.45,4.1,7.35,Email,Cash on Delivery
ORD-200992,2025-05-07,2025-05-09,CUST-3114,SKU-1017,1,39.75,10,35.77,21.0,14.77,Referral,Bank Transfer
ORD-200992,2025-05-07,2025-05-09,CUST-3114,SKU-1005,1,14.87,0,14.87,9.1,5.77,Referral,Bank Transfer
ORD-200992,2025-05-07,2025-05-09,CUST-3114,SKU-1017,1,40.94,0,40.94,21.0,19.94,Referral,Bank Transfer
ORD-201514,2025-05-07,2025-05-14,CUST-3173,SKU-1003,2,11.68,10,21.02,12.6,8.42,Paid Search,Credit Card
ORD-201514,2025-05-07,2025-05-14,CUST-3173,SKU-1020,3,80.75,10,218.03,132.0,86.03,Paid Search,Credit Card
ORD-201514,2025-05-07,2025-05-14,CUST-3173,SKU-1019,2,24.07,20,38.51,22.0,16.51,Paid Search,Credit Card
ORD-201687,2025-05-07,2025-05-14,CUST-3204,SKU-1006,1,10.08,0,10.08,4.8,5.28,Referral,PayPal
ORD-201687,2025-05-07,2025-05-14,CUST-3204,SKU-1012,2,18.22,20,29.15,13.0,16.15,Referral,PayPal
ORD-202693,2025-05-07,2025-05-09,CUST-3318,SKU-1020,3,81.71,10,220.62,132.0,88.62,Paid Search,Bank Transfer
ORD-202693,2025-05-07,2025-05-09,CUST-3318,SKU-1006,4,10.45,20,33.44,19.2,14.24,Paid Search,Bank Transfer
ORD-200135,2025-05-08,2025-05-12,CUST-3015,SKU-1007,1,441.08,0,441.08,280.0,161.08,Email,Bank Transfer
ORD-200135,2025-05-08,2025-05-12,CUST-3015,SKU-1009,1,35.19,10,31.67,15.0,16.67,Email,Bank Transfer
ORD-201739,2025-05-08,2025-05-10,CUST-3212,SKU-1019,3,23.96,5,68.29,33.0,35.29,Referral,Cash on Delivery
ORD-202759,2025-05-08,2025-05-10,CUST-3322,SKU-1007,1,475.1,10,427.59,280.0,147.59,Direct,Apple Pay
ORD-202759,2025-05-08,2025-05-10,CUST-3322,SKU-1017,3,40.54,10,109.46,63.0,46.46,Direct,Apple Pay
ORD-200038,2025-05-09,2025-05-12,CUST-3004,SKU-1020,3,81.34,5,231.82,132.0,99.82,Organic Search,Credit Card
ORD-200038,2025-05-09,2025-05-12,CUST-3004,SKU-1020,5,81.7,0,408.5,220.0,188.5,Organic Search,Credit Card
ORD-200038,2025-05-09,2025-05-12,CUST-3004,SKU-1019,3,24.03,20,57.67,33.0,24.67,Organic Search,Credit Card
ORD-200922,2025-05-09,2025-05-12,CUST-3106,SKU-1015,3,9.43,15,24.05,9.6,14.45,Referral,Cash on Delivery
ORD-200922,2025-05-09,2025-05-12,CUST-3106,SKU-1001,5,15.23,0,76.15,41.0,35.15,Referral,Cash on Delivery
ORD-200922,2025-05-09,2025-05-12,CUST-3106,SKU-1008,1,131.55,20,105.24,74.0,31.24,Referral,Cash on Delivery
ORD-201112,2025-05-09,2025-05-13,CUST-3122,SKU-1020,2,80.21,5,152.4,88.0,64.4,Paid Search,Bank Transfer
ORD-201664,2025-05-09,2025-05-12,CUST-3199,SKU-1019,3,23.53,15,60.0,33.0,27.0,Referral,Bank Transfer
ORD-201664,2025-05-09,2025-05-12,CUST-3199,SKU-1015,2,9.17,20,14.67,6.4,8.27,Referral,Bank Transfer
ORD-202878,2025-05-09,2025-05-16,CUST-3334,SKU-1020,3,83.01,15,211.68,132.0,79.68,Direct,PayPal
ORD-200457,2025-05-10,2025-05-14,CUST-3053,SKU-1020,5,83.2,0,416.0,220.0,196.0,Email,Credit Card
ORD-200951,2025-05-10,2025-05-17,CUST-3110,SKU-1020,4,82.8,0,331.2,176.0,155.2,Paid Search,Bank Transfer
ORD-200951,2025-05-10,2025-05-17,CUST-3110,SKU-1012,4,17.96,10,64.66,26.0,38.66,Paid Search,Bank Transfer
ORD-201528,2025-05-10,2025-05-11,CUST-3179,SKU-1014,2,12.63,10,22.73,8.2,14.53,Social,Bank Transfer
ORD-201838,2025-05-10,2025-05-11,CUST-3217,SKU-1020,3,77.46,10,209.14,132.0,77.14,Paid Search,Cash on Delivery
ORD-201838,2025-05-10,2025-05-11,CUST-3217,SKU-1003,5,11.33,0,56.65,31.5,25.15,Paid Search,Cash on Delivery
ORD-202554,2025-05-10,2025-05-12,CUST-3310,SKU-1019,3,25.36,0,76.08,33.0,43.08,Social,Credit Card
ORD-202600,2025-05-10,2025-05-15,CUST-3311,SKU-1020,5,82.55,5,392.11,220.0,172.11,Organic Search,Apple Pay
ORD-202600,2025-05-10,2025-05-15,CUST-3311,SKU-1017,5,39.16,15,166.43,105.0,61.43,Organic Search,Apple Pay
ORD-201447,2025-05-11,2025-05-13,CUST-3169,SKU-1015,4,8.85,0,35.4,12.8,22.6,Direct,Bank Transfer
ORD-202156,2025-05-11,2025-05-17,CUST-3247,SKU-1014,3,11.81,0,35.43,12.3,23.13,Referral,Bank Transfer
ORD-202439,2025-05-11,2025-05-18,CUST-3297,SKU-1007,1,446.34,0,446.34,280.0,166.34,Direct,Bank Transfer
ORD-202439,2025-05-11,2025-05-18,CUST-3297,SKU-1001,2,14.57,10,26.23,16.4,9.83,Direct,Bank Transfer
ORD-202439,2025-05-11,2025-05-18,CUST-3297,SKU-1016,1,8.5,0,8.5,3.0,5.5,Direct,Bank Transfer
ORD-202833,2025-05-11,2025-05-16,CUST-3330,SKU-1019,5,24.25,0,121.25,55.0,66.25,Organic Search,Bank Transfer
ORD-202136,2025-05-12,2025-05-15,CUST-3246,SKU-1020,4,77.55,10,279.18,176.0,103.18,Direct,PayPal
ORD-202136,2025-05-12,2025-05-15,CUST-3246,SKU-1020,3,80.66,15,205.68,132.0,73.68,Direct,PayPal
ORD-202355,2025-05-12,2025-05-16,CUST-3287,SKU-1004,3,32.22,5,91.83,52.5,39.33,Organic Search,Apple Pay
ORD-200357,2025-05-13,2025-05-18,CUST-3043,SKU-1018,3,27.0,0,81.0,40.5,40.5,Paid Search,Credit Card
ORD-200794,2025-05-13,2025-05-15,CUST-3088,SKU-1019,3,24.43,0,73.29,33.0,40.29,Organic Search,Bank Transfer
ORD-201029,2025-05-13,2025-05-16,CUST-3118,SKU-1006,3,10.08,20,24.19,14.4,9.79,Social,PayPal
ORD-201029,2025-05-13,2025-05-16,CUST-3118,SKU-1019,5,24.54,0,122.7,55.0,67.7,Social,PayPal
ORD-201029,2025-05-13,2025-05-16,CUST-3118,SKU-1020,3,83.57,0,250.71,132.0,118.71,Social,PayPal
ORD-201096,2025-05-13,2025-05-15,CUST-3121,SKU-1019,4,24.13,0,96.52,44.0,52.52,Referral,Apple Pay
ORD-201943,2025-05-13,2025-05-15,CUST-3228,SKU-1007,1,446.56,0,446.56,280.0,166.56,Paid Search,Cash on Delivery
ORD-201943,2025-05-13,2025-05-15,CUST-3228,SKU-1020,4,83.61,0,334.44,176.0,158.44,Paid Search,Cash on Delivery
ORD-201943,2025-05-13,2025-05-15,CUST-3228,SKU-1006,2,10.06,5,19.11,9.6,9.51,Paid Search,Cash on Delivery
ORD-202943,2025-05-13,2025-05-19,CUST-3348,SKU-1015,3,9.2,0,27.6,9.6,18.0,Paid Search,Cash on Delivery
ORD-202191,2025-05-14,2025-05-16,CUST-3257,SKU-1013,4,7.49,10,26.96,9.6,17.36,Organic Search,Cash on Delivery
ORD-200458,2025-05-15,2025-05-20,CUST-3053,SKU-1001,4,14.78,0,59.12,32.8,26.32,Referral,Credit Card
ORD-200479,2025-05-15,2025-05-20,CUST-3054,SKU-1012,5,17.8,20,71.2,32.5,38.7,Social,Credit Card
ORD-200479,2025-05-15,2025-05-20,CUST-3054,SKU-1002,5,12.87,0,64.35,37.0,27.35,Social,Credit Card
ORD-200479,2025-05-15,2025-05-20,CUST-3054,SKU-1019,4,25.05,15,85.17,44.0,41.17,Social,Credit Card
ORD-200923,2025-05-15,2025-05-21,CUST-3107,SKU-1003,2,11.78,20,18.85,12.6,6.25,Referral,PayPal
ORD-202534,2025-05-15,2025-05-17,CUST-3308,SKU-1014,2,12.45,20,19.92,8.2,11.72,Referral,PayPal
ORD-200201,2025-05-16,2025-05-19,CUST-3024,SKU-1017,2,40.46,0,80.92,42.0,38.92,Paid Search,Credit Card
ORD-200201,2025-05-16,2025-05-19,CUST-3024,SKU-1013,2,7.94,0,15.88,4.8,11.08,Paid Search,Credit Card
ORD-200274,2025-05-16,2025-05-17,CUST-3036,SKU-1020,2,83.5,10,150.3,88.0,62.3,Direct,Apple Pay
ORD-200274,2025-05-16,2025-05-17,CUST-3036,SKU-1004,2,33.68,0,67.36,35.0,32.36,Direct,Apple Pay
ORD-201260,2025-05-16,2025-05-21,CUST-3142,SKU-1016,1,8.85,10,7.96,3.0,4.96,Referral,Cash on Delivery
ORD-201545,2025-05-16,2025-05-22,CUST-3183,SKU-1008,1,127.42,10,114.68,74.0,40.68,Social,Cash on Delivery
ORD-201545,2025-05-16,2025-05-22,CUST-3183,SKU-1004,2,33.79,0,67.58,35.0,32.58,Social,Cash on Delivery
ORD-201545,2025-05-16,2025-05-22,CUST-3183,SKU-1018,2,27.07,10,48.73,27.0,21.73,Social,Cash on Delivery
ORD-201546,2025-05-16,2025-05-22,CUST-3183,SKU-1016,1,8.54,0,8.54,3.0,5.54,Referral,Credit Card
ORD-201546,2025-05-16,2025-05-22,CUST-3183,SKU-1007,1,473.76,0,473.76,280.0,193.76,Referral,Credit Card
ORD-202260,2025-05-16,2025-05-18,CUST-3270,SKU-1010,1,41.82,10,37.64,19.5,18.14,Organic Search,Apple Pay
ORD-200136,2025-05-17,2025-05-22,CUST-3015,SKU-1019,2,25.11,10,45.2,22.0,23.2,Organic Search,Apple Pay
ORD-200136,2025-05-17,2025-05-22,CUST-3015,SKU-1019,2,24.33,0,48.66,22.0,26.66,Organic Search,Apple Pay
ORD-200136,2025-05-17,2025-05-22,CUST-3015,SKU-1006,4,9.9,5,37.62,19.2,18.42,Organic Search,Apple Pay
ORD-200597,2025-05-17,2025-05-24,CUST-3066,SKU-1019,4,24.29,0,97.16,44.0,53.16,Organic Search,Cash on Delivery
ORD-201332,2025-05-17,2025-05-19,CUST-3150,SKU-1003,4,11.92,0,47.68,25.2,22.48,Referral,Apple Pay
ORD-201332,2025-05-17,2025-05-19,CUST-3150,SKU-1011,1,27.5,0,27.5,12.0,15.5,Referral,Apple Pay
ORD-201665,2025-05-17,2025-05-22,CUST-3199,SKU-1003,2,12.13,0,24.26,12.6,11.66,Social,Credit Card
ORD-201803,2025-05-17,2025-05-22,CUST-3216,SKU-1020,3,81.97,0,245.91,132.0,113.91,Direct,Cash on Delivery
ORD-201803,2025-05-17,2025-05-22,CUST-3216,SKU-1016,5,8.66,20,34.64,15.0,19.64,Direct,Cash on Delivery
ORD-202157,2025-05-17,2025-05-18,CUST-3247,SKU-1020,3,82.05,20,196.92,132.0,64.92,Direct,Bank Transfer
ORD-202157,2025-05-17,2025-05-18,CUST-3247,SKU-1019,3,24.92,0,74.76,33.0,41.76,Direct,Bank Transfer
ORD-202411,2025-05-17,2025-05-18,CUST-3289,SKU-1019,5,23.81,0,119.05,55.0,64.05,Social,PayPal
ORD-202411,2025-05-17,2025-05-18,CUST-3289,SKU-1019,4,25.0,0,100.0,44.0,56.0,Social,PayPal
ORD-202749,2025-05-17,2025-05-22,CUST-3321,SKU-1002,4,13.48,0,53.92,29.6,24.32,Paid Search,PayPal
ORD-200137,2025-05-18,2025-05-19,CUST-3015,SKU-1020,3,81.17,0,243.51,132.0,111.51,Email,Bank Transfer
ORD-200137,2025-05-18,2025-05-19,CUST-3015,SKU-1010,1,44.16,0,44.16,19.5,24.66,Email,Bank Transfer
ORD-200137,2025-05-18,2025-05-19,CUST-3015,SKU-1020,4,83.43,10,300.35,176.0,124.35,Email,Bank Transfer
ORD-200683,2025-05-18,2025-05-24,CUST-3073,SKU-1001,3,14.67,0,44.01,24.6,19.41,Social,Bank Transfer
ORD-200683,2025-05-18,2025-05-24,CUST-3073,SKU-1019,4,24.8,10,89.28,44.0,45.28,Social,Bank Transfer
ORD-200924,2025-05-18,2025-05-23,CUST-3107,SKU-1018,3,26.51,0,79.53,40.5,39.03,Organic Search,Apple Pay
ORD-200924,2025-05-18,2025-05-23,CUST-3107,SKU-1002,2,12.9,0,25.8,14.8,11.0,Organic Search,Apple Pay
ORD-202440,2025-05-18,2025-05-19,CUST-3297,SKU-1009,1,34.91,0,34.91,15.0,19.91,Direct,Apple Pay
ORD-202440,2025-05-18,2025-05-19,CUST-3297,SKU-1017,2,39.94,0,79.88,42.0,37.88,Direct,Apple Pay
ORD-202440,2025-05-18,2025-05-19,CUST-3297,SKU-1019,1,25.03,0,25.03,11.0,14.03,Direct,Apple Pay
ORD-202528,2025-05-18,2025-05-22,CUST-3304,SKU-1019,4,23.65,15,80.41,44.0,36.41,Paid Search,Apple Pay
ORD-202528,2025-05-18,2025-05-22,CUST-3304,SKU-1019,5,25.17,0,125.85,55.0,70.85,Paid Search,Apple Pay
ORD-202528,2025-05-18,2025-05-22,CUST-3304,SKU-1019,3,24.14,10,65.18,33.0,32.18,Paid Search,Apple Pay
ORD-202533,2025-05-18,2025-05-25,CUST-3307,SKU-1014,2,11.92,15,20.26,8.2,12.06,Organic Search,Bank Transfer
ORD-202533,2025-05-18,2025-05-25,CUST-3307,SKU-1004,1,32.75,0,32.75,17.5,15.25,Organic Search,Bank Transfer
ORD-202750,2025-05-18,2025-05-22,CUST-3321,SKU-1019,4,23.95,10,86.22,44.0,42.22,Paid Search,PayPal
ORD-201394,2025-05-19,2025-05-24,CUST-3163,SKU-1009,1,36.0,5,34.2,15.0,19.2,Referral,Bank Transfer
ORD-201676,2025-05-19,2025-05-25,CUST-3202,SKU-1004,3,31.53,0,94.59,52.5,42.09,Email,Apple Pay
ORD-201676,2025-05-19,2025-05-25,CUST-3202,SKU-1001,2,15.32,5,29.11,16.4,12.71,Email,Apple Pay
ORD-201804,2025-05-19,2025-05-25,CUST-3216,SKU-1020,4,78.68,0,314.72,176.0,138.72,Organic Search,Cash on Delivery
ORD-201804,2025-05-19,2025-05-25,CUST-3216,SKU-1019,4,24.81,10,89.32,44.0,45.32,Organic Search,Cash on Delivery
ORD-202718,2025-05-19,2025-05-22,CUST-3320,SKU-1008,1,135.47,10,121.92,74.0,47.92,Paid Search,Apple Pay
ORD-202718,2025-05-19,2025-05-22,CUST-3320,SKU-1015,2,9.02,0,18.04,6.4,11.64,Paid Search,Apple Pay
ORD-202908,2025-05-19,2025-05-22,CUST-3341,SKU-1017,3,38.25,0,114.75,63.0,51.75,Social,PayPal
ORD-202908,2025-05-19,2025-05-22,CUST-3341,SKU-1003,1,12.03,10,10.83,6.3,4.53,Social,PayPal
ORD-200039,2025-05-20,2025-05-26,CUST-3004,SKU-1020,5,79.41,0,397.05,220.0,177.05,Social,Credit Card
ORD-200204,2025-05-20,2025-05-24,CUST-3025,SKU-1013,1,7.91,5,7.51,2.4,5.11,Email,Apple Pay
ORD-200204,2025-05-20,2025-05-24,CUST-3025,SKU-1011,1,28.4,0,28.4,12.0,16.4,Email,Apple Pay
ORD-200204,2025-05-20,2025-05-24,CUST-3025,SKU-1017,2,40.8,10,73.44,42.0,31.44,Email,Apple Pay
ORD-200254,2025-05-20,2025-05-21,CUST-3033,SKU-1019,2,25.36,0,50.72,22.0,28.72,Social,Credit Card
ORD-200598,2025-05-20,2025-05-22,CUST-3066,SKU-1020,3,83.01,0,249.03,132.0,117.03,Paid Search,Credit Card
ORD-200598,2025-05-20,2025-05-22,CUST-3066,SKU-1002,2,13.61,5,25.86,14.8,11.06,Paid Search,Credit Card
ORD-201718,2025-05-20,2025-05-21,CUST-3209,SKU-1018,2,26.87,15,45.68,27.0,18.68,Paid Search,Bank Transfer
ORD-201718,2025-05-20,2025-05-21,CUST-3209,SKU-1014,2,11.95,0,23.9,8.2,15.7,Paid Search,Bank Transfer
ORD-200822,2025-05-21,2025-05-24,CUST-3089,SKU-1019,5,24.57,0,122.85,55.0,67.85,Referral,Credit Card
ORD-200822,2025-05-21,2025-05-24,CUST-3089,SKU-1019,5,23.89,0,119.45,55.0,64.45,Referral,Credit Card
ORD-200937,2025-05-21,2025-05-28,CUST-3108,SKU-1019,4,25.0,0,100.0,44.0,56.0,Email,Cash on Delivery
ORD-200937,2025-05-21,2025-05-28,CUST-3108,SKU-1007,1,449.25,0,449.25,280.0,169.25,Email,Cash on Delivery
ORD-201634,2025-05-21,2025-05-23,CUST-3192,SKU-1013,5,7.55,0,37.75,12.0,25.75,Organic Search,Cash on Delivery
ORD-201634,2025-05-21,2025-05-23,CUST-3192,SKU-1019,3,25.43,0,76.29,33.0,43.29,Organic Search,Cash on Delivery
ORD-201952,2025-05-21,2025-05-25,CUST-3232,SKU-1011,1,27.54,0,27.54,12.0,15.54,Direct,Cash on Delivery
ORD-201952,2025-05-21,2025-05-25,CUST-3232,SKU-1015,1,9.25,15,7.86,3.2,4.66,Direct,Cash on Delivery
ORD-201952,2025-05-21,2025-05-25,CUST-3232,SKU-1013,3,7.91,10,21.36,7.2,14.16,Direct,Cash on Delivery
ORD-202976,2025-05-21,2025-05-24,CUST-3349,SKU-1010,1,43.14,20,34.51,19.5,15.01,Social,Cash on Delivery
ORD-202976,2025-05-21,2025-05-24,CUST-3349,SKU-1011,1,29.32,10,26.39,12.0,14.39,Social,Cash on Delivery
ORD-200404,2025-05-22,2025-05-27,CUST-3049,SKU-1006,2,10.21,0,20.42,9.6,10.82,Email,Credit Card
ORD-200657,2025-05-22,2025-05-23,CUST-3070,SKU-1019,3,24.05,10,64.94,33.0,31.94,Organic Search,Cash on Delivery
ORD-201156,2025-05-22,2025-05-25,CUST-3130,SKU-1013,2,7.74,5,14.71,4.8,9.91,Referral,PayPal
ORD-202840,2025-05-22,2025-05-29,CUST-3333,SKU-1013,3,7.89,15,20.12,7.2,12.92,Email,Cash on Delivery
ORD-200959,2025-05-23,2025-05-25,CUST-3112,SKU-1001,2,14.73,0,29.46,16.4,13.06,Social,Bank Transfer
ORD-201305,2025-05-23,2025-05-26,CUST-3143,SKU-1020,4,82.89,20,265.25,176.0,89.25,Direct,Cash on Delivery
ORD-201635,2025-05-23,2025-05-30,CUST-3192,SKU-1003,4,11.31,0,45.24,25.2,20.04,Direct,Apple Pay
ORD-202839,2025-05-23,2025-05-29,CUST-3332,SKU-1005,4,15.46,0,61.84,36.4,25.44,Organic Search,Cash on Delivery
ORD-202879,2025-05-23,2025-05-29,CUST-3334,SKU-1020,5,82.18,15,349.27,220.0,129.27,Direct,Bank Transfer
ORD-202879,2025-05-23,2025-05-29,CUST-3334,SKU-1017,4,41.0,15,139.4,84.0,55.4,Direct,Bank Transfer
ORD-202879,2025-05-23,2025-05-29,CUST-3334,SKU-1012,5,18.49,10,83.2,32.5,50.7,Direct,Bank Transfer
ORD-200832,2025-05-24,2025-05-31,CUST-3091,SKU-1015,3,8.93,0,26.79,9.6,17.19,Email,PayPal
ORD-200832,2025-05-24,2025-05-31,CUST-3091,SKU-1008,1,133.23,5,126.57,74.0,52.57,Email,PayPal
ORD-200952,2025-05-24,2025-05-25,CUST-3110,SKU-1002,4,13.2,15,44.88,29.6,15.28,Organic Search,PayPal
ORD-201351,2025-05-24,2025-05-29,CUST-3152,SKU-1002,2,13.64,0,27.28,14.8,12.48,Organic Search,Apple Pay
ORD-201677,2025-05-24,2025-05-26,CUST-3202,SKU-1003,4,11.5,20,36.8,25.2,11.6,Direct,Apple Pay
ORD-202160,2025-05-24,2025-05-25,CUST-3248,SKU-1016,3,8.74,10,23.6,9.0,14.6,Referral,Apple Pay
ORD-202160,2025-05-24,2025-05-25,CUST-3248,SKU-1011,1,27.49,0,27.49,12.0,15.49,Referral,Apple Pay
ORD-202160,2025-05-24,2025-05-25,CUST-3248,SKU-1010,1,43.31,0,43.31,19.5,23.81,Referral,Apple Pay
ORD-202694,2025-05-24,2025-05-25,CUST-3318,SKU-1002,3,13.14,5,37.45,22.2,15.25,Email,Bank Transfer
ORD-202694,2025-05-24,2025-05-25,CUST-3318,SKU-1004,4,32.64,0,130.56,70.0,60.56,Email,Bank Transfer
ORD-200658,2025-05-25,2025-05-26,CUST-3070,SKU-1007,1,448.71,0,448.71,280.0,168.71,Email,Cash on Delivery
ORD-200991,2025-05-25,2025-05-27,CUST-3113,SKU-1019,4,24.68,20,78.98,44.0,34.98,Organic Search,Bank Transfer
ORD-200991,2025-05-25,2025-05-27,CUST-3113,SKU-1020,3,78.48,0,235.44,132.0,103.44,Organic Search,Bank Transfer
ORD-200991,2025-05-25,2025-05-27,CUST-3113,SKU-1020,3,83.17,15,212.08,132.0,80.08,Organic Search,Bank Transfer
ORD-201030,2025-05-25,2025-05-28,CUST-3118,SKU-1019,5,24.57,10,110.56,55.0,55.56,Organic Search,Credit Card
ORD-201165,2025-05-25,2025-05-26,CUST-3132,SKU-1019,2,24.93,10,44.87,22.0,22.87,Email,Credit Card
ORD-201165,2025-05-25,2025-05-26,CUST-3132,SKU-1019,2,25.31,0,50.62,22.0,28.62,Email,Credit Card
ORD-201805,2025-05-25,2025-05-29,CUST-3216,SKU-1019,3,24.86,0,74.58,33.0,41.58,Email,Cash on Delivery
ORD-201805,2025-05-25,2025-05-29,CUST-3216,SKU-1016,3,8.92,10,24.08,9.0,15.08,Email,Cash on Delivery
ORD-202454,2025-05-25,2025-05-27,CUST-3300,SKU-1008,1,133.86,0,133.86,74.0,59.86,Referral,PayPal
ORD-202454,2025-05-25,2025-05-27,CUST-3300,SKU-1018,3,27.6,0,82.8,40.5,42.3,Referral,PayPal
ORD-200275,2025-05-26,2025-05-30,CUST-3036,SKU-1009,1,35.53,0,35.53,15.0,20.53,Email,Credit Card
ORD-201496,2025-05-26,2025-05-27,CUST-3172,SKU-1020,3,80.97,5,230.76,132.0,98.76,Email,PayPal
ORD-201496,2025-05-26,2025-05-27,CUST-3172,SKU-1020,4,80.14,5,304.53,176.0,128.53,Email,PayPal
ORD-201496,2025-05-26,2025-05-27,CUST-3172,SKU-1003,3,11.68,0,35.04,18.9,16.14,Email,PayPal
ORD-201539,2025-05-26,2025-06-01,CUST-3181,SKU-1016,2,8.7,15,14.79,6.0,8.79,Direct,Cash on Delivery
ORD-201539,2025-05-26,2025-06-01,CUST-3181,SKU-1007,1,457.05,15,388.49,280.0,108.49,Direct,Cash on Delivery
ORD-200726,2025-05-27,2025-06-02,CUST-3079,SKU-1004,2,33.55,0,67.1,35.0,32.1,Social,Bank Transfer
ORD-200795,2025-05-27,2025-06-02,CUST-3088,SKU-1019,4,23.76,0,95.04,44.0,51.04,Email,Bank Transfer
ORD-200795,2025-05-27,2025-06-02,CUST-3088,SKU-1019,3,23.88,10,64.48,33.0,31.48,Email,Bank Transfer
ORD-201540,2025-05-27,2025-05-30,CUST-3181,SKU-1002,3,13.09,0,39.27,22.2,17.07,Email,PayPal
ORD-201540,2025-05-27,2025-05-30,CUST-3181,SKU-1020,4,80.9,0,323.6,176.0,147.6,Email,PayPal
ORD-202078,2025-05-27,2025-05-28,CUST-3241,SKU-1002,5,13.57,15,57.67,37.0,20.67,Social,Apple Pay
ORD-202078,2025-05-27,2025-05-28,CUST-3241,SKU-1017,3,40.24,20,96.58,63.0,33.58,Social,Apple Pay
ORD-202078,2025-05-27,2025-05-28,CUST-3241,SKU-1020,3,81.7,0,245.1,132.0,113.1,Social,Apple Pay
ORD-202324,2025-05-27,2025-05-28,CUST-3280,SKU-1016,1,8.56,0,8.56,3.0,5.56,Direct,PayPal
ORD-202324,2025-05-27,2025-05-28,CUST-3280,SKU-1018,3,28.28,5,80.6,40.5,40.1,Direct,PayPal
ORD-202324,2025-05-27,2025-05-28,CUST-3280,SKU-1010,1,42.8,15,36.38,19.5,16.88,Direct,PayPal
ORD-201953,2025-05-28,2025-05-29,CUST-3232,SKU-1012,3,18.49,0,55.47,19.5,35.97,Organic Search,Apple Pay
ORD-201955,2025-05-28,2025-06-02,CUST-3233,SKU-1013,2,7.51,0,15.02,4.8,10.22,Email,Bank Transfer
ORD-200738,2025-05-29,2025-06-03,CUST-3081,SKU-1017,4,39.9,15,135.66,84.0,51.66,Paid Search,Credit Card
ORD-202337,2025-05-29,2025-06-03,CUST-3284,SKU-1006,2,10.26,0,20.52,9.6,10.92,Organic Search,Cash on Delivery
ORD-201009,2025-05-30,2025-06-01,CUST-3117,SKU-1010,1,41.72,5,39.63,19.5,20.13,Organic Search,Bank Transfer
ORD-201352,2025-05-30,2025-06-06,CUST-3152,SKU-1001,1,14.43,10,12.99,8.2,4.79,Direct,PayPal
ORD-201429,2025-05-30,2025-06-05,CUST-3167,SKU-1018,3,26.51,5,75.55,40.5,35.05,Direct,Cash on Delivery
ORD-201429,2025-05-30,2025-06-05,CUST-3167,SKU-1006,4,9.87,0,39.48,19.2,20.28,Direct,Cash on Delivery
ORD-201885,2025-05-30,2025-06-04,CUST-3220,SKU-1017,4,39.63,0,158.52,84.0,74.52,Referral,Apple Pay
ORD-202079,2025-05-30,2025-05-31,CUST-3241,SKU-1002,5,13.46,0,67.3,37.0,30.3,Organic Search,Credit Card
ORD-202555,2025-05-30,2025-05-31,CUST-3310,SKU-1008,1,127.29,0,127.29,74.0,53.29,Referral,Apple Pay
ORD-202556,2025-05-30,2025-06-01,CUST-3310,SKU-1009,1,34.54,10,31.09,15.0,16.09,Referral,Credit Card
ORD-202751,2025-05-30,2025-06-05,CUST-3321,SKU-1008,1,128.35,0,128.35,74.0,54.35,Referral,Credit Card
ORD-202751,2025-05-30,2025-06-05,CUST-3321,SKU-1010,1,44.12,15,37.5,19.5,18.0,Referral,Credit Card
ORD-202751,2025-05-30,2025-06-05,CUST-3321,SKU-1008,1,133.49,0,133.49,74.0,59.49,Referral,Credit Card
ORD-202903,2025-05-30,2025-06-01,CUST-3339,SKU-1004,3,33.48,0,100.44,52.5,47.94,Referral,PayPal
ORD-202903,2025-05-30,2025-06-01,CUST-3339,SKU-1008,1,128.0,20,102.4,74.0,28.4,Referral,PayPal
ORD-200599,2025-05-31,2025-06-05,CUST-3066,SKU-1019,4,23.6,10,84.96,44.0,40.96,Organic Search,Bank Transfer
ORD-200599,2025-05-31,2025-06-05,CUST-3066,SKU-1020,4,80.39,10,289.4,176.0,113.4,Organic Search,Bank Transfer
ORD-201051,2025-05-31,2025-06-05,CUST-3120,SKU-1009,1,35.64,0,35.64,15.0,20.64,Organic Search,Apple Pay
ORD-201806,2025-05-31,2025-06-01,CUST-3216,SKU-1019,4,23.81,0,95.24,44.0,51.24,Social,Credit Card
ORD-202137,2025-05-31,2025-06-05,CUST-3246,SKU-1019,3,24.0,20,57.6,33.0,24.6,Email,PayPal
ORD-202137,2025-05-31,2025-06-05,CUST-3246,SKU-1019,3,23.9,5,68.11,33.0,35.11,Email,PayPal
ORD-202137,2025-05-31,2025-06-05,CUST-3246,SKU-1020,5,80.5,0,402.5,220.0,182.5,Email,PayPal
ORD-202138,2025-05-31,2025-06-03,CUST-3246,SKU-1020,3,79.98,0,239.94,132.0,107.94,Paid Search,Apple Pay
ORD-202138,2025-05-31,2025-06-03,CUST-3246,SKU-1011,1,29.67,0,29.67,12.0,17.67,Paid Search,Apple Pay
ORD-202695,2025-05-31,2025-06-06,CUST-3318,SKU-1009,1,33.37,15,28.36,15.0,13.36,Referral,Credit Card
ORD-202695,2025-05-31,2025-06-06,CUST-3318,SKU-1019,4,24.85,0,99.4,44.0,55.4,Referral,Credit Card
